"layout","S","method","expected","observed"
"clustered",4,"fixed",5.90274675875823,8
"clustered",4,"fixed",5.42562550403857,8
"clustered",4,"fixed",5.20377675442221,8
"clustered",4,"fixed",5.05764871874397,8
"clustered",4,"fixed",4.9485042493189,8
"clustered",4,"fixed",4.8613540736,8
"clustered",4,"fixed",4.78880340645139,8
"clustered",4,"fixed",4.72665549970255,8
"clustered",4,"fixed",4.67229783737996,8
"clustered",4,"fixed",4.6239931578054,8
"clustered",4,"fixed",4.58052746402431,8
"clustered",4,"fixed",4.54101892274064,8
"clustered",4,"fixed",4.50480675008619,8
"clustered",4,"fixed",4.47138299459924,8
"clustered",4,"fixed",4.44034876085927,8
"clustered",4,"fixed",4.41138506492396,8
"clustered",4,"fixed",4.38423281888034,8
"clustered",4,"fixed",4.35867871440795,8
"clustered",4,"fixed",4.31168215173173,8
"clustered",4,"fixed",4.28996290203849,8
"clustered",4,"fixed",4.26927830317864,8
"clustered",4,"fixed",4.23064890082251,7.70340341654331
"clustered",4,"fixed",4.19517658266029,7.21277627511258
"clustered",4,"fixed",4.17847088915744,7.20833218241852
"clustered",4,"fixed",4.14687190308574,7.07292437951694
"clustered",4,"fixed",4.11741692374746,6.67054278477981
"clustered",4,"fixed",4.08983340211537,6.41637039173446
"clustered",4,"fixed",4.06389766802097,6.34872323660996
"clustered",4,"fixed",4.02768549536653,6.11032653884148
"clustered",4,"fixed",4.00511966746779,6.02907034657291
"clustered",4,"fixed",3.97332783304394,5.50085753733022
"clustered",4,"fixed",3.94370536643714,5.45343890082579
"clustered",4,"fixed",3.91597502449198,5.40171274863693
"clustered",4,"fixed",3.88990953405306,5.29744855219649
"clustered",4,"fixed",3.85742377997157,4.98042079201446
"clustered",4,"fixed",3.83456089701207,4.81119815264431
"clustered",4,"fixed",3.80583674575017,4.70856232126331
"clustered",4,"fixed",3.77241299026322,4.63379978345653
"clustered",4,"fixed",3.74741072129317,4.48752060605452
"clustered",4,"fixed",3.71805532794063,4.46484703395704
"clustered",4,"fixed",3.69055915435427,4.33394596103344
"clustered",4,"fixed",3.65970871007194,4.16039328474612
"clustered",4,"fixed",3.63557503035522,4.01692354942703
"clustered",4,"fixed",3.60389368234852,3.87372661929949
"clustered",4,"fixed",3.57846430346054,3.82345582466701
"clustered",4,"fixed",3.55056424064687,3.72264191922948
"clustered",4,"fixed",3.52072971618336,3.6535654469048
"clustered",4,"fixed",3.49281363542694,3.57520427078255
"clustered",4,"fixed",3.46341406492797,3.51503189217844
"clustered",4,"fixed",3.43587913840412,3.40622865719325
"clustered",4,"fixed",3.40720242121178,3.35928990672027
"clustered",4,"fixed",3.38030252525191,3.2840795736651
"clustered",4,"fixed",3.35007854264604,3.23151037078127
"clustered",4,"fixed",3.32182178308261,3.1668798178919
"clustered",4,"fixed",3.29529173554356,3.10230490606188
"clustered",4,"fixed",3.26625886240486,3.06300284635335
"clustered",4,"fixed",3.23904583336858,2.99713255797236
"clustered",4,"fixed",3.209899839481,2.90490677461515
"clustered",4,"fixed",3.18093614354568,2.87042997869321
"clustered",4,"fixed",3.15378389750207,2.8019728479167
"clustered",4,"fixed",3.12531993636892,2.74639534796116
"clustered",4,"fixed",3.09724590059983,2.69439113263582
"clustered",4,"fixed",3.0683260550767,2.63228890441962
"clustered",4,"fixed",3.04121234789919,2.59736744957119
"clustered",4,"fixed",3.01232573995732,2.55593769680749
"clustered",4,"fixed",2.98419222820796,2.51630785558925
"clustered",4,"fixed",2.9558034880604,2.46210226515999
"clustered",4,"fixed",2.9282350660209,2.4207633216214
"clustered",4,"fixed",2.89971728820461,2.3706352584366
"clustered",4,"fixed",2.87133829450661,2.32705456690784
"clustered",4,"fixed",2.84318334085696,2.29196828681371
"clustered",4,"fixed",2.81532030172194,2.25228472462977
"clustered",4,"fixed",2.78713624708393,2.21346498402011
"clustered",4,"fixed",2.75879564233427,2.16747405082301
"clustered",4,"fixed",2.731020305105,2.13026009044355
"clustered",4,"fixed",2.70271749220446,2.08972682738873
"clustered",4,"fixed",2.67460315116049,2.05673012195639
"clustered",4,"fixed",2.64626955251655,2.00807360073983
"clustered",4,"fixed",2.61831602491371,1.96235653040892
"clustered",4,"fixed",2.58993493254614,1.92830131511647
"clustered",4,"fixed",2.56170812708071,1.89160912519882
"clustered",4,"fixed",2.53371653694908,1.84770150636966
"clustered",4,"fixed",2.50532821640688,1.80885753445987
"clustered",4,"fixed",2.47737559231929,1.77034419624428
"clustered",4,"fixed",2.44927552503529,1.73700873740435
"clustered",4,"fixed",2.42087434844757,1.6985837933403
"clustered",4,"fixed",2.39287247375351,1.66750186700138
"clustered",4,"fixed",2.36455018040878,1.63382023976552
"clustered",4,"fixed",2.33654503990332,1.59181867973284
"clustered",4,"fixed",2.30846472994642,1.55426291307392
"clustered",4,"fixed",2.28022189635466,1.51995952319992
"clustered",4,"fixed",2.2519537191063,1.48506158069488
"clustered",4,"fixed",2.22395532439199,1.45137559960477
"clustered",4,"fixed",2.19577308258205,1.41445461977919
"clustered",4,"fixed",2.16754721033592,1.38090643234603
"clustered",4,"fixed",2.13939365001001,1.3533514553069
"clustered",4,"fixed",2.11126664273823,1.32211275704496
"clustered",4,"fixed",2.08313702600664,1.29071004074597
"clustered",4,"fixed",2.0549890703659,1.26064550002797
"clustered",4,"fixed",2.0268177738353,1.23164281400501
"clustered",4,"fixed",1.99862654528203,1.20262513487897
"clustered",4,"fixed",1.97052674488111,1.1714392416489
"clustered",4,"fixed",1.9423235516804,1.13981473242758
"clustered",4,"fixed",1.91423239292456,1.1070315083945
"clustered",4,"fixed",1.88600583147197,1.07890903527833
"clustered",4,"fixed",1.85793271122959,1.04722302924329
"clustered",4,"fixed",1.82972530439849,1.02014521773529
"clustered",4,"fixed",1.80158417654339,0.992011260565566
"clustered",4,"fixed",1.77341140584174,0.963607093180856
"clustered",4,"fixed",1.74525976937338,0.935862643597383
"clustered",4,"fixed",1.71711962308333,0.906850645585087
"clustered",4,"fixed",1.68899000635175,0.877793366047247
"clustered",4,"fixed",1.66082690560803,0.848332889152152
"clustered",4,"fixed",1.63269711549107,0.819502714087669
"clustered",4,"fixed",1.60452703540514,0.79074919808116
"clustered",4,"fixed",1.57639041272385,0.764550866008599
"clustered",4,"fixed",1.54823495901396,0.736198161332598
"clustered",4,"fixed",1.52009945560352,0.710013902905955
"clustered",4,"fixed",1.49191893091285,0.68448329872259
"clustered",4,"fixed",1.46377744502024,0.659035925253299
"clustered",4,"fixed",1.43562723174225,0.633307163809105
"clustered",4,"fixed",1.40749389868705,0.608643462399142
"clustered",4,"fixed",1.3793254843856,0.583702109612247
"clustered",4,"fixed",1.35118698111262,0.5604794729418
"clustered",4,"fixed",1.323020309912,0.537486647569883
"clustered",4,"fixed",1.29487372727342,0.514687834398584
"clustered",4,"fixed",1.26673052352939,0.491299222630153
"clustered",4,"fixed",1.23858446399624,0.469681367457735
"clustered",4,"fixed",1.21043753454144,0.447278991982543
"clustered",4,"fixed",1.18228148895005,0.425866664809811
"clustered",4,"fixed",1.15413240185291,0.405472834520688
"clustered",4,"fixed",1.1259802176421,0.385288606274071
"clustered",4,"fixed",1.09782398518523,0.365760529230762
"clustered",4,"fixed",1.06968255972673,0.347150408175703
"clustered",4,"fixed",1.04152907419641,0.330120164773248
"clustered",4,"fixed",1.01338341882865,0.312937881767169
"clustered",4,"fixed",0.98523599779267,0.297091403948759
"clustered",4,"fixed",0.95708618109562,0.281638119079179
"clustered",4,"fixed",0.928931047223266,0.267145753977369
"clustered",4,"fixed",0.900783847400289,0.253480613359489
"clustered",4,"fixed",0.872637058080007,0.239937437895382
"clustered",4,"fixed",0.844484005046529,0.227452304822421
"clustered",4,"fixed",0.816333534503278,0.215368372561375
"clustered",4,"fixed",0.788185811334903,0.203818226756958
"clustered",4,"fixed",0.760035133111501,0.192854131707727
"clustered",4,"fixed",0.731883903051631,0.182295597009252
"clustered",4,"fixed",0.703735234271818,0.172287132931075
"clustered",4,"fixed",0.675587914259073,0.16257813583185
"clustered",4,"fixed",0.647438063955982,0.153283147217594
"clustered",4,"fixed",0.61928948351318,0.144537556749597
"clustered",4,"fixed",0.591139099475624,0.136128226161654
"clustered",4,"fixed",0.56298734591988,0.127924916265103
"clustered",4,"fixed",0.534837604584377,0.119975857673153
"clustered",4,"fixed",0.506688711164398,0.112290396566978
"clustered",4,"fixed",0.478539945466011,0.104894107223632
"clustered",4,"fixed",0.450391355981621,0.0977454318607128
"clustered",4,"fixed",0.422241095027149,0.0907639183801939
"clustered",4,"fixed",0.394091819432369,0.0840401277214095
"clustered",4,"fixed",0.365942201564427,0.0774144536816638
"clustered",4,"fixed",0.337793232281903,0.0711029640253288
"clustered",4,"fixed",0.309643532745312,0.0647741381670306
"clustered",4,"fixed",0.281494637918282,0.0586693034557322
"clustered",4,"fixed",0.253344716186295,0.0525518021969478
"clustered",4,"fixed",0.225195464989481,0.0465890004038148
"clustered",4,"fixed",0.197046365064756,0.0407290765656213
"clustered",4,"fixed",0.168897337683575,0.0349593962337427
"clustered",4,"fixed",0.140747545622174,0.0292339044699629
"clustered",4,"fixed",0.112597464979722,0.023475449078919
"clustered",4,"fixed",0.0844489287033935,0.0177920961513618
"clustered",4,"fixed",0.0562989218380927,0.0120002708735912
"clustered",4,"fixed",0.028149569733049,0.00609199739698681
"clustered",4,"fixed",5.4329764708198e-07,1.11782217389467e-06
"gradient",4,"fixed",5.90279130685257,8
"gradient",4,"fixed",5.42567005213291,8
"gradient",4,"fixed",5.20382130251655,8
"gradient",4,"fixed",5.05769326683831,8
"gradient",4,"fixed",4.94854879741324,8
"gradient",4,"fixed",4.86139862169434,8
"gradient",4,"fixed",4.78884795454573,8
"gradient",4,"fixed",4.72670004779689,8
"gradient",4,"fixed",4.67234238547429,8
"gradient",4,"fixed",4.62403770589974,8
"gradient",4,"fixed",4.58057201211865,8
"gradient",4,"fixed",4.54106347083498,8
"gradient",4,"fixed",4.50485129818053,8
"gradient",4,"fixed",4.47142754269358,8
"gradient",4,"fixed",4.44039330895361,8
"gradient",4,"fixed",4.4114296130183,8
"gradient",4,"fixed",4.38427736697468,7.83544649547201
"gradient",4,"fixed",4.35872326250229,7.76037399162235
"gradient",4,"fixed",4.31172669982607,7.6284713515518
"gradient",4,"fixed",4.29000745013283,7.48932215944809
"gradient",4,"fixed",4.26932285127298,7.37025337290657
"gradient",4,"fixed",4.23069344891685,7.10744371792006
"gradient",4,"fixed",4.19522113075463,6.94176494981396
"gradient",4,"fixed",4.17851543725178,6.83664552273801
"gradient",4,"fixed",4.14691645118008,6.45296790257786
"gradient",4,"fixed",4.1174614718418,6.41840531962633
"gradient",4,"fixed",4.08987795020971,6.29220178700479
"gradient",4,"fixed",4.06394221611531,6.23979645553331
"gradient",4,"fixed",4.02773004346087,6.14032249591323
"gradient",4,"fixed",4.00516421556213,6.08629695227322
"gradient",4,"fixed",3.97337238113828,6.04068034744094
"gradient",4,"fixed",3.94374991453147,5.86002250661145
"gradient",4,"fixed",3.91601957258632,5.62402853278666
"gradient",4,"fixed",3.8899540821474,5.38304192959939
"gradient",4,"fixed",3.85746832806591,5.27421830310699
"gradient",4,"fixed",3.83460544510641,5.15784949542704
"gradient",4,"fixed",3.80588129384451,5.05907620933931
"gradient",4,"fixed",3.77245753835756,4.94741979985955
"gradient",4,"fixed",3.74745526938751,4.80182113451791
"gradient",4,"fixed",3.71809987603497,4.68426179185058
"gradient",4,"fixed",3.69060370244861,4.63674547203177
"gradient",4,"fixed",3.65975325816627,4.51746121948385
"gradient",4,"fixed",3.63561957844956,4.39513899562673
"gradient",4,"fixed",3.60393823044286,4.26976953649496
"gradient",4,"fixed",3.57850885155488,4.12563480062012
"gradient",4,"fixed",3.55060878874121,4.09032673882462
"gradient",4,"fixed",3.5207742642777,4.02321742395724
"gradient",4,"fixed",3.49285818352127,3.87373101794187
"gradient",4,"fixed",3.46345861302231,3.78555863621812
"gradient",4,"fixed",3.43592368649846,3.69364783662802
"gradient",4,"fixed",3.40724696930612,3.63492465932732
"gradient",4,"fixed",3.38034707334625,3.54697023714742
"gradient",4,"fixed",3.35012309074038,3.43057300961549
"gradient",4,"fixed",3.32186633117695,3.37631400424333
"gradient",4,"fixed",3.2953362836379,3.28217702733639
"gradient",4,"fixed",3.2663034104992,3.1930928687765
"gradient",4,"fixed",3.23721031583462,3.11856250066505
"gradient",4,"fixed",3.20994438757534,3.04520059005887
"gradient",4,"fixed",3.18098069164002,2.98118407302756
"gradient",4,"fixed",3.15382844559641,2.92601814500779
"gradient",4,"fixed",3.12536448446326,2.87665275515282
"gradient",4,"fixed",3.09729044869417,2.83496795955015
"gradient",4,"fixed",3.06837060317104,2.75375659603941
"gradient",4,"fixed",3.04125689599353,2.69358101751019
"gradient",4,"fixed",3.01237028805165,2.64145528197087
"gradient",4,"fixed",2.9842367763023,2.5817053536459
"gradient",4,"fixed",2.95584803615474,2.54598271915982
"gradient",4,"fixed",2.92827961411524,2.50467021558113
"gradient",4,"fixed",2.89976183629895,2.45355617742333
"gradient",4,"fixed",2.87138284260094,2.40336723321416
"gradient",4,"fixed",2.8432278889513,2.35789586233886
"gradient",4,"fixed",2.81536484981628,2.31024065474794
"gradient",4,"fixed",2.78718079517827,2.2561710814393
"gradient",4,"fixed",2.75884019042861,2.20049035697785
"gradient",4,"fixed",2.73106485319934,2.1586653300794
"gradient",4,"fixed",2.7027620402988,2.11382775197763
"gradient",4,"fixed",2.67464769925483,2.08173992864015
"gradient",4,"fixed",2.64631410061089,2.03963515068291
"gradient",4,"fixed",2.61790959219712,1.99492131194723
"gradient",4,"fixed",2.58997948064048,1.9495381482134
"gradient",4,"fixed",2.56175267517505,1.90352042379651
"gradient",4,"fixed",2.53376108504342,1.86572243610701
"gradient",4,"fixed",2.50537276450122,1.82612084465208
"gradient",4,"fixed",2.47742014041363,1.78152267612414
"gradient",4,"fixed",2.44901444716213,1.74800345040717
"gradient",4,"fixed",2.42091889654191,1.71027508662763
"gradient",4,"fixed",2.39291702184785,1.6719808742904
"gradient",4,"fixed",2.36459472850311,1.64134504375843
"gradient",4,"fixed",2.33658958799766,1.60803904091648
"gradient",4,"fixed",2.30828826303248,1.5768208519482
"gradient",4,"fixed",2.280266444449,1.54373670210599
"gradient",4,"fixed",2.25199826720064,1.50513848930505
"gradient",4,"fixed",2.2238179309328,1.47004863572368
"gradient",4,"fixed",2.19581763067639,1.43826541117614
"gradient",4,"fixed",2.16759175843026,1.40616788188233
"gradient",4,"fixed",2.13943819810435,1.37418748981818
"gradient",4,"fixed",2.11131119083257,1.33816595360069
"gradient",4,"fixed",2.08318157410098,1.30527393261439
"gradient",4,"fixed",2.05503361846024,1.27217021525067
"gradient",4,"fixed",2.02686232192964,1.24198070104559
"gradient",4,"fixed",1.99867109337637,1.20812349459718
"gradient",4,"fixed",1.97046977486328,1.17902240096984
"gradient",4,"fixed",1.94236809977474,1.14821386109225
"gradient",4,"fixed",1.9141877635069,1.11419218680092
"gradient",4,"fixed",1.88605037956631,1.08143340049549
"gradient",4,"fixed",1.85789892337821,1.05078254390927
"gradient",4,"fixed",1.82976985249283,1.02082761071816
"gradient",4,"fixed",1.80162872463773,0.98712622945151
"gradient",4,"fixed",1.77345595393608,0.957644043900057
"gradient",4,"fixed",1.74530431746772,0.928508832772047
"gradient",4,"fixed",1.71716417117767,0.898582335227375
"gradient",4,"fixed",1.68898146221107,0.869168130981222
"gradient",4,"fixed",1.66087145370237,0.838523352471752
"gradient",4,"fixed",1.63269502543224,0.810517644585373
"gradient",4,"fixed",1.60452787431245,0.781995254218916
"gradient",4,"fixed",1.57639399350546,0.754686775577246
"gradient",4,"fixed",1.54824111134469,0.726671381368117
"gradient",4,"fixed",1.52010801641893,0.699606152373053
"gradient",4,"fixed",1.49192975263597,0.674061369308743
"gradient",4,"fixed",1.46379038277307,0.647083228395761
"gradient",4,"fixed",1.43564215336261,0.622356761648269
"gradient",4,"fixed",1.40748291217795,0.597605323641876
"gradient",4,"fixed",1.37934400812219,0.571984385585159
"gradient",4,"fixed",1.35118274714722,0.548634723433827
"gradient",4,"fixed",1.32304199799571,0.525415094558403
"gradient",4,"fixed",1.29489684988765,0.502034270062627
"gradient",4,"fixed",1.26673491030299,0.480011798625518
"gradient",4,"fixed",1.23859137091425,0.458156650639596
"gradient",4,"fixed",1.21044680354054,0.436758834029342
"gradient",4,"fixed",1.18229297250322,0.415562552194987
"gradient",4,"fixed",1.15414596045569,0.395284554458412
"gradient",4,"fixed",1.12599572128094,0.375434072810504
"gradient",4,"fixed",1.09784131203871,0.356371726558228
"gradient",4,"fixed",1.06968883837044,0.33850840758218
"gradient",4,"fixed",1.04153775488686,0.321268035472066
"gradient",4,"fixed",1.01339435019708,0.304851943010775
"gradient",4,"fixed",0.985238536868716,0.288800899739822
"gradient",4,"fixed",0.957091356595446,0.27425747144195
"gradient",4,"fixed",0.928938694147623,0.260051695761113
"gradient",4,"fixed",0.900793809991806,0.246198778423176
"gradient",4,"fixed",0.872641087581812,0.233655826027056
"gradient",4,"fixed",0.844490577722269,0.221545587281862
"gradient",4,"fixed",0.81634249052401,0.209734724071392
"gradient",4,"fixed",0.78819032952098,0.198038916122002
"gradient",4,"fixed",0.76004216359513,0.187421224684494
"gradient",4,"fixed",0.731893288210791,0.177168968951383
"gradient",4,"fixed",0.703741333671675,0.167430997544197
"gradient",4,"fixed",0.675591278701222,0.158253054382319
"gradient",4,"fixed",0.647444013028445,0.149258221502417
"gradient",4,"fixed",0.619293333033606,0.140652330253773
"gradient",4,"fixed",0.591141265178714,0.132532555338587
"gradient",4,"fixed",0.562992171655158,0.12449041816843
"gradient",4,"fixed",0.534844923235779,0.116924591823583
"gradient",4,"fixed",0.506694877068531,0.1095539348739
"gradient",4,"fixed",0.478545249935288,0.102289085344408
"gradient",4,"fixed",0.45039299338731,0.0953435362540692
"gradient",4,"fixed",0.422245425482633,0.0885882261164172
"gradient",4,"fixed",0.394095981564591,0.0819587007183798
"gradient",4,"fixed",0.365946374936776,0.0755844484162582
"gradient",4,"fixed",0.337795209557774,0.069299503389628
"gradient",4,"fixed",0.309645965178397,0.06322268417105
"gradient",4,"fixed",0.281495558578945,0.0570815875808756
"gradient",4,"fixed",0.253346427825248,0.05125967795095
"gradient",4,"fixed",0.225198040098197,0.0454179581947747
"gradient",4,"fixed",0.197048153666598,0.0397140149400746
"gradient",4,"fixed",0.168898603808989,0.0341422587229501
"gradient",4,"fixed",0.140748523340656,0.0285880316538261
"gradient",4,"fixed",0.112598361000257,0.0230622311066324
"gradient",4,"fixed",0.0844499247438752,0.0174698178800689
"gradient",4,"fixed",0.0563001774122618,0.0118271605263333
"gradient",4,"fixed",0.0281500645029352,0.00604453103794771
"gradient",4,"fixed",5.43241920745931e-07,1.54113477386178e-07
"clustered",10,"fixed",5.90308998699194,8
"clustered",10,"fixed",5.42596873227228,8
"clustered",10,"fixed",5.20411998265593,8
"clustered",10,"fixed",5.05799194697769,8
"clustered",10,"fixed",4.94884747755262,8
"clustered",10,"fixed",4.86169730183372,8
"clustered",10,"fixed",4.78914663468511,8
"clustered",10,"fixed",4.72699872793626,8
"clustered",10,"fixed",4.67264106561367,8
"clustered",10,"fixed",4.62433638603911,8
"clustered",10,"fixed",4.58087069225802,8
"clustered",10,"fixed",4.54136215097435,8
"clustered",10,"fixed",4.50514997831991,8
"clustered",10,"fixed",4.47172622283296,8
"clustered",10,"fixed",4.44069198909299,8
"clustered",10,"fixed",4.41172829315767,8
"clustered",10,"fixed",4.38457604711406,8
"clustered",10,"fixed",4.35902194264167,8
"clustered",10,"fixed",4.31202537996544,8
"clustered",10,"fixed",4.29030613027221,8
"clustered",10,"fixed",4.26962153141236,8
"clustered",10,"fixed",4.23099212905623,7.85031132122253
"clustered",10,"fixed",4.19551981089401,7.56847994623193
"clustered",10,"fixed",4.17881411739115,7.47847573533101
"clustered",10,"fixed",4.14721513131945,6.99998383393995
"clustered",10,"fixed",4.11776015198118,6.93538218313529
"clustered",10,"fixed",4.09017663034909,6.69052494043746
"clustered",10,"fixed",4.06424089625469,6.59795349618077
"clustered",10,"fixed",4.02802872360024,6.36575854414641
"clustered",10,"fixed",4.0054628957015,6.13065035827578
"clustered",10,"fixed",3.97367106127765,6.06384040742357
"clustered",10,"fixed",3.94404859467085,5.84380067598397
"clustered",10,"fixed",3.9163182527257,5.72943625527517
"clustered",10,"fixed",3.89025276228677,5.37836542990298
"clustered",10,"fixed",3.85776700820529,5.21802942034868
"clustered",10,"fixed",3.83490412524578,5.11066386527494
"clustered",10,"fixed",3.80617997398389,5.02357152060387
"clustered",10,"fixed",3.77275621849694,4.92838614871764
"clustered",10,"fixed",3.74775394952688,4.81939870320476
"clustered",10,"fixed",3.71839855617434,4.70262601637685
"clustered",10,"fixed",3.69090238258799,4.60786077996169
"clustered",10,"fixed",3.66005193830565,4.49626683694257
"clustered",10,"fixed",3.63591825858893,4.43833452234501
"clustered",10,"fixed",3.60423691058224,4.3739076721092
"clustered",10,"fixed",3.57880753169425,4.30638197197662
"clustered",10,"fixed",3.54706412979882,4.18567202806359
"clustered",10,"fixed",3.52107294441708,4.11009326842528
"clustered",10,"fixed",3.49315686366065,3.97594119547508
"clustered",10,"fixed",3.46375729316168,3.90416127202388
"clustered",10,"fixed",3.43622236663783,3.80506405233115
"clustered",10,"fixed",3.40754564944549,3.74650951106402
"clustered",10,"fixed",3.38064575348562,3.69377112948857
"clustered",10,"fixed",3.35042177087975,3.60715181742298
"clustered",10,"fixed",3.32216501131632,3.51178255771701
"clustered",10,"fixed",3.29563496377728,3.45409965535245
"clustered",10,"fixed",3.26660209063858,3.38698516150756
"clustered",10,"fixed",3.23750899597399,3.30210526962633
"clustered",10,"fixed",3.21024306771471,3.22659355860376
"clustered",10,"fixed",3.1812793717794,3.17265879004026
"clustered",10,"fixed",3.15412712573578,3.10405538696702
"clustered",10,"fixed",3.12566316460263,3.03084858154754
"clustered",10,"fixed",3.09758912883354,2.97698444135025
"clustered",10,"fixed",3.06866928331041,2.91765794134682
"clustered",10,"fixed",3.04036245867397,2.8679751216088
"clustered",10,"fixed",3.01266896819103,2.81647308636838
"clustered",10,"fixed",2.98453545644167,2.75682753365173
"clustered",10,"fixed",2.95614671629412,2.70638872724217
"clustered",10,"fixed",2.92857829425462,2.65469348466142
"clustered",10,"fixed",2.90006051643833,2.60805609870798
"clustered",10,"fixed",2.87168152274032,2.55879247783476
"clustered",10,"fixed",2.84352656909068,2.51650632829622
"clustered",10,"fixed",2.81566352995566,2.46026241980309
"clustered",10,"fixed",2.78747947531764,2.41972705108363
"clustered",10,"fixed",2.75913887056798,2.37392681854285
"clustered",10,"fixed",2.73077901846999,2.3291281106425
"clustered",10,"fixed",2.7025130602371,2.28616748587022
"clustered",10,"fixed",2.67443302888301,2.23317572036731
"clustered",10,"fixed",2.64661278075027,2.1872455677791
"clustered",10,"fixed",2.61820827233649,2.15091321429562
"clustered",10,"fixed",2.59027816077986,2.11016534901244
"clustered",10,"fixed",2.56205135531442,2.06973853682334
"clustered",10,"fixed",2.53368857329532,2.03282054926414
"clustered",10,"fixed",2.5056714446406,1.98862543130252
"clustered",10,"fixed",2.47739277362935,1.94605860081977
"clustered",10,"fixed",2.4493131273015,1.90489937691875
"clustered",10,"fixed",2.42121757668128,1.86539569651622
"clustered",10,"fixed",2.39294728758937,1.8280789132197
"clustered",10,"fixed",2.36489340864249,1.79315349994639
"clustered",10,"fixed",2.33665249479687,1.75596394918329
"clustered",10,"fixed",2.30858694317185,1.71852437112677
"clustered",10,"fixed",2.28035802182722,1.68812003064796
"clustered",10,"fixed",2.2521028926085,1.65487627865683
"clustered",10,"fixed",2.22393474570859,1.61763940597347
"clustered",10,"fixed",2.1959457986495,1.57838640928413
"clustered",10,"fixed",2.16773065399023,1.55036027238338
"clustered",10,"fixed",2.13958712152435,1.51338969576786
"clustered",10,"fixed",2.11132918297904,1.47826206072773
"clustered",10,"fixed",2.0832171650414,1.44143121247366
"clustered",10,"fixed",2.05508571549468,1.40695195213155
"clustered",10,"fixed",2.02692990216632,1.37165915212477
"clustered",10,"fixed",1.99875319478945,1.33189279877378
"clustered",10,"fixed",1.9706669606152,1.29797501666834
"clustered",10,"fixed",1.94247652934403,1.26390737090221
"clustered",10,"fixed",1.9143081435383,1.22619918189419
"clustered",10,"fixed",1.88618194301987,1.19289361606601
"clustered",10,"fixed",1.85804097400298,1.15796345742293
"clustered",10,"fixed",1.82984833937994,1.12295542232407
"clustered",10,"fixed",1.80172102374269,1.08868827718707
"clustered",10,"fixed",1.77356121313317,1.0544191665976
"clustered",10,"fixed",1.74542171425317,1.02027253811143
"clustered",10,"fixed",1.7172363170578,0.987517114602079
"clustered",10,"fixed",1.68906783829151,0.957631579374596
"clustered",10,"fixed",1.66092139701828,0.926143664130144
"clustered",10,"fixed",1.63280720302673,0.895626576675881
"clustered",10,"fixed",1.60465176168118,0.864176446343909
"clustered",10,"fixed",1.5764878950283,0.833581337924777
"clustered",10,"fixed",1.54830948816067,0.801871951775235
"clustered",10,"fixed",1.52019083548511,0.770799102611432
"clustered",10,"fixed",1.49202612953102,0.739851543758236
"clustered",10,"fixed",1.46386785492008,0.708308376169308
"clustered",10,"fixed",1.43570389443959,0.678950175324159
"clustered",10,"fixed",1.40755952489021,0.650298902165651
"clustered",10,"fixed",1.37940853919119,0.620957258520811
"clustered",10,"fixed",1.35126197580041,0.592181379844493
"clustered",10,"fixed",1.32311214418506,0.565787173446439
"clustered",10,"fixed",1.29495991948164,0.5391237443189
"clustered",10,"fixed",1.2668127695399,0.513854343562964
"clustered",10,"fixed",1.2386642724811,0.488186427140723
"clustered",10,"fixed",1.21049861022394,0.464433536989575
"clustered",10,"fixed",1.18236027131292,0.441394751028219
"clustered",10,"fixed",1.15419680423665,0.418510010143463
"clustered",10,"fixed",1.12604760194209,0.397276076500564
"clustered",10,"fixed",1.09789507775913,0.376616355566484
"clustered",10,"fixed",1.06974522360231,0.356750138347925
"clustered",10,"fixed",1.04159739467129,0.338915298690131
"clustered",10,"fixed",1.01344658715668,0.321161441443359
"clustered",10,"fixed",0.985295743978522,0.304647617734905
"clustered",10,"fixed",0.957144038856946,0.288659977461186
"clustered",10,"fixed",0.928988373366829,0.273329976523461
"clustered",10,"fixed",0.900841827571228,0.25924564811328
"clustered",10,"fixed",0.872688636788261,0.245764974112816
"clustered",10,"fixed",0.844538703345904,0.23287707741357
"clustered",10,"fixed",0.816384993804243,0.221034355220647
"clustered",10,"fixed",0.788235572553884,0.209938041141809
"clustered",10,"fixed",0.7600845601012,0.199216610406192
"clustered",10,"fixed",0.731928337044966,0.189059625156676
"clustered",10,"fixed",0.703776457277857,0.179068118053516
"clustered",10,"fixed",0.675627504825393,0.169546739212991
"clustered",10,"fixed",0.647477417718898,0.160561163341633
"clustered",10,"fixed",0.61932530582297,0.151927244785861
"clustered",10,"fixed",0.591173031319814,0.143710635995424
"clustered",10,"fixed",0.563024805665326,0.135669341809296
"clustered",10,"fixed",0.534871925083772,0.127680299438541
"clustered",10,"fixed",0.506721489850023,0.120178764150445
"clustered",10,"fixed",0.478569323945867,0.112746666861344
"clustered",10,"fixed",0.450418983252957,0.105438731110385
"clustered",10,"fixed",0.422268427810497,0.0983722262573128
"clustered",10,"fixed",0.394117446151734,0.0914625349415129
"clustered",10,"fixed",0.365965058740219,0.0847042547048033
"clustered",10,"fixed",0.337814917628098,0.0780650158968511
"clustered",10,"fixed",0.309663240209958,0.0715435928340344
"clustered",10,"fixed",0.281511805195767,0.0651740247951437
"clustered",10,"fixed",0.253360936680144,0.0587675800805348
"clustered",10,"fixed",0.225208493672614,0.0525408955825429
"clustered",10,"fixed",0.197057890007013,0.0462017605644382
"clustered",10,"fixed",0.168907245781463,0.039921884874404
"clustered",10,"fixed",0.14075584506493,0.033590414139905
"clustered",10,"fixed",0.112604263234583,0.0271268237040434
"clustered",10,"fixed",0.0844544130018414,0.0205554299008797
"clustered",10,"fixed",0.0563021107564213,0.01394507311057
"clustered",10,"fixed",0.0281520807506487,0.00704682055643734
"clustered",10,"fixed",5.4286844165136e-07,2.21152005573429e-07
"gradient",10,"fixed",5.90308998699194,8
"gradient",10,"fixed",5.42596873227228,8
"gradient",10,"fixed",5.20411998265593,8
"gradient",10,"fixed",5.05799194697769,8
"gradient",10,"fixed",4.94884747755262,8
"gradient",10,"fixed",4.86169730183372,8
"gradient",10,"fixed",4.78914663468511,8
"gradient",10,"fixed",4.72699872793626,8
"gradient",10,"fixed",4.67264106561367,8
"gradient",10,"fixed",4.62433638603911,8
"gradient",10,"fixed",4.58087069225802,8
"gradient",10,"fixed",4.54136215097435,8
"gradient",10,"fixed",4.50514997831991,8
"gradient",10,"fixed",4.47172622283296,8
"gradient",10,"fixed",4.44069198909299,8
"gradient",10,"fixed",4.41172829315767,8
"gradient",10,"fixed",4.38457604711406,7.88057499076854
"gradient",10,"fixed",4.35902194264167,7.84667635098257
"gradient",10,"fixed",4.31202537996544,7.78960270849435
"gradient",10,"fixed",4.29030613027221,7.75184974807968
"gradient",10,"fixed",4.26962153141236,7.66387704116466
"gradient",10,"fixed",4.23099212905623,7.48663486592954
"gradient",10,"fixed",4.19551981089401,7.40360155678894
"gradient",10,"fixed",4.17881411739115,7.17541969294361
"gradient",10,"fixed",4.14721513131945,7.07292484833546
"gradient",10,"fixed",4.11776015198118,6.65876894176776
"gradient",10,"fixed",4.09017663034909,6.34554246211466
"gradient",10,"fixed",4.06424089625469,6.22876978748717
"gradient",10,"fixed",4.02802872360024,5.87732209884317
"gradient",10,"fixed",4.0054628957015,5.76377276706659
"gradient",10,"fixed",3.97367106127765,5.6778030889012
"gradient",10,"fixed",3.94404859467085,5.53892037938473
"gradient",10,"fixed",3.9163182527257,5.4390149793352
"gradient",10,"fixed",3.89025276228677,5.3396724575179
"gradient",10,"fixed",3.85776700820529,5.18013285166646
"gradient",10,"fixed",3.83490412524578,5.02029363273965
"gradient",10,"fixed",3.80617997398389,4.9664723192294
"gradient",10,"fixed",3.77275621849694,4.72398284827562
"gradient",10,"fixed",3.74775394952688,4.633896010299
"gradient",10,"fixed",3.71839855617434,4.57064436095304
"gradient",10,"fixed",3.69090238258799,4.44067753810019
"gradient",10,"fixed",3.66005193830565,4.25326935527476
"gradient",10,"fixed",3.63591825858893,4.19677445207631
"gradient",10,"fixed",3.60423691058224,4.08528490412386
"gradient",10,"fixed",3.57880753169425,4.02096789472587
"gradient",10,"fixed",3.54706412979882,3.92338442169781
"gradient",10,"fixed",3.52107294441708,3.8657978432969
"gradient",10,"fixed",3.49315686366065,3.74422608957039
"gradient",10,"fixed",3.46375729316168,3.67509297732641
"gradient",10,"fixed",3.43622236663783,3.54076363456148
"gradient",10,"fixed",3.40754564944549,3.41328731947588
"gradient",10,"fixed",3.38064575348562,3.35426891914946
"gradient",10,"fixed",3.35042177087975,3.28766734350208
"gradient",10,"fixed",3.32216501131632,3.20989837384919
"gradient",10,"fixed",3.29563496377728,3.14149284529619
"gradient",10,"fixed",3.26660209063858,3.06218069588434
"gradient",10,"fixed",3.23750899597399,3.00601644861026
"gradient",10,"fixed",3.21024306771471,2.95793703566487
"gradient",10,"fixed",3.1812793717794,2.9166006968012
"gradient",10,"fixed",3.15412712573578,2.84937836165144
"gradient",10,"fixed",3.12566316460263,2.78058729375061
"gradient",10,"fixed",3.09758912883354,2.71297781479079
"gradient",10,"fixed",3.06866928331041,2.66128344915948
"gradient",10,"fixed",3.04036245867397,2.59634101163909
"gradient",10,"fixed",3.01266896819103,2.54362681138175
"gradient",10,"fixed",2.98453545644167,2.4899297904707
"gradient",10,"fixed",2.95614671629412,2.44861012939504
"gradient",10,"fixed",2.92857829425462,2.39687091377778
"gradient",10,"fixed",2.90006051643833,2.34790075381927
"gradient",10,"fixed",2.87168152274032,2.30403519392784
"gradient",10,"fixed",2.84352656909068,2.26971122966184
"gradient",10,"fixed",2.81566352995566,2.22433579159197
"gradient",10,"fixed",2.78747947531764,2.1829043346247
"gradient",10,"fixed",2.75913887056798,2.14034299704391
"gradient",10,"fixed",2.73077901846999,2.0942508138
"gradient",10,"fixed",2.7025130602371,2.05535590808527
"gradient",10,"fixed",2.67443302888301,2.01693546657014
"gradient",10,"fixed",2.64661278075027,1.97134375167559
"gradient",10,"fixed",2.61820827233649,1.92368072074197
"gradient",10,"fixed",2.59027816077986,1.88933953903243
"gradient",10,"fixed",2.56205135531442,1.85125618797921
"gradient",10,"fixed",2.53368857329532,1.81531501823769
"gradient",10,"fixed",2.5056714446406,1.775749952148
"gradient",10,"fixed",2.47739277362935,1.74297587191829
"gradient",10,"fixed",2.4493131273015,1.70477864305493
"gradient",10,"fixed",2.42121757668128,1.66898029976675
"gradient",10,"fixed",2.39294728758937,1.62969007210538
"gradient",10,"fixed",2.36489340864249,1.59936757075919
"gradient",10,"fixed",2.33665249479687,1.56752411602045
"gradient",10,"fixed",2.30858694317185,1.53717127459852
"gradient",10,"fixed",2.28035802182722,1.50506294811317
"gradient",10,"fixed",2.2521028926085,1.47361941455481
"gradient",10,"fixed",2.22393474570859,1.4425121630412
"gradient",10,"fixed",2.1959457986495,1.41263673504617
"gradient",10,"fixed",2.16773065399023,1.38044103448457
"gradient",10,"fixed",2.13958712152435,1.34788468724941
"gradient",10,"fixed",2.11132918297904,1.31849317211834
"gradient",10,"fixed",2.0832171650414,1.28603227519795
"gradient",10,"fixed",2.05508571549468,1.25562493194769
"gradient",10,"fixed",2.02692990216632,1.22596341798348
"gradient",10,"fixed",1.99875319478945,1.19313440689197
"gradient",10,"fixed",1.9706669606152,1.16362421846963
"gradient",10,"fixed",1.94247652934403,1.13260582574214
"gradient",10,"fixed",1.9143081435383,1.09934077086221
"gradient",10,"fixed",1.88618194301987,1.06899309247722
"gradient",10,"fixed",1.85804097400298,1.03921722697014
"gradient",10,"fixed",1.82984833937994,1.01072635516875
"gradient",10,"fixed",1.80172102374269,0.981146526420357
"gradient",10,"fixed",1.77356121313317,0.952246980350181
"gradient",10,"fixed",1.74542171425317,0.924119002858957
"gradient",10,"fixed",1.7172363170578,0.897491806597876
"gradient",10,"fixed",1.68906783829151,0.867809371335667
"gradient",10,"fixed",1.66092139701828,0.83734011712921
"gradient",10,"fixed",1.63280720302673,0.806783809017731
"gradient",10,"fixed",1.60465176168118,0.777835060151503
"gradient",10,"fixed",1.5764878950283,0.750634112490373
"gradient",10,"fixed",1.54830948816067,0.724778360743792
"gradient",10,"fixed",1.52019083548511,0.697930493558469
"gradient",10,"fixed",1.49202612953102,0.671244853314815
"gradient",10,"fixed",1.46386785492008,0.64327309233355
"gradient",10,"fixed",1.43570389443959,0.617847684982086
"gradient",10,"fixed",1.40755952489021,0.593228497935835
"gradient",10,"fixed",1.37940853919119,0.570791536552457
"gradient",10,"fixed",1.35126197580041,0.545637489180068
"gradient",10,"fixed",1.32311214418506,0.521402316347837
"gradient",10,"fixed",1.29495991948164,0.498978956787803
"gradient",10,"fixed",1.2668127695399,0.477095052341488
"gradient",10,"fixed",1.2386642724811,0.455082724489243
"gradient",10,"fixed",1.21049861022394,0.43591512827592
"gradient",10,"fixed",1.18236027131292,0.414942329173529
"gradient",10,"fixed",1.15419680423665,0.395429716999161
"gradient",10,"fixed",1.12604760194209,0.376415788130215
"gradient",10,"fixed",1.09789507775913,0.359045124640901
"gradient",10,"fixed",1.06974522360231,0.341511831770358
"gradient",10,"fixed",1.04159739467129,0.325631896580248
"gradient",10,"fixed",1.01344658715668,0.310385030152588
"gradient",10,"fixed",0.985295743978522,0.295285128664782
"gradient",10,"fixed",0.957144038856946,0.281317890952391
"gradient",10,"fixed",0.928988373366829,0.267599109545898
"gradient",10,"fixed",0.900841827571228,0.254946622449102
"gradient",10,"fixed",0.872688636788261,0.243079374228615
"gradient",10,"fixed",0.844538703345904,0.231467598449486
"gradient",10,"fixed",0.816384993804243,0.220266055426397
"gradient",10,"fixed",0.788235572553884,0.209551795595299
"gradient",10,"fixed",0.7600845601012,0.199409607184995
"gradient",10,"fixed",0.731928337044966,0.189565109771249
"gradient",10,"fixed",0.703776457277857,0.180170959731972
"gradient",10,"fixed",0.675627504825393,0.170942532326721
"gradient",10,"fixed",0.647477417718898,0.162184531738908
"gradient",10,"fixed",0.61932530582297,0.15365452701245
"gradient",10,"fixed",0.591173031319814,0.145383638096932
"gradient",10,"fixed",0.563024805665326,0.137371615069865
"gradient",10,"fixed",0.534871925083772,0.129470873844505
"gradient",10,"fixed",0.506721489850023,0.121994350499662
"gradient",10,"fixed",0.478569323945867,0.114536230732184
"gradient",10,"fixed",0.450418983252957,0.107375604984608
"gradient",10,"fixed",0.422268427810497,0.100204247716581
"gradient",10,"fixed",0.394117446151734,0.0932753304854301
"gradient",10,"fixed",0.365965058740219,0.0864695190670077
"gradient",10,"fixed",0.337814917628098,0.0796802354558038
"gradient",10,"fixed",0.309663240209958,0.0729345602105919
"gradient",10,"fixed",0.281511805195767,0.0663354499751918
"gradient",10,"fixed",0.253360936680144,0.0597379156824059
"gradient",10,"fixed",0.225208493672614,0.0532711444574867
"gradient",10,"fixed",0.197057890007013,0.0467844925550917
"gradient",10,"fixed",0.168907245781463,0.0404041311292482
"gradient",10,"fixed",0.14075584506493,0.0338022820249673
"gradient",10,"fixed",0.112604263234583,0.0272704322446779
"gradient",10,"fixed",0.0844544130018414,0.0207719828649317
"gradient",10,"fixed",0.0563021107564213,0.0140751159161547
"gradient",10,"fixed",0.0281520807506487,0.00717364759001496
"gradient",10,"fixed",5.4286844165136e-07,4.31760084645392e-07
"clustered",16,"fixed",5.90308998699194,8
"clustered",16,"fixed",5.42596873227228,8
"clustered",16,"fixed",5.20411998265593,8
"clustered",16,"fixed",5.05799194697769,8
"clustered",16,"fixed",4.94884747755262,8
"clustered",16,"fixed",4.86169730183372,8
"clustered",16,"fixed",4.78914663468511,8
"clustered",16,"fixed",4.72699872793626,8
"clustered",16,"fixed",4.67264106561367,8
"clustered",16,"fixed",4.62433638603911,8
"clustered",16,"fixed",4.58087069225802,8
"clustered",16,"fixed",4.54136215097435,8
"clustered",16,"fixed",4.50514997831991,8
"clustered",16,"fixed",4.47172622283296,8
"clustered",16,"fixed",4.44069198909299,8
"clustered",16,"fixed",4.41172829315767,8
"clustered",16,"fixed",4.38457604711406,8
"clustered",16,"fixed",4.35902194264167,8
"clustered",16,"fixed",4.31202537996544,8
"clustered",16,"fixed",4.29030613027221,8
"clustered",16,"fixed",4.26962153141236,8
"clustered",16,"fixed",4.23099212905623,7.6234679853484
"clustered",16,"fixed",4.19551981089401,7.33602350160094
"clustered",16,"fixed",4.17881411739115,6.89609241121064
"clustered",16,"fixed",4.14721513131945,6.80745678076133
"clustered",16,"fixed",4.11776015198118,6.77994931374263
"clustered",16,"fixed",4.09017663034909,6.59188839687542
"clustered",16,"fixed",4.06424089625469,6.57383218928764
"clustered",16,"fixed",4.02802872360024,6.28673081924639
"clustered",16,"fixed",4.0054628957015,6.22633987566147
"clustered",16,"fixed",3.97367106127765,5.96431021406021
"clustered",16,"fixed",3.94404859467085,5.89328454701208
"clustered",16,"fixed",3.9163182527257,5.73719749624854
"clustered",16,"fixed",3.89025276228677,5.62936797967599
"clustered",16,"fixed",3.85776700820529,5.47158620723765
"clustered",16,"fixed",3.83490412524578,5.35591978423468
"clustered",16,"fixed",3.80617997398389,5.24276624888687
"clustered",16,"fixed",3.77275621849694,5.10808386705921
"clustered",16,"fixed",3.74775394952688,4.94117689299866
"clustered",16,"fixed",3.71839855617434,4.71006845531684
"clustered",16,"fixed",3.69090238258799,4.53891979293724
"clustered",16,"fixed",3.66005193830565,4.30396825736105
"clustered",16,"fixed",3.63591825858893,4.23297328413216
"clustered",16,"fixed",3.60423691058224,4.19341705730961
"clustered",16,"fixed",3.57880753169425,4.13226716054063
"clustered",16,"fixed",3.54706412979882,4.03539619316032
"clustered",16,"fixed",3.52107294441708,3.92963196444386
"clustered",16,"fixed",3.49315686366065,3.86595500160581
"clustered",16,"fixed",3.46375729316168,3.75435016990435
"clustered",16,"fixed",3.43622236663783,3.65289415055326
"clustered",16,"fixed",3.40754564944549,3.59602198571826
"clustered",16,"fixed",3.38064575348562,3.5192780849171
"clustered",16,"fixed",3.35042177087975,3.49019981899567
"clustered",16,"fixed",3.32216501131632,3.42521795998607
"clustered",16,"fixed",3.29563496377728,3.37885993539705
"clustered",16,"fixed",3.26660209063858,3.29816648094847
"clustered",16,"fixed",3.23750899597399,3.23323839934713
"clustered",16,"fixed",3.21024306771471,3.19265324613993
"clustered",16,"fixed",3.1812793717794,3.11926206038773
"clustered",16,"fixed",3.15412712573578,3.03750549852453
"clustered",16,"fixed",3.12566316460263,2.99473836781031
"clustered",16,"fixed",3.09758912883354,2.94147815108454
"clustered",16,"fixed",3.06866928331041,2.89423852049565
"clustered",16,"fixed",3.04036245867397,2.83927355801932
"clustered",16,"fixed",3.01266896819103,2.79550231147106
"clustered",16,"fixed",2.98453545644167,2.73229016789081
"clustered",16,"fixed",2.95614671629412,2.68758841198041
"clustered",16,"fixed",2.92857829425462,2.65152431037239
"clustered",16,"fixed",2.90006051643833,2.60973303242155
"clustered",16,"fixed",2.87168152274032,2.56935647747052
"clustered",16,"fixed",2.84352656909068,2.52122709675651
"clustered",16,"fixed",2.81566352995566,2.47792393127968
"clustered",16,"fixed",2.78747947531764,2.43090618332498
"clustered",16,"fixed",2.75913887056798,2.36896466093306
"clustered",16,"fixed",2.73077901846999,2.31844181385436
"clustered",16,"fixed",2.7025130602371,2.27774585069439
"clustered",16,"fixed",2.67443302888301,2.2393995564181
"clustered",16,"fixed",2.64661278075027,2.18963204717595
"clustered",16,"fixed",2.61820827233649,2.15177283807605
"clustered",16,"fixed",2.59027816077986,2.1175126383344
"clustered",16,"fixed",2.56205135531442,2.07214317654425
"clustered",16,"fixed",2.53368857329532,2.03699679658912
"clustered",16,"fixed",2.5056714446406,1.99845747648637
"clustered",16,"fixed",2.47739277362935,1.95954552695805
"clustered",16,"fixed",2.4493131273015,1.92124723273912
"clustered",16,"fixed",2.42121757668128,1.8827042853512
"clustered",16,"fixed",2.39294728758937,1.83427947578543
"clustered",16,"fixed",2.36489340864249,1.79600511684654
"clustered",16,"fixed",2.33665249479687,1.75527486857671
"clustered",16,"fixed",2.30858694317185,1.72224791419288
"clustered",16,"fixed",2.28035802182722,1.68259248267717
"clustered",16,"fixed",2.2521028926085,1.64075622210046
"clustered",16,"fixed",2.22393474570859,1.6048780334243
"clustered",16,"fixed",2.1959457986495,1.57234258152206
"clustered",16,"fixed",2.16773065399023,1.5327797900788
"clustered",16,"fixed",2.13958712152435,1.49888654033124
"clustered",16,"fixed",2.11132918297904,1.46499555707306
"clustered",16,"fixed",2.0832171650414,1.42992413794009
"clustered",16,"fixed",2.05508571549468,1.39178037130044
"clustered",16,"fixed",2.02692990216632,1.35379595553039
"clustered",16,"fixed",1.99875319478945,1.3195133087924
"clustered",16,"fixed",1.9706669606152,1.28442708462491
"clustered",16,"fixed",1.94247652934403,1.24887414341797
"clustered",16,"fixed",1.9143081435383,1.21371709871884
"clustered",16,"fixed",1.88618194301987,1.17935840483832
"clustered",16,"fixed",1.85804097400298,1.14539213559074
"clustered",16,"fixed",1.82984833937994,1.11371440890399
"clustered",16,"fixed",1.80172102374269,1.07963106828278
"clustered",16,"fixed",1.77356121313317,1.04796107605794
"clustered",16,"fixed",1.74542171425317,1.01367518841966
"clustered",16,"fixed",1.7172363170578,0.981853877353276
"clustered",16,"fixed",1.68906783829151,0.950284669438163
"clustered",16,"fixed",1.66092139701828,0.918443255911536
"clustered",16,"fixed",1.63280720302673,0.886661957311841
"clustered",16,"fixed",1.60465176168118,0.854575795289677
"clustered",16,"fixed",1.5764878950283,0.821857192805876
"clustered",16,"fixed",1.54830948816067,0.790982788250557
"clustered",16,"fixed",1.52019083548511,0.761390393018761
"clustered",16,"fixed",1.49202612953102,0.731047064921193
"clustered",16,"fixed",1.46386785492008,0.700847560371523
"clustered",16,"fixed",1.43570389443959,0.672995155700763
"clustered",16,"fixed",1.40755952489021,0.64474837839172
"clustered",16,"fixed",1.37940853919119,0.617485375332072
"clustered",16,"fixed",1.35126197580041,0.590897694386159
"clustered",16,"fixed",1.32311214418506,0.564742086639818
"clustered",16,"fixed",1.29495991948164,0.538918563616018
"clustered",16,"fixed",1.2668127695399,0.512927322469094
"clustered",16,"fixed",1.2386642724811,0.488748189874814
"clustered",16,"fixed",1.21049861022394,0.46489428200571
"clustered",16,"fixed",1.18236027131292,0.442027304727411
"clustered",16,"fixed",1.15419680423665,0.4195588973305
"clustered",16,"fixed",1.12604760194209,0.398444558359055
"clustered",16,"fixed",1.09789507775913,0.377816398082421
"clustered",16,"fixed",1.06974522360231,0.358577537427884
"clustered",16,"fixed",1.04159739467129,0.340566302001618
"clustered",16,"fixed",1.01344658715668,0.32354423768287
"clustered",16,"fixed",0.985295743978522,0.306972654135761
"clustered",16,"fixed",0.957144038856946,0.291539467167693
"clustered",16,"fixed",0.928988373366829,0.276790710526204
"clustered",16,"fixed",0.900841827571228,0.263156730323055
"clustered",16,"fixed",0.872688636788261,0.249910601972691
"clustered",16,"fixed",0.844538703345904,0.237637228588197
"clustered",16,"fixed",0.816384993804243,0.226034317695563
"clustered",16,"fixed",0.788235572553884,0.214745700580472
"clustered",16,"fixed",0.7600845601012,0.204325837112151
"clustered",16,"fixed",0.731928337044966,0.194439350352413
"clustered",16,"fixed",0.703776457277857,0.184594885062131
"clustered",16,"fixed",0.675627504825393,0.175198343949787
"clustered",16,"fixed",0.647477417718898,0.16643451560661
"clustered",16,"fixed",0.61932530582297,0.157738424533
"clustered",16,"fixed",0.591173031319814,0.149264666367973
"clustered",16,"fixed",0.563024805665326,0.14107191617234
"clustered",16,"fixed",0.534871925083772,0.133128691191716
"clustered",16,"fixed",0.506721489850023,0.125489752747792
"clustered",16,"fixed",0.478569323945867,0.117917081310192
"clustered",16,"fixed",0.450418983252957,0.110652602403421
"clustered",16,"fixed",0.422268427810497,0.103433693189744
"clustered",16,"fixed",0.394117446151734,0.0963649933289442
"clustered",16,"fixed",0.365965058740219,0.0893616372168369
"clustered",16,"fixed",0.337814917628098,0.0824474588656975
"clustered",16,"fixed",0.309663240209958,0.0757390749187866
"clustered",16,"fixed",0.281511805195767,0.0690519217439858
"clustered",16,"fixed",0.253360936680144,0.0624329377214298
"clustered",16,"fixed",0.225208493672614,0.0557501764019627
"clustered",16,"fixed",0.197057890007013,0.0491030666553653
"clustered",16,"fixed",0.168907245781463,0.0424434260648223
"clustered",16,"fixed",0.14075584506493,0.0357167302069467
"clustered",16,"fixed",0.112604263234583,0.0289849063615278
"clustered",16,"fixed",0.0844544130018414,0.0220026089602401
"clustered",16,"fixed",0.0563021107564213,0.014900447934549
"clustered",16,"fixed",0.0281520807506487,0.00764246991578833
"clustered",16,"fixed",5.4286844165136e-07,9.78369725664151e-08
"gradient",16,"fixed",5.90308998699194,8
"gradient",16,"fixed",5.42596873227228,8
"gradient",16,"fixed",5.20411998265593,8
"gradient",16,"fixed",5.05799194697769,8
"gradient",16,"fixed",4.94884747755262,8
"gradient",16,"fixed",4.86169730183372,8
"gradient",16,"fixed",4.78914663468511,8
"gradient",16,"fixed",4.72699872793626,8
"gradient",16,"fixed",4.67264106561367,8
"gradient",16,"fixed",4.62433638603911,8
"gradient",16,"fixed",4.58087069225802,8
"gradient",16,"fixed",4.54136215097435,8
"gradient",16,"fixed",4.50514997831991,8
"gradient",16,"fixed",4.47172622283296,8
"gradient",16,"fixed",4.44069198909299,8
"gradient",16,"fixed",4.41172829315767,8
"gradient",16,"fixed",4.38457604711406,8
"gradient",16,"fixed",4.35902194264167,8
"gradient",16,"fixed",4.31202537996544,8
"gradient",16,"fixed",4.29030613027221,8
"gradient",16,"fixed",4.26962153141236,8
"gradient",16,"fixed",4.23099212905623,8
"gradient",16,"fixed",4.19551981089401,8
"gradient",16,"fixed",4.17881411739115,8
"gradient",16,"fixed",4.14721513131945,7.93390691331769
"gradient",16,"fixed",4.11776015198118,7.91178165625183
"gradient",16,"fixed",4.09017663034909,7.89827104771791
"gradient",16,"fixed",4.06424089625469,7.83070149720315
"gradient",16,"fixed",4.02802872360024,7.46116503617072
"gradient",16,"fixed",4.0054628957015,7.26418698854281
"gradient",16,"fixed",3.97367106127765,6.87538346241619
"gradient",16,"fixed",3.94404859467085,6.68291537950154
"gradient",16,"fixed",3.9163182527257,6.54720492398567
"gradient",16,"fixed",3.89025276228677,6.46878114397447
"gradient",16,"fixed",3.85776700820529,6.34756120933739
"gradient",16,"fixed",3.83490412524578,6.18035752866446
"gradient",16,"fixed",3.80617997398389,6.09540800260646
"gradient",16,"fixed",3.77275621849694,5.7782994227511
"gradient",16,"fixed",3.74775394952688,5.57021670542847
"gradient",16,"fixed",3.71839855617434,5.40679518231371
"gradient",16,"fixed",3.69090238258799,5.26334481313152
"gradient",16,"fixed",3.66005193830565,4.92380184957634
"gradient",16,"fixed",3.63591825858893,4.77336727774709
"gradient",16,"fixed",3.60423691058224,4.47171834052519
"gradient",16,"fixed",3.57880753169425,4.40369628468582
"gradient",16,"fixed",3.54706412979882,4.29365346481666
"gradient",16,"fixed",3.52107294441708,4.16459357578541
"gradient",16,"fixed",3.49315686366065,4.07216261906451
"gradient",16,"fixed",3.46375729316168,3.93271470366159
"gradient",16,"fixed",3.43622236663783,3.78152826203196
"gradient",16,"fixed",3.40754564944549,3.71475509419007
"gradient",16,"fixed",3.38064575348562,3.64999067698241
"gradient",16,"fixed",3.35042177087975,3.56399154502544
"gradient",16,"fixed",3.32216501131632,3.48794191158086
"gradient",16,"fixed",3.29563496377728,3.36345999758516
"gradient",16,"fixed",3.26660209063858,3.25472561150802
"gradient",16,"fixed",3.23750899597399,3.19790823527367
"gradient",16,"fixed",3.21024306771471,3.13066182931874
"gradient",16,"fixed",3.1812793717794,3.0429953525534
"gradient",16,"fixed",3.15412712573578,2.97112228763473
"gradient",16,"fixed",3.12566316460263,2.91710900911306
"gradient",16,"fixed",3.09758912883354,2.83375939146235
"gradient",16,"fixed",3.06866928331041,2.79873489179405
"gradient",16,"fixed",3.04036245867397,2.74394147149247
"gradient",16,"fixed",3.01266896819103,2.63934973086814
"gradient",16,"fixed",2.98453545644167,2.59253661310497
"gradient",16,"fixed",2.95614671629412,2.52698251055338
"gradient",16,"fixed",2.92857829425462,2.46728161107837
"gradient",16,"fixed",2.90006051643833,2.40649158683107
"gradient",16,"fixed",2.87168152274032,2.35731410385129
"gradient",16,"fixed",2.84352656909068,2.29293197262122
"gradient",16,"fixed",2.81566352995566,2.25605394716906
"gradient",16,"fixed",2.78747947531764,2.21208303976089
"gradient",16,"fixed",2.75913887056798,2.17013696249392
"gradient",16,"fixed",2.73077901846999,2.12029381288328
"gradient",16,"fixed",2.7025130602371,2.07790780554778
"gradient",16,"fixed",2.67443302888301,2.02596047106249
"gradient",16,"fixed",2.64661278075027,1.9903224951312
"gradient",16,"fixed",2.61820827233649,1.94415997101633
"gradient",16,"fixed",2.59027816077986,1.90189471586545
"gradient",16,"fixed",2.56205135531442,1.86280991821056
"gradient",16,"fixed",2.53368857329532,1.83052386037563
"gradient",16,"fixed",2.5056714446406,1.79349099180953
"gradient",16,"fixed",2.47739277362935,1.75757818028194
"gradient",16,"fixed",2.4493131273015,1.71592246498315
"gradient",16,"fixed",2.42121757668128,1.67529319901653
"gradient",16,"fixed",2.39294728758937,1.63735739944754
"gradient",16,"fixed",2.36489340864249,1.59835060373965
"gradient",16,"fixed",2.33665249479687,1.56552046687543
"gradient",16,"fixed",2.30858694317185,1.53069726077865
"gradient",16,"fixed",2.28035802182722,1.50249404455891
"gradient",16,"fixed",2.2521028926085,1.46334635942021
"gradient",16,"fixed",2.22393474570859,1.42707113561031
"gradient",16,"fixed",2.1959457986495,1.39900872328466
"gradient",16,"fixed",2.16773065399023,1.36377390676501
"gradient",16,"fixed",2.13958712152435,1.32916833267296
"gradient",16,"fixed",2.11132918297904,1.29556510574801
"gradient",16,"fixed",2.0832171650414,1.26460078856661
"gradient",16,"fixed",2.05508571549468,1.23144852912987
"gradient",16,"fixed",2.02692990216632,1.20081893743423
"gradient",16,"fixed",1.99875319478945,1.17002227857956
"gradient",16,"fixed",1.9706669606152,1.13923786944336
"gradient",16,"fixed",1.94247652934403,1.10530402029386
"gradient",16,"fixed",1.9143081435383,1.07584236114989
"gradient",16,"fixed",1.88618194301987,1.04644918081977
"gradient",16,"fixed",1.85804097400298,1.01834692582884
"gradient",16,"fixed",1.82984833937994,0.98849016681853
"gradient",16,"fixed",1.80172102374269,0.957606056389854
"gradient",16,"fixed",1.77356121313317,0.928527026565547
"gradient",16,"fixed",1.74542171425317,0.898825033604089
"gradient",16,"fixed",1.7172363170578,0.86915213000756
"gradient",16,"fixed",1.68906783829151,0.842395827477367
"gradient",16,"fixed",1.66092139701828,0.816164685942599
"gradient",16,"fixed",1.63280720302673,0.789226228300028
"gradient",16,"fixed",1.60465176168118,0.759712816653074
"gradient",16,"fixed",1.5764878950283,0.732708903478655
"gradient",16,"fixed",1.54830948816067,0.704063243788967
"gradient",16,"fixed",1.52019083548511,0.678393136319654
"gradient",16,"fixed",1.49202612953102,0.652531336876334
"gradient",16,"fixed",1.46386785492008,0.627888536606757
"gradient",16,"fixed",1.43570389443959,0.602733811179313
"gradient",16,"fixed",1.40755952489021,0.578766272383042
"gradient",16,"fixed",1.37940853919119,0.554230304246259
"gradient",16,"fixed",1.35126197580041,0.53051846062077
"gradient",16,"fixed",1.32311214418506,0.507317247143505
"gradient",16,"fixed",1.29495991948164,0.484677121272192
"gradient",16,"fixed",1.2668127695399,0.462806863858749
"gradient",16,"fixed",1.2386642724811,0.441660003090174
"gradient",16,"fixed",1.21049861022394,0.42086095009561
"gradient",16,"fixed",1.18236027131292,0.40181138627368
"gradient",16,"fixed",1.15419680423665,0.38349965990932
"gradient",16,"fixed",1.12604760194209,0.365135635062827
"gradient",16,"fixed",1.09789507775913,0.348048233686112
"gradient",16,"fixed",1.06974522360231,0.331133405068882
"gradient",16,"fixed",1.04159739467129,0.315765790774159
"gradient",16,"fixed",1.01344658715668,0.30052101006492
"gradient",16,"fixed",0.985295743978522,0.286430686860146
"gradient",16,"fixed",0.957144038856946,0.273580252201263
"gradient",16,"fixed",0.928988373366829,0.261114756697623
"gradient",16,"fixed",0.900841827571228,0.249323255598147
"gradient",16,"fixed",0.872688636788261,0.2376513311016
"gradient",16,"fixed",0.844538703345904,0.226815984142584
"gradient",16,"fixed",0.816384993804243,0.216340409661565
"gradient",16,"fixed",0.788235572553884,0.206033399148148
"gradient",16,"fixed",0.7600845601012,0.196644563288445
"gradient",16,"fixed",0.731928337044966,0.187478990854353
"gradient",16,"fixed",0.703776457277857,0.178634564036674
"gradient",16,"fixed",0.675627504825393,0.170207197739813
"gradient",16,"fixed",0.647477417718898,0.161958602830771
"gradient",16,"fixed",0.61932530582297,0.153836340038231
"gradient",16,"fixed",0.591173031319814,0.146087367760255
"gradient",16,"fixed",0.563024805665326,0.138453630839147
"gradient",16,"fixed",0.534871925083772,0.130865075326427
"gradient",16,"fixed",0.506721489850023,0.123575701777936
"gradient",16,"fixed",0.478569323945867,0.116476538822133
"gradient",16,"fixed",0.450418983252957,0.109575856782399
"gradient",16,"fixed",0.422268427810497,0.102732088027506
"gradient",16,"fixed",0.394117446151734,0.096010146786542
"gradient",16,"fixed",0.365965058740219,0.0891867340408228
"gradient",16,"fixed",0.337814917628098,0.0825396359114067
"gradient",16,"fixed",0.309663240209958,0.0758251853024501
"gradient",16,"fixed",0.281511805195767,0.0692274993507246
"gradient",16,"fixed",0.253360936680144,0.0626439753910162
"gradient",16,"fixed",0.225208493672614,0.0561126776033867
"gradient",16,"fixed",0.197057890007013,0.0494474308855661
"gradient",16,"fixed",0.168907245781463,0.0428528957868946
"gradient",16,"fixed",0.14075584506493,0.036098468881787
"gradient",16,"fixed",0.112604263234583,0.0293585805163462
"gradient",16,"fixed",0.0844544130018414,0.0223148224160003
"gradient",16,"fixed",0.0563021107564213,0.0151069397621762
"gradient",16,"fixed",0.0281520807506487,0.0077292686248347
"gradient",16,"fixed",5.4286844165136e-07,4.13139902582888e-07
"clustered",24,"fixed",5.90308998699194,8
"clustered",24,"fixed",5.42596873227228,8
"clustered",24,"fixed",5.20411998265593,8
"clustered",24,"fixed",5.05799194697769,8
"clustered",24,"fixed",4.94884747755262,8
"clustered",24,"fixed",4.86169730183372,8
"clustered",24,"fixed",4.78914663468511,8
"clustered",24,"fixed",4.72699872793626,8
"clustered",24,"fixed",4.67264106561367,8
"clustered",24,"fixed",4.62433638603911,8
"clustered",24,"fixed",4.58087069225802,8
"clustered",24,"fixed",4.54136215097435,8
"clustered",24,"fixed",4.50514997831991,8
"clustered",24,"fixed",4.47172622283296,8
"clustered",24,"fixed",4.44069198909299,8
"clustered",24,"fixed",4.41172829315767,8
"clustered",24,"fixed",4.38457604711406,8
"clustered",24,"fixed",4.35902194264167,8
"clustered",24,"fixed",4.31202537996544,8
"clustered",24,"fixed",4.29030613027221,8
"clustered",24,"fixed",4.26962153141236,8
"clustered",24,"fixed",4.23099212905623,8
"clustered",24,"fixed",4.19551981089401,8
"clustered",24,"fixed",4.17881411739115,8
"clustered",24,"fixed",4.14721513131945,7.99774842688339
"clustered",24,"fixed",4.11776015198118,7.90352809510191
"clustered",24,"fixed",4.09017663034909,7.49612416907832
"clustered",24,"fixed",4.06424089625469,7.41653530347064
"clustered",24,"fixed",4.02802872360024,7.03697913653959
"clustered",24,"fixed",4.0054628957015,6.88277721765664
"clustered",24,"fixed",3.97367106127765,6.4851587007907
"clustered",24,"fixed",3.94404859467085,6.26873189078787
"clustered",24,"fixed",3.9163182527257,6.05727044152143
"clustered",24,"fixed",3.89025276228677,5.74952721220564
"clustered",24,"fixed",3.85776700820529,5.46868586611507
"clustered",24,"fixed",3.83490412524578,5.39011208439499
"clustered",24,"fixed",3.80617997398389,5.08920170520552
"clustered",24,"fixed",3.77275621849694,4.92112815668656
"clustered",24,"fixed",3.74775394952688,4.78094457827228
"clustered",24,"fixed",3.71839855617434,4.71495124681594
"clustered",24,"fixed",3.69090238258799,4.60321647372924
"clustered",24,"fixed",3.66005193830565,4.49908507501226
"clustered",24,"fixed",3.63591825858893,4.37526860942418
"clustered",24,"fixed",3.60423691058224,4.22511539095902
"clustered",24,"fixed",3.57880753169425,4.19413522741233
"clustered",24,"fixed",3.54706412979882,4.03588204229782
"clustered",24,"fixed",3.52107294441708,3.89275245616012
"clustered",24,"fixed",3.49315686366065,3.84206848920526
"clustered",24,"fixed",3.46375729316168,3.77489403535464
"clustered",24,"fixed",3.43622236663783,3.70458745990493
"clustered",24,"fixed",3.40754564944549,3.60180042656545
"clustered",24,"fixed",3.38064575348562,3.51642365784867
"clustered",24,"fixed",3.35042177087975,3.44999871649806
"clustered",24,"fixed",3.32216501131632,3.34069933851668
"clustered",24,"fixed",3.29563496377728,3.26497317583828
"clustered",24,"fixed",3.26660209063858,3.23184630542751
"clustered",24,"fixed",3.23750899597399,3.18050066248567
"clustered",24,"fixed",3.21024306771471,3.14076258910163
"clustered",24,"fixed",3.1812793717794,3.09057762741896
"clustered",24,"fixed",3.15412712573578,3.03442133868947
"clustered",24,"fixed",3.12566316460263,2.96850830548549
"clustered",24,"fixed",3.09758912883354,2.90445947706255
"clustered",24,"fixed",3.06866928331041,2.85543972627412
"clustered",24,"fixed",3.04036245867397,2.79262261426957
"clustered",24,"fixed",3.01266896819103,2.7492330252406
"clustered",24,"fixed",2.98453545644167,2.68655202599177
"clustered",24,"fixed",2.95614671629412,2.64060175781367
"clustered",24,"fixed",2.92857829425462,2.58627306933301
"clustered",24,"fixed",2.90006051643833,2.53300174431428
"clustered",24,"fixed",2.87168152274032,2.49326262361486
"clustered",24,"fixed",2.84352656909068,2.45993808394257
"clustered",24,"fixed",2.81566352995566,2.42129193507648
"clustered",24,"fixed",2.78747947531764,2.3776486933949
"clustered",24,"fixed",2.75913887056798,2.33025348792734
"clustered",24,"fixed",2.73077901846999,2.28844032909553
"clustered",24,"fixed",2.7025130602371,2.24072100023089
"clustered",24,"fixed",2.67443302888301,2.19504672928149
"clustered",24,"fixed",2.64661278075027,2.15587688475989
"clustered",24,"fixed",2.61820827233649,2.1046707848553
"clustered",24,"fixed",2.59027816077986,2.0626016979388
"clustered",24,"fixed",2.56205135531442,2.02667104033955
"clustered",24,"fixed",2.53368857329532,1.98461018292384
"clustered",24,"fixed",2.5056714446406,1.94756008812189
"clustered",24,"fixed",2.47739277362935,1.9017442405305
"clustered",24,"fixed",2.4493131273015,1.86267955548677
"clustered",24,"fixed",2.42121757668128,1.82587420043779
"clustered",24,"fixed",2.39294728758937,1.79094225312759
"clustered",24,"fixed",2.36489340864249,1.75165030655176
"clustered",24,"fixed",2.33665249479687,1.7171926586907
"clustered",24,"fixed",2.30858694317185,1.68339539716423
"clustered",24,"fixed",2.28035802182722,1.6469231862394
"clustered",24,"fixed",2.2521028926085,1.61180204938515
"clustered",24,"fixed",2.22393474570859,1.5732248685906
"clustered",24,"fixed",2.1959457986495,1.53696090198339
"clustered",24,"fixed",2.16773065399023,1.49762792992736
"clustered",24,"fixed",2.13958712152435,1.46551974603457
"clustered",24,"fixed",2.11132918297904,1.4312095955894
"clustered",24,"fixed",2.0832171650414,1.39536208434218
"clustered",24,"fixed",2.05508571549468,1.36207786344085
"clustered",24,"fixed",2.02692990216632,1.33127502963761
"clustered",24,"fixed",1.99875319478945,1.29693012450967
"clustered",24,"fixed",1.9706669606152,1.26297894625121
"clustered",24,"fixed",1.94247652934403,1.22954577853375
"clustered",24,"fixed",1.9143081435383,1.19514097068586
"clustered",24,"fixed",1.88618194301987,1.16335915062495
"clustered",24,"fixed",1.85804097400298,1.13413310290838
"clustered",24,"fixed",1.82984833937994,1.1029616877038
"clustered",24,"fixed",1.80172102374269,1.07032862863257
"clustered",24,"fixed",1.77356121313317,1.03637241694481
"clustered",24,"fixed",1.74542171425317,1.00401762629773
"clustered",24,"fixed",1.7172363170578,0.970077701672495
"clustered",24,"fixed",1.68906783829151,0.938668332718663
"clustered",24,"fixed",1.66092139701828,0.908957412804026
"clustered",24,"fixed",1.63280720302673,0.87961804784893
"clustered",24,"fixed",1.60465176168118,0.848411166401279
"clustered",24,"fixed",1.5764878950283,0.815456011856046
"clustered",24,"fixed",1.54830948816067,0.785277900769384
"clustered",24,"fixed",1.52019083548511,0.753293756368074
"clustered",24,"fixed",1.49202612953102,0.722696159474637
"clustered",24,"fixed",1.46386785492008,0.692726603483863
"clustered",24,"fixed",1.43570389443959,0.663221171840711
"clustered",24,"fixed",1.40755952489021,0.632935814616506
"clustered",24,"fixed",1.37940853919119,0.605740943015553
"clustered",24,"fixed",1.35126197580041,0.578024224184886
"clustered",24,"fixed",1.32311214418506,0.552063171757949
"clustered",24,"fixed",1.29495991948164,0.52696622905306
"clustered",24,"fixed",1.2668127695399,0.501195744950271
"clustered",24,"fixed",1.2386642724811,0.476663600752086
"clustered",24,"fixed",1.21049861022394,0.453895154691428
"clustered",24,"fixed",1.18236027131292,0.431207184666405
"clustered",24,"fixed",1.15419680423665,0.407800952012446
"clustered",24,"fixed",1.12604760194209,0.386600489668307
"clustered",24,"fixed",1.09789507775913,0.366269839817508
"clustered",24,"fixed",1.06974522360231,0.347573031713071
"clustered",24,"fixed",1.04159739467129,0.329953305846508
"clustered",24,"fixed",1.01344658715668,0.313242971682571
"clustered",24,"fixed",0.985295743978522,0.297250030565091
"clustered",24,"fixed",0.957144038856946,0.282703677248033
"clustered",24,"fixed",0.928988373366829,0.26893160652614
"clustered",24,"fixed",0.900841827571228,0.255412449878842
"clustered",24,"fixed",0.872688636788261,0.243429497235346
"clustered",24,"fixed",0.844538703345904,0.231776153893549
"clustered",24,"fixed",0.816384993804243,0.220728407746393
"clustered",24,"fixed",0.788235572553884,0.209960359636745
"clustered",24,"fixed",0.7600845601012,0.199719568870394
"clustered",24,"fixed",0.731928337044966,0.190047450188679
"clustered",24,"fixed",0.703776457277857,0.180861575217744
"clustered",24,"fixed",0.675627504825393,0.171888474712898
"clustered",24,"fixed",0.647477417718898,0.163177930928334
"clustered",24,"fixed",0.61932530582297,0.1547530546993
"clustered",24,"fixed",0.591173031319814,0.146754796770407
"clustered",24,"fixed",0.563024805665326,0.139038101861032
"clustered",24,"fixed",0.534871925083772,0.131462369558427
"clustered",24,"fixed",0.506721489850023,0.124046209824053
"clustered",24,"fixed",0.478569323945867,0.116853684133273
"clustered",24,"fixed",0.450418983252957,0.109757034238628
"clustered",24,"fixed",0.422268427810497,0.102817821976985
"clustered",24,"fixed",0.394117446151734,0.095870700965801
"clustered",24,"fixed",0.365965058740219,0.0891920647050481
"clustered",24,"fixed",0.337814917628098,0.0824766337967049
"clustered",24,"fixed",0.309663240209958,0.0756559846918624
"clustered",24,"fixed",0.281511805195767,0.0690976628717104
"clustered",24,"fixed",0.253360936680144,0.0625531707095365
"clustered",24,"fixed",0.225208493672614,0.0558781237197629
"clustered",24,"fixed",0.197057890007013,0.0493037980535918
"clustered",24,"fixed",0.168907245781463,0.0426843808423702
"clustered",24,"fixed",0.14075584506493,0.035948719231796
"clustered",24,"fixed",0.112604263234583,0.029121410247812
"clustered",24,"fixed",0.0844544130018414,0.022127531370873
"clustered",24,"fixed",0.0563021107564213,0.0149435003898388
"clustered",24,"fixed",0.0281520807506487,0.00765108128747046
"clustered",24,"fixed",5.4286844165136e-07,3.75000548061167e-07
"gradient",24,"fixed",5.90308998699194,8
"gradient",24,"fixed",5.42596873227228,8
"gradient",24,"fixed",5.20411998265593,8
"gradient",24,"fixed",5.05799194697769,8
"gradient",24,"fixed",4.94884747755262,8
"gradient",24,"fixed",4.86169730183372,8
"gradient",24,"fixed",4.78914663468511,8
"gradient",24,"fixed",4.72699872793626,8
"gradient",24,"fixed",4.67264106561367,8
"gradient",24,"fixed",4.62433638603911,8
"gradient",24,"fixed",4.58087069225802,8
"gradient",24,"fixed",4.54136215097435,8
"gradient",24,"fixed",4.50514997831991,8
"gradient",24,"fixed",4.47172622283296,8
"gradient",24,"fixed",4.44069198909299,8
"gradient",24,"fixed",4.41172829315767,8
"gradient",24,"fixed",4.38457604711406,8
"gradient",24,"fixed",4.35902194264167,8
"gradient",24,"fixed",4.31202537996544,8
"gradient",24,"fixed",4.29030613027221,8
"gradient",24,"fixed",4.26962153141236,8
"gradient",24,"fixed",4.23099212905623,8
"gradient",24,"fixed",4.19551981089401,8
"gradient",24,"fixed",4.17881411739115,8
"gradient",24,"fixed",4.14721513131945,8
"gradient",24,"fixed",4.11776015198118,8
"gradient",24,"fixed",4.09017663034909,8
"gradient",24,"fixed",4.06424089625469,8
"gradient",24,"fixed",4.02802872360024,8
"gradient",24,"fixed",4.0054628957015,8
"gradient",24,"fixed",3.97367106127765,7.83344113619939
"gradient",24,"fixed",3.94404859467085,7.58496102703303
"gradient",24,"fixed",3.9163182527257,7.36362597821334
"gradient",24,"fixed",3.89025276228677,7.18972417578076
"gradient",24,"fixed",3.85776700820529,7.03061022935563
"gradient",24,"fixed",3.83490412524578,6.75303605859924
"gradient",24,"fixed",3.80617997398389,6.63416294734257
"gradient",24,"fixed",3.77275621849694,6.40589880916941
"gradient",24,"fixed",3.74775394952688,6.17838407357861
"gradient",24,"fixed",3.71839855617434,5.96683533921867
"gradient",24,"fixed",3.69090238258799,5.87570541266704
"gradient",24,"fixed",3.66005193830565,5.74547305483879
"gradient",24,"fixed",3.63591825858893,5.48668942149085
"gradient",24,"fixed",3.60423691058224,5.29456065212444
"gradient",24,"fixed",3.57880753169425,5.16651659358227
"gradient",24,"fixed",3.54706412979882,4.97561768531623
"gradient",24,"fixed",3.52107294441708,4.86257967563732
"gradient",24,"fixed",3.49315686366065,4.80523718605283
"gradient",24,"fixed",3.46375729316168,4.60525024973336
"gradient",24,"fixed",3.43622236663783,4.46858448892441
"gradient",24,"fixed",3.40754564944549,4.35460203136184
"gradient",24,"fixed",3.38064575348562,4.21755543794664
"gradient",24,"fixed",3.35042177087975,4.11560611744874
"gradient",24,"fixed",3.32216501131632,3.99959836200313
"gradient",24,"fixed",3.29563496377728,3.89465464199811
"gradient",24,"fixed",3.26660209063858,3.74018804671037
"gradient",24,"fixed",3.23750899597399,3.60218628223744
"gradient",24,"fixed",3.21024306771471,3.4852651490732
"gradient",24,"fixed",3.1812793717794,3.40553818267017
"gradient",24,"fixed",3.15412712573578,3.29019087998004
"gradient",24,"fixed",3.12566316460263,3.15630110275463
"gradient",24,"fixed",3.09758912883354,3.08753748256812
"gradient",24,"fixed",3.06866928331041,2.98455564519937
"gradient",24,"fixed",3.04036245867397,2.89688824510507
"gradient",24,"fixed",3.01266896819103,2.82308953247786
"gradient",24,"fixed",2.98453545644167,2.76923136888278
"gradient",24,"fixed",2.95614671629412,2.695806523532
"gradient",24,"fixed",2.92857829425462,2.63482061189077
"gradient",24,"fixed",2.90006051643833,2.56877520778694
"gradient",24,"fixed",2.87168152274032,2.50191813568831
"gradient",24,"fixed",2.84352656909068,2.44423831197155
"gradient",24,"fixed",2.81566352995566,2.38973858822526
"gradient",24,"fixed",2.78747947531764,2.34377076169034
"gradient",24,"fixed",2.75913887056798,2.30095067615559
"gradient",24,"fixed",2.73077901846999,2.25259242503703
"gradient",24,"fixed",2.7025130602371,2.195814050468
"gradient",24,"fixed",2.67443302888301,2.14756630322018
"gradient",24,"fixed",2.64661278075027,2.09853386962383
"gradient",24,"fixed",2.61820827233649,2.03704798865998
"gradient",24,"fixed",2.59027816077986,1.98506132289613
"gradient",24,"fixed",2.56205135531442,1.9328994373255
"gradient",24,"fixed",2.53368857329532,1.88458196338829
"gradient",24,"fixed",2.5056714446406,1.83943839115334
"gradient",24,"fixed",2.47739277362935,1.79512828855442
"gradient",24,"fixed",2.4493131273015,1.75601488300041
"gradient",24,"fixed",2.42121757668128,1.71241728742729
"gradient",24,"fixed",2.39294728758937,1.67297944259359
"gradient",24,"fixed",2.36489340864249,1.63672005732567
"gradient",24,"fixed",2.33665249479687,1.60002640008403
"gradient",24,"fixed",2.30858694317185,1.56260173189408
"gradient",24,"fixed",2.28035802182722,1.53009425069719
"gradient",24,"fixed",2.2521028926085,1.49415798097845
"gradient",24,"fixed",2.22393474570859,1.45651431090641
"gradient",24,"fixed",2.1959457986495,1.42323240832439
"gradient",24,"fixed",2.16773065399023,1.39040070621136
"gradient",24,"fixed",2.13958712152435,1.35476218629009
"gradient",24,"fixed",2.11132918297904,1.32750974953152
"gradient",24,"fixed",2.0832171650414,1.29397793994653
"gradient",24,"fixed",2.05508571549468,1.26402161082249
"gradient",24,"fixed",2.02692990216632,1.23160214029621
"gradient",24,"fixed",1.99875319478945,1.20030763446351
"gradient",24,"fixed",1.9706669606152,1.1647930265641
"gradient",24,"fixed",1.94247652934403,1.13344371100384
"gradient",24,"fixed",1.9143081435383,1.10696074740726
"gradient",24,"fixed",1.88618194301987,1.07303288383376
"gradient",24,"fixed",1.85804097400298,1.04190651692036
"gradient",24,"fixed",1.82984833937994,1.00929560601266
"gradient",24,"fixed",1.80172102374269,0.977321560182553
"gradient",24,"fixed",1.77356121313317,0.947113692400255
"gradient",24,"fixed",1.74542171425317,0.919085947468994
"gradient",24,"fixed",1.7172363170578,0.888629628761693
"gradient",24,"fixed",1.68906783829151,0.860810536252388
"gradient",24,"fixed",1.66092139701828,0.831211257290906
"gradient",24,"fixed",1.63280720302673,0.801456209655355
"gradient",24,"fixed",1.60465176168118,0.77524465288912
"gradient",24,"fixed",1.5764878950283,0.746298717290575
"gradient",24,"fixed",1.54830948816067,0.719176071865646
"gradient",24,"fixed",1.52019083548511,0.692805282733583
"gradient",24,"fixed",1.49202612953102,0.667620429858487
"gradient",24,"fixed",1.46386785492008,0.639659162946159
"gradient",24,"fixed",1.43570389443959,0.611183095569715
"gradient",24,"fixed",1.40755952489021,0.584698817669871
"gradient",24,"fixed",1.37940853919119,0.560105255682715
"gradient",24,"fixed",1.35126197580041,0.534705281844268
"gradient",24,"fixed",1.32311214418506,0.510650241658363
"gradient",24,"fixed",1.29495991948164,0.487600409855187
"gradient",24,"fixed",1.2668127695399,0.463790487485772
"gradient",24,"fixed",1.2386642724811,0.442677944379766
"gradient",24,"fixed",1.21049861022394,0.422087936882784
"gradient",24,"fixed",1.18236027131292,0.400968137687446
"gradient",24,"fixed",1.15419680423665,0.38232196634208
"gradient",24,"fixed",1.12604760194209,0.363890477056687
"gradient",24,"fixed",1.09789507775913,0.347662484566024
"gradient",24,"fixed",1.06974522360231,0.331258176841812
"gradient",24,"fixed",1.04159739467129,0.315879066380093
"gradient",24,"fixed",1.01344658715668,0.301100721877477
"gradient",24,"fixed",0.985295743978522,0.287103783503514
"gradient",24,"fixed",0.957144038856946,0.273740865092528
"gradient",24,"fixed",0.928988373366829,0.261392474044269
"gradient",24,"fixed",0.900841827571228,0.249463931037808
"gradient",24,"fixed",0.872688636788261,0.238097805432686
"gradient",24,"fixed",0.844538703345904,0.227354726268644
"gradient",24,"fixed",0.816384993804243,0.217276328146571
"gradient",24,"fixed",0.788235572553884,0.207322756774124
"gradient",24,"fixed",0.7600845601012,0.198011139839543
"gradient",24,"fixed",0.731928337044966,0.189008645540681
"gradient",24,"fixed",0.703776457277857,0.180093065624858
"gradient",24,"fixed",0.675627504825393,0.171648434207751
"gradient",24,"fixed",0.647477417718898,0.163340492470455
"gradient",24,"fixed",0.61932530582297,0.155391948856456
"gradient",24,"fixed",0.591173031319814,0.147708767215922
"gradient",24,"fixed",0.563024805665326,0.140234558669609
"gradient",24,"fixed",0.534871925083772,0.132894955213798
"gradient",24,"fixed",0.506721489850023,0.12568773118268
"gradient",24,"fixed",0.478569323945867,0.118630948820328
"gradient",24,"fixed",0.450418983252957,0.111702635693998
"gradient",24,"fixed",0.422268427810497,0.104795281203789
"gradient",24,"fixed",0.394117446151734,0.0979638231840325
"gradient",24,"fixed",0.365965058740219,0.0911565654216172
"gradient",24,"fixed",0.337814917628098,0.0843289078087348
"gradient",24,"fixed",0.309663240209958,0.0775788062771693
"gradient",24,"fixed",0.281511805195767,0.0708067460223452
"gradient",24,"fixed",0.253360936680144,0.0640297704868263
"gradient",24,"fixed",0.225208493672614,0.0572701924099537
"gradient",24,"fixed",0.197057890007013,0.050570152468522
"gradient",24,"fixed",0.168907245781463,0.0438272915170291
"gradient",24,"fixed",0.14075584506493,0.0369415220420462
"gradient",24,"fixed",0.112604263234583,0.0298944023838545
"gradient",24,"fixed",0.0844544130018414,0.0227415151579217
"gradient",24,"fixed",0.0563021107564213,0.015391289683185
"gradient",24,"fixed",0.0281520807506487,0.00789214394698455
"gradient",24,"fixed",5.4286844165136e-07,1.18819182255363e-08
"clustered",30,"fixed",5.90308998699194,8
"clustered",30,"fixed",5.42596873227228,8
"clustered",30,"fixed",5.20411998265593,8
"clustered",30,"fixed",5.05799194697769,8
"clustered",30,"fixed",4.94884747755262,8
"clustered",30,"fixed",4.86169730183372,8
"clustered",30,"fixed",4.78914663468511,8
"clustered",30,"fixed",4.72699872793626,8
"clustered",30,"fixed",4.67264106561367,8
"clustered",30,"fixed",4.62433638603911,8
"clustered",30,"fixed",4.58087069225802,8
"clustered",30,"fixed",4.54136215097435,8
"clustered",30,"fixed",4.50514997831991,8
"clustered",30,"fixed",4.47172622283296,8
"clustered",30,"fixed",4.44069198909299,8
"clustered",30,"fixed",4.41172829315767,8
"clustered",30,"fixed",4.38457604711406,8
"clustered",30,"fixed",4.35902194264167,8
"clustered",30,"fixed",4.31202537996544,8
"clustered",30,"fixed",4.29030613027221,8
"clustered",30,"fixed",4.26962153141236,8
"clustered",30,"fixed",4.23099212905623,8
"clustered",30,"fixed",4.19551981089401,8
"clustered",30,"fixed",4.17881411739115,8
"clustered",30,"fixed",4.14721513131945,8
"clustered",30,"fixed",4.11776015198118,8
"clustered",30,"fixed",4.09017663034909,8
"clustered",30,"fixed",4.06424089625469,8
"clustered",30,"fixed",4.02802872360024,7.91083561898554
"clustered",30,"fixed",4.0054628957015,7.83932396242691
"clustered",30,"fixed",3.97367106127765,7.55210615177858
"clustered",30,"fixed",3.94404859467085,7.32213197108852
"clustered",30,"fixed",3.9163182527257,7.11078378403534
"clustered",30,"fixed",3.89025276228677,6.93836871710417
"clustered",30,"fixed",3.85776700820529,6.67020576834058
"clustered",30,"fixed",3.83490412524578,6.49390314828619
"clustered",30,"fixed",3.80617997398389,6.39658711262345
"clustered",30,"fixed",3.77275621849694,6.03021589231081
"clustered",30,"fixed",3.74775394952688,5.95194667230638
"clustered",30,"fixed",3.71839855617434,5.74037778102524
"clustered",30,"fixed",3.69090238258799,5.64784893525738
"clustered",30,"fixed",3.66005193830565,5.55667809984095
"clustered",30,"fixed",3.63591825858893,5.4235919060664
"clustered",30,"fixed",3.60423691058224,5.20456969871715
"clustered",30,"fixed",3.57880753169425,5.04885586996474
"clustered",30,"fixed",3.54706412979882,4.94860668403837
"clustered",30,"fixed",3.52107294441708,4.82324145609979
"clustered",30,"fixed",3.49315686366065,4.64375066380424
"clustered",30,"fixed",3.46375729316168,4.50454985068214
"clustered",30,"fixed",3.43622236663783,4.40993086937148
"clustered",30,"fixed",3.40754564944549,4.28767680811746
"clustered",30,"fixed",3.38064575348562,4.17101413538957
"clustered",30,"fixed",3.35042177087975,4.00383752672246
"clustered",30,"fixed",3.32216501131632,3.94970802259337
"clustered",30,"fixed",3.29563496377728,3.88028265033319
"clustered",30,"fixed",3.26660209063858,3.78707625962644
"clustered",30,"fixed",3.23750899597399,3.66651266846176
"clustered",30,"fixed",3.21024306771471,3.60835666628992
"clustered",30,"fixed",3.1812793717794,3.50327445127375
"clustered",30,"fixed",3.15412712573578,3.42968229565228
"clustered",30,"fixed",3.12566316460263,3.35730911218786
"clustered",30,"fixed",3.09758912883354,3.28640107810006
"clustered",30,"fixed",3.06866928331041,3.20384668344088
"clustered",30,"fixed",3.04036245867397,3.13043264397794
"clustered",30,"fixed",3.01266896819103,3.05675758497244
"clustered",30,"fixed",2.98453545644167,2.98616955509169
"clustered",30,"fixed",2.95614671629412,2.92879560251173
"clustered",30,"fixed",2.92857829425462,2.86084532091698
"clustered",30,"fixed",2.90006051643833,2.78597784860589
"clustered",30,"fixed",2.87168152274032,2.73443158457899
"clustered",30,"fixed",2.84352656909068,2.69076175508081
"clustered",30,"fixed",2.81566352995566,2.62268011779631
"clustered",30,"fixed",2.78747947531764,2.57422840060605
"clustered",30,"fixed",2.75913887056798,2.52762171834171
"clustered",30,"fixed",2.73077901846999,2.48862767375476
"clustered",30,"fixed",2.7025130602371,2.42902501489547
"clustered",30,"fixed",2.67443302888301,2.37243037059994
"clustered",30,"fixed",2.64661278075027,2.32974461371291
"clustered",30,"fixed",2.61820827233649,2.27225448755347
"clustered",30,"fixed",2.59027816077986,2.2250195288322
"clustered",30,"fixed",2.56205135531442,2.1729425871973
"clustered",30,"fixed",2.53368857329532,2.12538860152551
"clustered",30,"fixed",2.5056714446406,2.08277237047202
"clustered",30,"fixed",2.47739277362935,2.03996364608086
"clustered",30,"fixed",2.4493131273015,1.99250002144977
"clustered",30,"fixed",2.42121757668128,1.95655527352842
"clustered",30,"fixed",2.39294728758937,1.91700667067203
"clustered",30,"fixed",2.36489340864249,1.86951718046509
"clustered",30,"fixed",2.33665249479687,1.82175871062849
"clustered",30,"fixed",2.30858694317185,1.78191304436654
"clustered",30,"fixed",2.28035802182722,1.7400448755605
"clustered",30,"fixed",2.2521028926085,1.69796796939233
"clustered",30,"fixed",2.22393474570859,1.66341568653801
"clustered",30,"fixed",2.1959457986495,1.61952515069818
"clustered",30,"fixed",2.16773065399023,1.57603019711807
"clustered",30,"fixed",2.13958712152435,1.54034548434521
"clustered",30,"fixed",2.11132918297904,1.50213640509798
"clustered",30,"fixed",2.0832171650414,1.46442448127548
"clustered",30,"fixed",2.05508571549468,1.4310652579533
"clustered",30,"fixed",2.02692990216632,1.39562447502741
"clustered",30,"fixed",1.99875319478945,1.3596164152223
"clustered",30,"fixed",1.9706669606152,1.32420783359153
"clustered",30,"fixed",1.94247652934403,1.28597491329578
"clustered",30,"fixed",1.9143081435383,1.24937781196291
"clustered",30,"fixed",1.88618194301987,1.21448798984874
"clustered",30,"fixed",1.85804097400298,1.17867212923711
"clustered",30,"fixed",1.82984833937994,1.14220970729159
"clustered",30,"fixed",1.80172102374269,1.1088826975732
"clustered",30,"fixed",1.77356121313317,1.0712841027937
"clustered",30,"fixed",1.74542171425317,1.03783343791988
"clustered",30,"fixed",1.7172363170578,1.00310461965446
"clustered",30,"fixed",1.68906783829151,0.969524456549191
"clustered",30,"fixed",1.66092139701828,0.93586133054352
"clustered",30,"fixed",1.63280720302673,0.902459118533395
"clustered",30,"fixed",1.60465176168118,0.868728133041641
"clustered",30,"fixed",1.5764878950283,0.834920290431951
"clustered",30,"fixed",1.54830948816067,0.803716462536166
"clustered",30,"fixed",1.52019083548511,0.771782838602122
"clustered",30,"fixed",1.49202612953102,0.742510015592764
"clustered",30,"fixed",1.46386785492008,0.71156343138847
"clustered",30,"fixed",1.43570389443959,0.681543596410551
"clustered",30,"fixed",1.40755952489021,0.65051472411667
"clustered",30,"fixed",1.37940853919119,0.622389207454484
"clustered",30,"fixed",1.35126197580041,0.593082007740039
"clustered",30,"fixed",1.32311214418506,0.56397296467053
"clustered",30,"fixed",1.29495991948164,0.537206776877389
"clustered",30,"fixed",1.2668127695399,0.510379374948677
"clustered",30,"fixed",1.2386642724811,0.483968632241138
"clustered",30,"fixed",1.21049861022394,0.458817622337584
"clustered",30,"fixed",1.18236027131292,0.434075826267383
"clustered",30,"fixed",1.15419680423665,0.411431649462556
"clustered",30,"fixed",1.12604760194209,0.389030722133472
"clustered",30,"fixed",1.09789507775913,0.368747708572922
"clustered",30,"fixed",1.06974522360231,0.350018396471797
"clustered",30,"fixed",1.04159739467129,0.331422519005665
"clustered",30,"fixed",1.01344658715668,0.314346440102798
"clustered",30,"fixed",0.985295743978522,0.297715428786002
"clustered",30,"fixed",0.957144038856946,0.282836806327578
"clustered",30,"fixed",0.928988373366829,0.268632781143138
"clustered",30,"fixed",0.900841827571228,0.254865550731373
"clustered",30,"fixed",0.872688636788261,0.242650141683746
"clustered",30,"fixed",0.844538703345904,0.230491835751933
"clustered",30,"fixed",0.816384993804243,0.219040041684091
"clustered",30,"fixed",0.788235572553884,0.208345917903511
"clustered",30,"fixed",0.7600845601012,0.198235948663129
"clustered",30,"fixed",0.731928337044966,0.188649216676629
"clustered",30,"fixed",0.703776457277857,0.179117463900042
"clustered",30,"fixed",0.675627504825393,0.17016335326283
"clustered",30,"fixed",0.647477417718898,0.161701022549807
"clustered",30,"fixed",0.61932530582297,0.153281400740958
"clustered",30,"fixed",0.591173031319814,0.145431973442098
"clustered",30,"fixed",0.563024805665326,0.137699592806118
"clustered",30,"fixed",0.534871925083772,0.130194973394702
"clustered",30,"fixed",0.506721489850023,0.122972542200688
"clustered",30,"fixed",0.478569323945867,0.115886022859053
"clustered",30,"fixed",0.450418983252957,0.108979376301238
"clustered",30,"fixed",0.422268427810497,0.102084976678385
"clustered",30,"fixed",0.394117446151734,0.0952926393803152
"clustered",30,"fixed",0.365965058740219,0.0885712386550699
"clustered",30,"fixed",0.337814917628098,0.0819705754464256
"clustered",30,"fixed",0.309663240209958,0.0753955388292326
"clustered",30,"fixed",0.281511805195767,0.0688563662663726
"clustered",30,"fixed",0.253360936680144,0.0622106032815916
"clustered",30,"fixed",0.225208493672614,0.0557027430706432
"clustered",30,"fixed",0.197057890007013,0.0491411932883783
"clustered",30,"fixed",0.168907245781463,0.0424710854134245
"clustered",30,"fixed",0.14075584506493,0.0357822580507547
"clustered",30,"fixed",0.112604263234583,0.0289887275785904
"clustered",30,"fixed",0.0844544130018414,0.0220997018983803
"clustered",30,"fixed",0.0563021107564213,0.0149740787968323
"clustered",30,"fixed",0.0281520807506487,0.00762440876161309
"clustered",30,"fixed",5.4286844165136e-07,3.28146320951542e-07
"gradient",30,"fixed",5.90308998699194,8
"gradient",30,"fixed",5.42596873227228,8
"gradient",30,"fixed",5.20411998265593,8
"gradient",30,"fixed",5.05799194697769,8
"gradient",30,"fixed",4.94884747755262,8
"gradient",30,"fixed",4.86169730183372,8
"gradient",30,"fixed",4.78914663468511,8
"gradient",30,"fixed",4.72699872793626,8
"gradient",30,"fixed",4.67264106561367,8
"gradient",30,"fixed",4.62433638603911,8
"gradient",30,"fixed",4.58087069225802,8
"gradient",30,"fixed",4.54136215097435,8
"gradient",30,"fixed",4.50514997831991,8
"gradient",30,"fixed",4.47172622283296,8
"gradient",30,"fixed",4.44069198909299,8
"gradient",30,"fixed",4.41172829315767,8
"gradient",30,"fixed",4.38457604711406,8
"gradient",30,"fixed",4.35902194264167,8
"gradient",30,"fixed",4.31202537996544,8
"gradient",30,"fixed",4.29030613027221,8
"gradient",30,"fixed",4.26962153141236,8
"gradient",30,"fixed",4.23099212905623,8
"gradient",30,"fixed",4.19551981089401,8
"gradient",30,"fixed",4.17881411739115,8
"gradient",30,"fixed",4.14721513131945,8
"gradient",30,"fixed",4.11776015198118,8
"gradient",30,"fixed",4.09017663034909,8
"gradient",30,"fixed",4.06424089625469,8
"gradient",30,"fixed",4.02802872360024,8
"gradient",30,"fixed",4.0054628957015,8
"gradient",30,"fixed",3.97367106127765,8
"gradient",30,"fixed",3.94404859467085,8
"gradient",30,"fixed",3.9163182527257,8
"gradient",30,"fixed",3.89025276228677,8
"gradient",30,"fixed",3.85776700820529,8
"gradient",30,"fixed",3.83490412524578,8
"gradient",30,"fixed",3.80617997398389,8
"gradient",30,"fixed",3.77275621849694,7.74387812095796
"gradient",30,"fixed",3.74775394952688,7.57041208965085
"gradient",30,"fixed",3.71839855617434,7.38580718370893
"gradient",30,"fixed",3.69090238258799,7.16763495200327
"gradient",30,"fixed",3.66005193830565,6.89599954178923
"gradient",30,"fixed",3.63591825858893,6.62179923299561
"gradient",30,"fixed",3.60423691058224,6.32012886463464
"gradient",30,"fixed",3.57880753169425,6.18654798568487
"gradient",30,"fixed",3.54706412979882,6.0373175836246
"gradient",30,"fixed",3.52107294441708,5.86497372981714
"gradient",30,"fixed",3.49315686366065,5.74793517709515
"gradient",30,"fixed",3.46375729316168,5.42994124109981
"gradient",30,"fixed",3.43622236663783,5.17878961914573
"gradient",30,"fixed",3.40754564944549,5.01748896032289
"gradient",30,"fixed",3.38064575348562,4.84458949983522
"gradient",30,"fixed",3.35042177087975,4.73961596454085
"gradient",30,"fixed",3.32216501131632,4.59970836378757
"gradient",30,"fixed",3.29563496377728,4.50736799219985
"gradient",30,"fixed",3.26660209063858,4.32599667334782
"gradient",30,"fixed",3.23750899597399,4.10456465719697
"gradient",30,"fixed",3.21024306771471,3.94505379524368
"gradient",30,"fixed",3.1812793717794,3.82841290240086
"gradient",30,"fixed",3.15412712573578,3.71467346349503
"gradient",30,"fixed",3.12566316460263,3.58486948352691
"gradient",30,"fixed",3.09758912883354,3.46243548792709
"gradient",30,"fixed",3.06866928331041,3.34785226190832
"gradient",30,"fixed",3.04036245867397,3.24249774791672
"gradient",30,"fixed",3.01266896819103,3.12671681454735
"gradient",30,"fixed",2.98453545644167,3.0779988557674
"gradient",30,"fixed",2.95614671629412,3.00082365326932
"gradient",30,"fixed",2.92857829425462,2.91778762563957
"gradient",30,"fixed",2.90006051643833,2.82443951896977
"gradient",30,"fixed",2.87168152274032,2.7592695044149
"gradient",30,"fixed",2.84352656909068,2.67216665821801
"gradient",30,"fixed",2.81566352995566,2.6179902766314
"gradient",30,"fixed",2.78747947531764,2.53512541948571
"gradient",30,"fixed",2.75913887056798,2.4614735848793
"gradient",30,"fixed",2.73077901846999,2.38702980050563
"gradient",30,"fixed",2.7025130602371,2.31278943284543
"gradient",30,"fixed",2.67443302888301,2.24160757685458
"gradient",30,"fixed",2.64661278075027,2.19178285062826
"gradient",30,"fixed",2.61820827233649,2.13630539583524
"gradient",30,"fixed",2.59027816077986,2.07394401111219
"gradient",30,"fixed",2.56205135531442,2.01995509589749
"gradient",30,"fixed",2.53368857329532,1.9618893870736
"gradient",30,"fixed",2.5056714446406,1.90931923615463
"gradient",30,"fixed",2.47739277362935,1.8651861029305
"gradient",30,"fixed",2.4493131273015,1.82305519343833
"gradient",30,"fixed",2.42121757668128,1.77786226565754
"gradient",30,"fixed",2.39294728758937,1.7347081233259
"gradient",30,"fixed",2.36489340864249,1.69992677613639
"gradient",30,"fixed",2.33665249479687,1.66089814886245
"gradient",30,"fixed",2.30858694317185,1.62289057111951
"gradient",30,"fixed",2.28035802182722,1.58017178964097
"gradient",30,"fixed",2.2521028926085,1.53780567859994
"gradient",30,"fixed",2.22393474570859,1.50040309161316
"gradient",30,"fixed",2.1959457986495,1.45731475240961
"gradient",30,"fixed",2.16773065399023,1.42145878396111
"gradient",30,"fixed",2.13958712152435,1.38733050849343
"gradient",30,"fixed",2.11132918297904,1.35181276914765
"gradient",30,"fixed",2.0832171650414,1.31607194077252
"gradient",30,"fixed",2.05508571549468,1.28340036863676
"gradient",30,"fixed",2.02692990216632,1.25032177823109
"gradient",30,"fixed",1.99875319478945,1.21289198219816
"gradient",30,"fixed",1.9706669606152,1.17788889201092
"gradient",30,"fixed",1.94247652934403,1.14585245704629
"gradient",30,"fixed",1.9143081435383,1.11386228207875
"gradient",30,"fixed",1.88618194301987,1.08230309280761
"gradient",30,"fixed",1.85804097400298,1.05142930458461
"gradient",30,"fixed",1.82984833937994,1.01944849508176
"gradient",30,"fixed",1.80172102374269,0.987623628211427
"gradient",30,"fixed",1.77356121313317,0.956071008874839
"gradient",30,"fixed",1.74542171425317,0.924193552332882
"gradient",30,"fixed",1.7172363170578,0.893860301748179
"gradient",30,"fixed",1.68906783829151,0.863344481676372
"gradient",30,"fixed",1.66092139701828,0.833683083866475
"gradient",30,"fixed",1.63280720302673,0.804857058705443
"gradient",30,"fixed",1.60465176168118,0.776092260611667
"gradient",30,"fixed",1.5764878950283,0.745071781966031
"gradient",30,"fixed",1.54830948816067,0.715537485302506
"gradient",30,"fixed",1.52019083548511,0.687943370506754
"gradient",30,"fixed",1.49202612953102,0.658624113254485
"gradient",30,"fixed",1.46386785492008,0.63192149632377
"gradient",30,"fixed",1.43570389443959,0.606426336066667
"gradient",30,"fixed",1.40755952489021,0.580074039591822
"gradient",30,"fixed",1.37940853919119,0.556143235144909
"gradient",30,"fixed",1.35126197580041,0.531084179437836
"gradient",30,"fixed",1.32311214418506,0.507862950956374
"gradient",30,"fixed",1.29495991948164,0.483836366916333
"gradient",30,"fixed",1.2668127695399,0.461798605015322
"gradient",30,"fixed",1.2386642724811,0.439986513284917
"gradient",30,"fixed",1.21049861022394,0.419199906035606
"gradient",30,"fixed",1.18236027131292,0.399132725296448
"gradient",30,"fixed",1.15419680423665,0.379577263861688
"gradient",30,"fixed",1.12604760194209,0.361306636546005
"gradient",30,"fixed",1.09789507775913,0.343962984469928
"gradient",30,"fixed",1.06974522360231,0.327095717399617
"gradient",30,"fixed",1.04159739467129,0.311786851128655
"gradient",30,"fixed",1.01344658715668,0.297323486452706
"gradient",30,"fixed",0.985295743978522,0.28337564552408
"gradient",30,"fixed",0.957144038856946,0.270504132952223
"gradient",30,"fixed",0.928988373366829,0.258324642488686
"gradient",30,"fixed",0.900841827571228,0.246442625705676
"gradient",30,"fixed",0.872688636788261,0.235386384440297
"gradient",30,"fixed",0.844538703345904,0.225096852294115
"gradient",30,"fixed",0.816384993804243,0.214959579705965
"gradient",30,"fixed",0.788235572553884,0.205315084487099
"gradient",30,"fixed",0.7600845601012,0.196350881436763
"gradient",30,"fixed",0.731928337044966,0.187621373249402
"gradient",30,"fixed",0.703776457277857,0.179025568070578
"gradient",30,"fixed",0.675627504825393,0.170811713303252
"gradient",30,"fixed",0.647477417718898,0.162810979363915
"gradient",30,"fixed",0.61932530582297,0.154886943770295
"gradient",30,"fixed",0.591173031319814,0.147335200425866
"gradient",30,"fixed",0.563024805665326,0.139897169717997
"gradient",30,"fixed",0.534871925083772,0.132661779077476
"gradient",30,"fixed",0.506721489850023,0.12559301541521
"gradient",30,"fixed",0.478569323945867,0.118476702237117
"gradient",30,"fixed",0.450418983252957,0.111601681469662
"gradient",30,"fixed",0.422268427810497,0.104736523025556
"gradient",30,"fixed",0.394117446151734,0.0979719158660965
"gradient",30,"fixed",0.365965058740219,0.0912580920643975
"gradient",30,"fixed",0.337814917628098,0.08453205703048
"gradient",30,"fixed",0.309663240209958,0.0779259084633723
"gradient",30,"fixed",0.281511805195767,0.0712677732358711
"gradient",30,"fixed",0.253360936680144,0.064589018561969
"gradient",30,"fixed",0.225208493672614,0.0579130890406515
"gradient",30,"fixed",0.197057890007013,0.0511507890151263
"gradient",30,"fixed",0.168907245781463,0.0442882291105167
"gradient",30,"fixed",0.14075584506493,0.0373643195867206
"gradient",30,"fixed",0.112604263234583,0.0303323204597008
"gradient",30,"fixed",0.0844544130018414,0.0230879276703255
"gradient",30,"fixed",0.0563021107564213,0.0156258128208703
"gradient",30,"fixed",0.0281520807506487,0.00797655393281206
"gradient",30,"fixed",5.4286844165136e-07,2.19916812503852e-07
"clustered",4,"intercept",5.90274675875823,2.63213902272689
"clustered",4,"intercept",5.42562550403857,2.62098781036618
"clustered",4,"intercept",5.20377675442221,2.5640597938011
"clustered",4,"intercept",5.05764871874397,2.53886413185869
"clustered",4,"intercept",4.9485042493189,2.53059492402241
"clustered",4,"intercept",4.8613540736,2.50964405657513
"clustered",4,"intercept",4.78880340645139,2.4587431878228
"clustered",4,"intercept",4.72665549970255,2.45335821848206
"clustered",4,"intercept",4.67229783737996,2.43538610412843
"clustered",4,"intercept",4.6239931578054,2.4276983636534
"clustered",4,"intercept",4.58052746402431,2.40090443880695
"clustered",4,"intercept",4.54101892274064,2.3898517482521
"clustered",4,"intercept",4.50480675008619,2.3873870976605
"clustered",4,"intercept",4.47138299459924,2.3840651313349
"clustered",4,"intercept",4.44034876085927,2.34739255371115
"clustered",4,"intercept",4.41138506492396,2.32983197397438
"clustered",4,"intercept",4.38423281888034,2.3240464790096
"clustered",4,"intercept",4.35867871440795,2.3144571681836
"clustered",4,"intercept",4.31168215173173,2.28659837047799
"clustered",4,"intercept",4.28996290203849,2.28504139994323
"clustered",4,"intercept",4.26927830317864,2.28399349880508
"clustered",4,"intercept",4.23064890082251,2.25406565001699
"clustered",4,"intercept",4.19517658266029,2.1947381691424
"clustered",4,"intercept",4.17847088915744,2.1916795909111
"clustered",4,"intercept",4.14687190308574,2.18646345166293
"clustered",4,"intercept",4.11741692374746,2.15430761255163
"clustered",4,"intercept",4.08983340211537,2.12247104532999
"clustered",4,"intercept",4.06389766802097,2.10949175825008
"clustered",4,"intercept",4.02768549536653,2.07674373328142
"clustered",4,"intercept",4.00511966746779,2.06543943727543
"clustered",4,"intercept",3.97332783304394,2.03814196228592
"clustered",4,"intercept",3.94370536643714,2.029147917742
"clustered",4,"intercept",3.91597502449198,2.02066038617317
"clustered",4,"intercept",3.88990953405306,2.00846726588586
"clustered",4,"intercept",3.85742377997157,1.98898516833121
"clustered",4,"intercept",3.83456089701207,1.97146208459439
"clustered",4,"intercept",3.80583674575017,1.95518420944644
"clustered",4,"intercept",3.77241299026322,1.94044999238314
"clustered",4,"intercept",3.74741072129317,1.92722735306757
"clustered",4,"intercept",3.71805532794063,1.90884922673373
"clustered",4,"intercept",3.69055915435427,1.88792936800076
"clustered",4,"intercept",3.65970871007194,1.85870527672637
"clustered",4,"intercept",3.63557503035522,1.84064801719237
"clustered",4,"intercept",3.60389368234852,1.80658287189431
"clustered",4,"intercept",3.57846430346054,1.75719111878649
"clustered",4,"intercept",3.55056424064687,1.73838159511374
"clustered",4,"intercept",3.52072971618336,1.70755579039682
"clustered",4,"intercept",3.49281363542694,1.6818594777583
"clustered",4,"intercept",3.46341406492797,1.65940600389219
"clustered",4,"intercept",3.43587913840412,1.62655247554642
"clustered",4,"intercept",3.40720242121178,1.60157361490938
"clustered",4,"intercept",3.38030252525191,1.57057493626839
"clustered",4,"intercept",3.35007854264604,1.54234534520025
"clustered",4,"intercept",3.32182178308261,1.50687504451668
"clustered",4,"intercept",3.29529173554356,1.47537188203724
"clustered",4,"intercept",3.26625886240486,1.42863104994013
"clustered",4,"intercept",3.23904583336858,1.40186627175508
"clustered",4,"intercept",3.209899839481,1.37122916730098
"clustered",4,"intercept",3.18093614354568,1.34448350947936
"clustered",4,"intercept",3.15378389750207,1.33198130404941
"clustered",4,"intercept",3.12531993636892,1.31155947543316
"clustered",4,"intercept",3.09724590059983,1.29079277449138
"clustered",4,"intercept",3.0683260550767,1.27728857132331
"clustered",4,"intercept",3.04121234789919,1.261292066392
"clustered",4,"intercept",3.01232573995732,1.23356102368105
"clustered",4,"intercept",2.98419222820796,1.21285406637132
"clustered",4,"intercept",2.9558034880604,1.19780005410027
"clustered",4,"intercept",2.9282350660209,1.18080113262514
"clustered",4,"intercept",2.89971728820461,1.16917404713992
"clustered",4,"intercept",2.87133829450661,1.15348189623755
"clustered",4,"intercept",2.84318334085696,1.14353087610977
"clustered",4,"intercept",2.81532030172194,1.12976096965125
"clustered",4,"intercept",2.78713624708393,1.11903959447992
"clustered",4,"intercept",2.75879564233427,1.10927575073012
"clustered",4,"intercept",2.731020305105,1.1009364307076
"clustered",4,"intercept",2.70271749220446,1.09202771103903
"clustered",4,"intercept",2.67460315116049,1.08382152318669
"clustered",4,"intercept",2.64626955251655,1.0788284280214
"clustered",4,"intercept",2.61831602491371,1.07055679045518
"clustered",4,"intercept",2.58993493254614,1.06231730754126
"clustered",4,"intercept",2.56170812708071,1.05477715663754
"clustered",4,"intercept",2.53371653694908,1.04625430714502
"clustered",4,"intercept",2.50532821640688,1.03822613775981
"clustered",4,"intercept",2.47737559231929,1.03095679412427
"clustered",4,"intercept",2.44927552503529,1.0246704628616
"clustered",4,"intercept",2.42087434844757,1.01761811530911
"clustered",4,"intercept",2.39287247375351,1.01023243529106
"clustered",4,"intercept",2.36455018040878,1.00369163599003
"clustered",4,"intercept",2.33654503990332,0.997101137927394
"clustered",4,"intercept",2.30846472994642,0.990476590394202
"clustered",4,"intercept",2.28022189635466,0.983095503985663
"clustered",4,"intercept",2.2519537191063,0.975346554336281
"clustered",4,"intercept",2.22395532439199,0.968199464726091
"clustered",4,"intercept",2.19577308258205,0.960773080414839
"clustered",4,"intercept",2.16754721033592,0.95367775702282
"clustered",4,"intercept",2.13939365001001,0.946111899988019
"clustered",4,"intercept",2.11126664273823,0.938768759107491
"clustered",4,"intercept",2.08313702600664,0.931646063039054
"clustered",4,"intercept",2.0549890703659,0.924048953260632
"clustered",4,"intercept",2.0268177738353,0.916790219912213
"clustered",4,"intercept",1.99862654528203,0.909367657294797
"clustered",4,"intercept",1.97052674488111,0.900985160235133
"clustered",4,"intercept",1.9423235516804,0.893496941483511
"clustered",4,"intercept",1.91423239292456,0.886330393764822
"clustered",4,"intercept",1.88600583147197,0.879215052262429
"clustered",4,"intercept",1.85793271122959,0.871553260738684
"clustered",4,"intercept",1.82972530439849,0.863841598956688
"clustered",4,"intercept",1.80158417654339,0.856380535345047
"clustered",4,"intercept",1.77341140584174,0.847828073669688
"clustered",4,"intercept",1.74525976937338,0.839602744221242
"clustered",4,"intercept",1.71711962308333,0.831529074796759
"clustered",4,"intercept",1.68899000635175,0.823319342699796
"clustered",4,"intercept",1.66082690560803,0.814738085861307
"clustered",4,"intercept",1.63269711549107,0.806243305085701
"clustered",4,"intercept",1.60452703540514,0.798428041192654
"clustered",4,"intercept",1.57639041272385,0.789760569493555
"clustered",4,"intercept",1.54823495901396,0.781375288011416
"clustered",4,"intercept",1.52009945560352,0.772933002107647
"clustered",4,"intercept",1.49191893091285,0.764251444542699
"clustered",4,"intercept",1.46377744502024,0.754652208547421
"clustered",4,"intercept",1.43562723174225,0.745425825176502
"clustered",4,"intercept",1.40749389868705,0.736078089868374
"clustered",4,"intercept",1.3793254843856,0.72691316649048
"clustered",4,"intercept",1.35118698111262,0.717451082187465
"clustered",4,"intercept",1.323020309912,0.707487118423127
"clustered",4,"intercept",1.29487372727342,0.697583713768969
"clustered",4,"intercept",1.26673052352939,0.687967014798924
"clustered",4,"intercept",1.23858446399624,0.678160505789671
"clustered",4,"intercept",1.21043753454144,0.668224573090322
"clustered",4,"intercept",1.18228148895005,0.657383208766168
"clustered",4,"intercept",1.15413240185291,0.646963475208011
"clustered",4,"intercept",1.1259802176421,0.635896178148941
"clustered",4,"intercept",1.09782398518523,0.624780490942664
"clustered",4,"intercept",1.06968255972673,0.613926248445002
"clustered",4,"intercept",1.04152907419641,0.60268078360644
"clustered",4,"intercept",1.01338341882865,0.591228669372799
"clustered",4,"intercept",0.98523599779267,0.579741544435342
"clustered",4,"intercept",0.95708618109562,0.568585242050535
"clustered",4,"intercept",0.928931047223266,0.556743723496273
"clustered",4,"intercept",0.900783847400289,0.544492718683738
"clustered",4,"intercept",0.872637058080007,0.532141614795614
"clustered",4,"intercept",0.844484005046529,0.519620926971042
"clustered",4,"intercept",0.816333534503278,0.506739174693877
"clustered",4,"intercept",0.788185811334903,0.493349064430488
"clustered",4,"intercept",0.760035133111501,0.479910484580281
"clustered",4,"intercept",0.731883903051631,0.466029517956697
"clustered",4,"intercept",0.703735234271818,0.452217693167693
"clustered",4,"intercept",0.675587914259073,0.438227021051511
"clustered",4,"intercept",0.647438063955982,0.423779981943425
"clustered",4,"intercept",0.61928948351318,0.40922722779051
"clustered",4,"intercept",0.591139099475624,0.394552819099259
"clustered",4,"intercept",0.56298734591988,0.379400248907386
"clustered",4,"intercept",0.534837604584377,0.363912923232297
"clustered",4,"intercept",0.506688711164398,0.348271536616911
"clustered",4,"intercept",0.478539945466011,0.331824423910883
"clustered",4,"intercept",0.450391355981621,0.31471318145644
"clustered",4,"intercept",0.422241095027149,0.298021524080516
"clustered",4,"intercept",0.394091819432369,0.280580208864718
"clustered",4,"intercept",0.365942201564427,0.263170832023023
"clustered",4,"intercept",0.337793232281903,0.244946665052871
"clustered",4,"intercept",0.309643532745312,0.226759399305292
"clustered",4,"intercept",0.281494637918282,0.207691541102895
"clustered",4,"intercept",0.253344716186295,0.188833376424291
"clustered",4,"intercept",0.225195464989481,0.169309862473325
"clustered",4,"intercept",0.197046365064756,0.149304401336983
"clustered",4,"intercept",0.168897337683575,0.128892859933243
"clustered",4,"intercept",0.140747545622174,0.107875088677939
"clustered",4,"intercept",0.112597464979722,0.0869720304761771
"clustered",4,"intercept",0.0844489287033935,0.0655857174516623
"clustered",4,"intercept",0.0562989218380927,0.0438186468408145
"clustered",4,"intercept",0.028149569733049,0.0216757810265512
"clustered",4,"intercept",5.4329764708198e-07,8.81717389893038e-11
"gradient",4,"intercept",5.90279130685257,2.79764879352179
"gradient",4,"intercept",5.42567005213291,2.71122667453655
"gradient",4,"intercept",5.20382130251655,2.59799723388814
"gradient",4,"intercept",5.05769326683831,2.56408395357163
"gradient",4,"intercept",4.94854879741324,2.54839856692777
"gradient",4,"intercept",4.86139862169434,2.54329408463645
"gradient",4,"intercept",4.78884795454573,2.54119001746913
"gradient",4,"intercept",4.72670004779689,2.52315861984367
"gradient",4,"intercept",4.67234238547429,2.45849091112187
"gradient",4,"intercept",4.62403770589974,2.44955160349993
"gradient",4,"intercept",4.58057201211865,2.44817827590669
"gradient",4,"intercept",4.54106347083498,2.44518359365129
"gradient",4,"intercept",4.50485129818053,2.44051237599194
"gradient",4,"intercept",4.47142754269358,2.42364213984227
"gradient",4,"intercept",4.44039330895361,2.3847437392164
"gradient",4,"intercept",4.4114296130183,2.36419869781904
"gradient",4,"intercept",4.38427736697468,2.34398307306359
"gradient",4,"intercept",4.35872326250229,2.29883826376625
"gradient",4,"intercept",4.31172669982607,2.26186303446273
"gradient",4,"intercept",4.29000745013283,2.26106406903339
"gradient",4,"intercept",4.26932285127298,2.24318612083694
"gradient",4,"intercept",4.23069344891685,2.20804834878571
"gradient",4,"intercept",4.19522113075463,2.19914357012522
"gradient",4,"intercept",4.17851543725178,2.19909023182468
"gradient",4,"intercept",4.14691645118008,2.1834837556533
"gradient",4,"intercept",4.1174614718418,2.15338102166108
"gradient",4,"intercept",4.08987795020971,2.14204698377321
"gradient",4,"intercept",4.06394221611531,2.12869012481161
"gradient",4,"intercept",4.02773004346087,2.08238401656216
"gradient",4,"intercept",4.00516421556213,2.06618011844786
"gradient",4,"intercept",3.97337238113828,2.05113859397031
"gradient",4,"intercept",3.94374991453147,2.04602624605275
"gradient",4,"intercept",3.91601957258632,2.02101360692722
"gradient",4,"intercept",3.8899540821474,2.00701151882915
"gradient",4,"intercept",3.85746832806591,1.98144914514008
"gradient",4,"intercept",3.83460544510641,1.95785469778616
"gradient",4,"intercept",3.80588129384451,1.94516475053817
"gradient",4,"intercept",3.77245753835756,1.92930761660963
"gradient",4,"intercept",3.74745526938751,1.89642486880593
"gradient",4,"intercept",3.71809987603497,1.88773775023775
"gradient",4,"intercept",3.69060370244861,1.85410169427967
"gradient",4,"intercept",3.65975325816627,1.82937863987294
"gradient",4,"intercept",3.63561957844956,1.80024013788133
"gradient",4,"intercept",3.60393823044286,1.77405994407101
"gradient",4,"intercept",3.57850885155488,1.75088180224562
"gradient",4,"intercept",3.55060878874121,1.7167099217768
"gradient",4,"intercept",3.5207742642777,1.68671043733523
"gradient",4,"intercept",3.49285818352127,1.65196177408235
"gradient",4,"intercept",3.46345861302231,1.62988101743161
"gradient",4,"intercept",3.43592368649846,1.59504577593631
"gradient",4,"intercept",3.40724696930612,1.56437160966194
"gradient",4,"intercept",3.38034707334625,1.54511135638648
"gradient",4,"intercept",3.35012309074038,1.51919078626633
"gradient",4,"intercept",3.32186633117695,1.48486175584497
"gradient",4,"intercept",3.2953362836379,1.45919385484309
"gradient",4,"intercept",3.2663034104992,1.43944324910351
"gradient",4,"intercept",3.23721031583462,1.41847020494719
"gradient",4,"intercept",3.20994438757534,1.40585879968973
"gradient",4,"intercept",3.18098069164002,1.37917890330817
"gradient",4,"intercept",3.15382844559641,1.36592581873599
"gradient",4,"intercept",3.12536448446326,1.33375502233897
"gradient",4,"intercept",3.09729044869417,1.31448304806439
"gradient",4,"intercept",3.06837060317104,1.29248500985558
"gradient",4,"intercept",3.04125689599353,1.27287049265054
"gradient",4,"intercept",3.01237028805165,1.2542788737591
"gradient",4,"intercept",2.9842367763023,1.2384262500612
"gradient",4,"intercept",2.95584803615474,1.21919343553768
"gradient",4,"intercept",2.92827961411524,1.20292046211433
"gradient",4,"intercept",2.89976183629895,1.18347738405252
"gradient",4,"intercept",2.87138284260094,1.17244189598909
"gradient",4,"intercept",2.8432278889513,1.15985670682293
"gradient",4,"intercept",2.81536484981628,1.14815467081539
"gradient",4,"intercept",2.78718079517827,1.13498214295445
"gradient",4,"intercept",2.75884019042861,1.12697842155199
"gradient",4,"intercept",2.73106485319934,1.1183218521177
"gradient",4,"intercept",2.7027620402988,1.11019826908055
"gradient",4,"intercept",2.67464769925483,1.10150242615408
"gradient",4,"intercept",2.64631410061089,1.0931891538084
"gradient",4,"intercept",2.61790959219712,1.08199330073474
"gradient",4,"intercept",2.58997948064048,1.07436446117471
"gradient",4,"intercept",2.56175267517505,1.06500878804589
"gradient",4,"intercept",2.53376108504342,1.05591230363297
"gradient",4,"intercept",2.50537276450122,1.04835817078872
"gradient",4,"intercept",2.47742014041363,1.03981660568914
"gradient",4,"intercept",2.44901444716213,1.02904744738166
"gradient",4,"intercept",2.42091889654191,1.02096023164027
"gradient",4,"intercept",2.39291702184785,1.01465109669525
"gradient",4,"intercept",2.36459472850311,1.00747547596399
"gradient",4,"intercept",2.33658958799766,1.00084707590461
"gradient",4,"intercept",2.30828826303248,0.99288450681532
"gradient",4,"intercept",2.280266444449,0.985577836409067
"gradient",4,"intercept",2.25199826720064,0.978817239882986
"gradient",4,"intercept",2.2238179309328,0.971524758190708
"gradient",4,"intercept",2.19581763067639,0.963481032337276
"gradient",4,"intercept",2.16759175843026,0.956104573618055
"gradient",4,"intercept",2.13943819810435,0.948326956694536
"gradient",4,"intercept",2.11131119083257,0.94135929895447
"gradient",4,"intercept",2.08318157410098,0.934348231411315
"gradient",4,"intercept",2.05503361846024,0.926581487883051
"gradient",4,"intercept",2.02686232192964,0.919622816332356
"gradient",4,"intercept",1.99867109337637,0.911749116584452
"gradient",4,"intercept",1.97046977486328,0.904437139326591
"gradient",4,"intercept",1.94236809977474,0.896533450019367
"gradient",4,"intercept",1.9141877635069,0.887970504740111
"gradient",4,"intercept",1.88605037956631,0.881212764628375
"gradient",4,"intercept",1.85789892337821,0.873260369742612
"gradient",4,"intercept",1.82976985249283,0.865714140670778
"gradient",4,"intercept",1.80162872463773,0.857930617075315
"gradient",4,"intercept",1.77345595393608,0.849495623698565
"gradient",4,"intercept",1.74530431746772,0.841634106310622
"gradient",4,"intercept",1.71716417117767,0.833463179309145
"gradient",4,"intercept",1.68898146221107,0.825519946768678
"gradient",4,"intercept",1.66087145370237,0.817411536390712
"gradient",4,"intercept",1.63269502543224,0.808902046303153
"gradient",4,"intercept",1.60452787431245,0.800066166757547
"gradient",4,"intercept",1.57639399350546,0.791217449254617
"gradient",4,"intercept",1.54824111134469,0.782340239257882
"gradient",4,"intercept",1.52010801641893,0.773899942109864
"gradient",4,"intercept",1.49192975263597,0.765260604287118
"gradient",4,"intercept",1.46379038277307,0.75614723038351
"gradient",4,"intercept",1.43564215336261,0.746841184100559
"gradient",4,"intercept",1.40748291217795,0.737453749456258
"gradient",4,"intercept",1.37934400812219,0.727826984588178
"gradient",4,"intercept",1.35118274714722,0.718669097227869
"gradient",4,"intercept",1.32304199799571,0.70935852880783
"gradient",4,"intercept",1.29489684988765,0.699038082000012
"gradient",4,"intercept",1.26673491030299,0.688786772952665
"gradient",4,"intercept",1.23859137091425,0.679029491409867
"gradient",4,"intercept",1.21044680354054,0.66911643783656
"gradient",4,"intercept",1.18229297250322,0.658511881565262
"gradient",4,"intercept",1.15414596045569,0.647883157274589
"gradient",4,"intercept",1.12599572128094,0.637571108147947
"gradient",4,"intercept",1.09784131203871,0.626757545615585
"gradient",4,"intercept",1.06968883837044,0.615715825203107
"gradient",4,"intercept",1.04153775488686,0.604617108992665
"gradient",4,"intercept",1.01339435019708,0.593430183786611
"gradient",4,"intercept",0.985238536868716,0.58198135891687
"gradient",4,"intercept",0.957091356595446,0.569916334113897
"gradient",4,"intercept",0.928938694147623,0.557890573295008
"gradient",4,"intercept",0.900793809991806,0.545715247490658
"gradient",4,"intercept",0.872641087581812,0.533659691741548
"gradient",4,"intercept",0.844490577722269,0.520999973636972
"gradient",4,"intercept",0.81634249052401,0.508599883961687
"gradient",4,"intercept",0.78819032952098,0.495627055762042
"gradient",4,"intercept",0.76004216359513,0.482279548738235
"gradient",4,"intercept",0.731893288210791,0.468847108645844
"gradient",4,"intercept",0.703741333671675,0.455192609979236
"gradient",4,"intercept",0.675591278701222,0.441136597715413
"gradient",4,"intercept",0.647444013028445,0.426710433003423
"gradient",4,"intercept",0.619293333033606,0.411910631899432
"gradient",4,"intercept",0.591141265178714,0.396971964707261
"gradient",4,"intercept",0.562992171655158,0.381624432820367
"gradient",4,"intercept",0.534844923235779,0.365969459379896
"gradient",4,"intercept",0.506694877068531,0.35021977474802
"gradient",4,"intercept",0.478545249935288,0.334031499411617
"gradient",4,"intercept",0.45039299338731,0.317225756607144
"gradient",4,"intercept",0.422245425482633,0.300172074955609
"gradient",4,"intercept",0.394095981564591,0.282685035582729
"gradient",4,"intercept",0.365946374936776,0.265131445141215
"gradient",4,"intercept",0.337795209557774,0.246936317963082
"gradient",4,"intercept",0.309645965178397,0.228603804031675
"gradient",4,"intercept",0.281495558578945,0.209497795829508
"gradient",4,"intercept",0.253346427825248,0.190419705576511
"gradient",4,"intercept",0.225198040098197,0.170570700035102
"gradient",4,"intercept",0.197048153666598,0.150488956335863
"gradient",4,"intercept",0.168898603808989,0.130038188397917
"gradient",4,"intercept",0.140748523340656,0.109341908058442
"gradient",4,"intercept",0.112598361000257,0.0880616795084797
"gradient",4,"intercept",0.0844499247438752,0.0663899539206654
"gradient",4,"intercept",0.0563001774122618,0.0445323164639187
"gradient",4,"intercept",0.0281500645029352,0.0222628894019763
"gradient",4,"intercept",5.43241920745931e-07,2.26322979470815e-10
"clustered",10,"intercept",5.90308998699194,7.10899048120094
"clustered",10,"intercept",5.42596873227228,7.0923926612049
"clustered",10,"intercept",5.20411998265593,6.24137448888026
"clustered",10,"intercept",5.05799194697769,6.19543493976943
"clustered",10,"intercept",4.94884747755262,5.24153323450296
"clustered",10,"intercept",4.86169730183372,5.17786775059534
"clustered",10,"intercept",4.78914663468511,5.10011139951824
"clustered",10,"intercept",4.72699872793626,4.93343316009556
"clustered",10,"intercept",4.67264106561367,4.89771479449609
"clustered",10,"intercept",4.62433638603911,4.88672788117756
"clustered",10,"intercept",4.58087069225802,4.87045839317134
"clustered",10,"intercept",4.54136215097435,4.59219994540227
"clustered",10,"intercept",4.50514997831991,4.54964558959759
"clustered",10,"intercept",4.47172622283296,4.51752371687576
"clustered",10,"intercept",4.44069198909299,4.49461725454891
"clustered",10,"intercept",4.41172829315767,4.40307381349493
"clustered",10,"intercept",4.38457604711406,4.30288276226305
"clustered",10,"intercept",4.35902194264167,4.30133593978409
"clustered",10,"intercept",4.31202537996544,4.09072295402618
"clustered",10,"intercept",4.29030613027221,4.00642150512687
"clustered",10,"intercept",4.26962153141236,3.95625575652163
"clustered",10,"intercept",4.23099212905623,3.71457410732023
"clustered",10,"intercept",4.19551981089401,3.23413364272884
"clustered",10,"intercept",4.17881411739115,3.23266587462973
"clustered",10,"intercept",4.14721513131945,3.1387132396193
"clustered",10,"intercept",4.11776015198118,3.09133426913407
"clustered",10,"intercept",4.09017663034909,3.05588132545706
"clustered",10,"intercept",4.06424089625469,2.93588500390375
"clustered",10,"intercept",4.02802872360024,2.85573284738532
"clustered",10,"intercept",4.0054628957015,2.80829561911007
"clustered",10,"intercept",3.97367106127765,2.74102380604088
"clustered",10,"intercept",3.94404859467085,2.729253047657
"clustered",10,"intercept",3.9163182527257,2.66490584503981
"clustered",10,"intercept",3.89025276228677,2.63177948840451
"clustered",10,"intercept",3.85776700820529,2.60734044780834
"clustered",10,"intercept",3.83490412524578,2.56991666982591
"clustered",10,"intercept",3.80617997398389,2.55693356099243
"clustered",10,"intercept",3.77275621849694,2.4730033826235
"clustered",10,"intercept",3.74775394952688,2.4595361308763
"clustered",10,"intercept",3.71839855617434,2.44369849801838
"clustered",10,"intercept",3.69090238258799,2.42000050431978
"clustered",10,"intercept",3.66005193830565,2.38278863534375
"clustered",10,"intercept",3.63591825858893,2.35750817568068
"clustered",10,"intercept",3.60423691058224,2.33504861396744
"clustered",10,"intercept",3.57880753169425,2.31124235214134
"clustered",10,"intercept",3.54706412979882,2.29356846249011
"clustered",10,"intercept",3.52107294441708,2.28227340186148
"clustered",10,"intercept",3.49315686366065,2.26377900507323
"clustered",10,"intercept",3.46375729316168,2.24125438728497
"clustered",10,"intercept",3.43622236663783,2.23204604808814
"clustered",10,"intercept",3.40754564944549,2.21801222996578
"clustered",10,"intercept",3.38064575348562,2.20822624190028
"clustered",10,"intercept",3.35042177087975,2.18930147057476
"clustered",10,"intercept",3.32216501131632,2.17321221437111
"clustered",10,"intercept",3.29563496377728,2.15925769541026
"clustered",10,"intercept",3.26660209063858,2.14441924080199
"clustered",10,"intercept",3.23750899597399,2.12698693246923
"clustered",10,"intercept",3.21024306771471,2.1159301329486
"clustered",10,"intercept",3.1812793717794,2.10590342379681
"clustered",10,"intercept",3.15412712573578,2.0944693037113
"clustered",10,"intercept",3.12566316460263,2.08586572582223
"clustered",10,"intercept",3.09758912883354,2.07326979867565
"clustered",10,"intercept",3.06866928331041,2.06101441251871
"clustered",10,"intercept",3.04036245867397,2.0484134175957
"clustered",10,"intercept",3.01266896819103,2.03482066088061
"clustered",10,"intercept",2.98453545644167,2.02383732557726
"clustered",10,"intercept",2.95614671629412,2.00881797342602
"clustered",10,"intercept",2.92857829425462,1.99727229415155
"clustered",10,"intercept",2.90006051643833,1.98709308011339
"clustered",10,"intercept",2.87168152274032,1.97742230770167
"clustered",10,"intercept",2.84352656909068,1.96445076503861
"clustered",10,"intercept",2.81566352995566,1.94893650682908
"clustered",10,"intercept",2.78747947531764,1.93738288137721
"clustered",10,"intercept",2.75913887056798,1.92589050405175
"clustered",10,"intercept",2.73077901846999,1.91235821946445
"clustered",10,"intercept",2.7025130602371,1.90118601519112
"clustered",10,"intercept",2.67443302888301,1.89031079744134
"clustered",10,"intercept",2.64661278075027,1.87905315293856
"clustered",10,"intercept",2.61820827233649,1.8657926342511
"clustered",10,"intercept",2.59027816077986,1.85174438937135
"clustered",10,"intercept",2.56205135531442,1.83699189653721
"clustered",10,"intercept",2.53368857329532,1.82423195845969
"clustered",10,"intercept",2.5056714446406,1.81251243026861
"clustered",10,"intercept",2.47739277362935,1.79725632484707
"clustered",10,"intercept",2.4493131273015,1.78505713724541
"clustered",10,"intercept",2.42121757668128,1.77270396887708
"clustered",10,"intercept",2.39294728758937,1.75825449634913
"clustered",10,"intercept",2.36489340864249,1.74357145522234
"clustered",10,"intercept",2.33665249479687,1.72843545700963
"clustered",10,"intercept",2.30858694317185,1.71649138758229
"clustered",10,"intercept",2.28035802182722,1.7019059050234
"clustered",10,"intercept",2.2521028926085,1.68668513143527
"clustered",10,"intercept",2.22393474570859,1.67291897418544
"clustered",10,"intercept",2.1959457986495,1.65943584042846
"clustered",10,"intercept",2.16773065399023,1.64498919317498
"clustered",10,"intercept",2.13958712152435,1.63085533154493
"clustered",10,"intercept",2.11132918297904,1.616057553653
"clustered",10,"intercept",2.0832171650414,1.60111126576821
"clustered",10,"intercept",2.05508571549468,1.5870850155008
"clustered",10,"intercept",2.02692990216632,1.57286507036126
"clustered",10,"intercept",1.99875319478945,1.55845233030958
"clustered",10,"intercept",1.9706669606152,1.54281102847956
"clustered",10,"intercept",1.94247652934403,1.526102431048
"clustered",10,"intercept",1.9143081435383,1.51010500759825
"clustered",10,"intercept",1.88618194301987,1.49404691782982
"clustered",10,"intercept",1.85804097400298,1.47669521985624
"clustered",10,"intercept",1.82984833937994,1.46031236986381
"clustered",10,"intercept",1.80172102374269,1.44315126054978
"clustered",10,"intercept",1.77356121313317,1.42648583347513
"clustered",10,"intercept",1.74542171425317,1.41010289806019
"clustered",10,"intercept",1.7172363170578,1.39178807596897
"clustered",10,"intercept",1.68906783829151,1.37307331196402
"clustered",10,"intercept",1.66092139701828,1.355723439037
"clustered",10,"intercept",1.63280720302673,1.33697927265088
"clustered",10,"intercept",1.60465176168118,1.31986415255189
"clustered",10,"intercept",1.5764878950283,1.30204316663168
"clustered",10,"intercept",1.54830948816067,1.2842099117667
"clustered",10,"intercept",1.52019083548511,1.26560053243493
"clustered",10,"intercept",1.49202612953102,1.24640820871808
"clustered",10,"intercept",1.46386785492008,1.22716086689839
"clustered",10,"intercept",1.43570389443959,1.20853171603314
"clustered",10,"intercept",1.40755952489021,1.18885231656434
"clustered",10,"intercept",1.37940853919119,1.16986030061702
"clustered",10,"intercept",1.35126197580041,1.14926972624259
"clustered",10,"intercept",1.32311214418506,1.12990833801683
"clustered",10,"intercept",1.29495991948164,1.10998985529187
"clustered",10,"intercept",1.2668127695399,1.09080333182559
"clustered",10,"intercept",1.2386642724811,1.07044780529244
"clustered",10,"intercept",1.21049861022394,1.05052802260591
"clustered",10,"intercept",1.18236027131292,1.0295440131816
"clustered",10,"intercept",1.15419680423665,1.00924018289573
"clustered",10,"intercept",1.12604760194209,0.987836123928508
"clustered",10,"intercept",1.09789507775913,0.967126399704016
"clustered",10,"intercept",1.06974522360231,0.945986240354836
"clustered",10,"intercept",1.04159739467129,0.925048275075219
"clustered",10,"intercept",1.01344658715668,0.903741947701253
"clustered",10,"intercept",0.985295743978522,0.882515394014792
"clustered",10,"intercept",0.957144038856946,0.860379446223897
"clustered",10,"intercept",0.928988373366829,0.83810761372514
"clustered",10,"intercept",0.900841827571228,0.81529229573478
"clustered",10,"intercept",0.872688636788261,0.792543600177208
"clustered",10,"intercept",0.844538703345904,0.769969494118318
"clustered",10,"intercept",0.816384993804243,0.746932878414291
"clustered",10,"intercept",0.788235572553884,0.724227332465999
"clustered",10,"intercept",0.7600845601012,0.701062898278473
"clustered",10,"intercept",0.731928337044966,0.677540792211152
"clustered",10,"intercept",0.703776457277857,0.653720782461739
"clustered",10,"intercept",0.675627504825393,0.630300844694922
"clustered",10,"intercept",0.647477417718898,0.606516290042951
"clustered",10,"intercept",0.61932530582297,0.581959310259187
"clustered",10,"intercept",0.591173031319814,0.557876037379538
"clustered",10,"intercept",0.563024805665326,0.532993337002765
"clustered",10,"intercept",0.534871925083772,0.508151996072999
"clustered",10,"intercept",0.506721489850023,0.4835144068606
"clustered",10,"intercept",0.478569323945867,0.457785795227019
"clustered",10,"intercept",0.450418983252957,0.432164301968183
"clustered",10,"intercept",0.422268427810497,0.406349321639625
"clustered",10,"intercept",0.394117446151734,0.380365254013253
"clustered",10,"intercept",0.365965058740219,0.354310734064006
"clustered",10,"intercept",0.337814917628098,0.328161899921833
"clustered",10,"intercept",0.309663240209958,0.3014238345219
"clustered",10,"intercept",0.281511805195767,0.274601344477489
"clustered",10,"intercept",0.253360936680144,0.247703119047611
"clustered",10,"intercept",0.225208493672614,0.220607376047656
"clustered",10,"intercept",0.197057890007013,0.193178554505319
"clustered",10,"intercept",0.168907245781463,0.16589810706219
"clustered",10,"intercept",0.14075584506493,0.13858104829292
"clustered",10,"intercept",0.112604263234583,0.110937641835773
"clustered",10,"intercept",0.0844544130018414,0.0831978505597985
"clustered",10,"intercept",0.0563021107564213,0.0554744586409765
"clustered",10,"intercept",0.0281520807506487,0.0279474121726076
"clustered",10,"intercept",5.4286844165136e-07,6.71733155826114e-10
"gradient",10,"intercept",5.90308998699194,6.9388586977982
"gradient",10,"intercept",5.42596873227228,6.73886658919584
"gradient",10,"intercept",5.20411998265593,6.48795219278188
"gradient",10,"intercept",5.05799194697769,6.2692215117347
"gradient",10,"intercept",4.94884747755262,6.04398383938158
"gradient",10,"intercept",4.86169730183372,6.00334489168064
"gradient",10,"intercept",4.78914663468511,5.91820297564633
"gradient",10,"intercept",4.72699872793626,5.83855444082401
"gradient",10,"intercept",4.67264106561367,5.70493652565889
"gradient",10,"intercept",4.62433638603911,5.20400332895134
"gradient",10,"intercept",4.58087069225802,5.12078338232921
"gradient",10,"intercept",4.54136215097435,5.05963615741745
"gradient",10,"intercept",4.50514997831991,4.77995488073178
"gradient",10,"intercept",4.47172622283296,4.7308461238822
"gradient",10,"intercept",4.44069198909299,4.68683553898937
"gradient",10,"intercept",4.41172829315767,4.58570805112726
"gradient",10,"intercept",4.38457604711406,4.51827067765858
"gradient",10,"intercept",4.35902194264167,4.34586509421736
"gradient",10,"intercept",4.31202537996544,4.32392474704096
"gradient",10,"intercept",4.29030613027221,4.25116105513505
"gradient",10,"intercept",4.26962153141236,4.22276072438253
"gradient",10,"intercept",4.23099212905623,4.12175570263026
"gradient",10,"intercept",4.19551981089401,3.97402221052176
"gradient",10,"intercept",4.17881411739115,3.92096636408014
"gradient",10,"intercept",4.14721513131945,3.87260167923101
"gradient",10,"intercept",4.11776015198118,3.80424737960214
"gradient",10,"intercept",4.09017663034909,3.74173933173276
"gradient",10,"intercept",4.06424089625469,3.69565711281348
"gradient",10,"intercept",4.02802872360024,3.46100363989191
"gradient",10,"intercept",4.0054628957015,3.39337215741385
"gradient",10,"intercept",3.97367106127765,3.33908939181649
"gradient",10,"intercept",3.94404859467085,3.18848710269576
"gradient",10,"intercept",3.9163182527257,3.14311294949228
"gradient",10,"intercept",3.89025276228677,3.08374695328911
"gradient",10,"intercept",3.85776700820529,3.04678486145711
"gradient",10,"intercept",3.83490412524578,2.96375611389982
"gradient",10,"intercept",3.80617997398389,2.87862237513034
"gradient",10,"intercept",3.77275621849694,2.79074965634832
"gradient",10,"intercept",3.74775394952688,2.7412687787101
"gradient",10,"intercept",3.71839855617434,2.65321932340124
"gradient",10,"intercept",3.69090238258799,2.5939074724177
"gradient",10,"intercept",3.66005193830565,2.54828120500669
"gradient",10,"intercept",3.63591825858893,2.53875178704996
"gradient",10,"intercept",3.60423691058224,2.50586824152937
"gradient",10,"intercept",3.57880753169425,2.47150995245103
"gradient",10,"intercept",3.54706412979882,2.44295493558422
"gradient",10,"intercept",3.52107294441708,2.40206882045776
"gradient",10,"intercept",3.49315686366065,2.36142416600699
"gradient",10,"intercept",3.46375729316168,2.33191934417145
"gradient",10,"intercept",3.43622236663783,2.31379184030179
"gradient",10,"intercept",3.40754564944549,2.29839122331698
"gradient",10,"intercept",3.38064575348562,2.26459911145493
"gradient",10,"intercept",3.35042177087975,2.24963837289498
"gradient",10,"intercept",3.32216501131632,2.23005516755791
"gradient",10,"intercept",3.29563496377728,2.21482932060983
"gradient",10,"intercept",3.26660209063858,2.19589139619949
"gradient",10,"intercept",3.23750899597399,2.18185594754557
"gradient",10,"intercept",3.21024306771471,2.16906721394856
"gradient",10,"intercept",3.1812793717794,2.15099166838878
"gradient",10,"intercept",3.15412712573578,2.12695723445892
"gradient",10,"intercept",3.12566316460263,2.10822647969338
"gradient",10,"intercept",3.09758912883354,2.09634331062266
"gradient",10,"intercept",3.06866928331041,2.08044042368801
"gradient",10,"intercept",3.04036245867397,2.06833751539038
"gradient",10,"intercept",3.01266896819103,2.05315035430206
"gradient",10,"intercept",2.98453545644167,2.03906479145958
"gradient",10,"intercept",2.95614671629412,2.02922454303295
"gradient",10,"intercept",2.92857829425462,2.01400721632036
"gradient",10,"intercept",2.90006051643833,2.00180539692756
"gradient",10,"intercept",2.87168152274032,1.98452013117694
"gradient",10,"intercept",2.84352656909068,1.97260327284295
"gradient",10,"intercept",2.81566352995566,1.95962601927279
"gradient",10,"intercept",2.78747947531764,1.94339518969298
"gradient",10,"intercept",2.75913887056798,1.93143407843333
"gradient",10,"intercept",2.73077901846999,1.91846728036412
"gradient",10,"intercept",2.7025130602371,1.90070393643898
"gradient",10,"intercept",2.67443302888301,1.88898060957359
"gradient",10,"intercept",2.64661278075027,1.87482332293603
"gradient",10,"intercept",2.61820827233649,1.86221416133568
"gradient",10,"intercept",2.59027816077986,1.84640088096504
"gradient",10,"intercept",2.56205135531442,1.83297374468707
"gradient",10,"intercept",2.53368857329532,1.82136134162579
"gradient",10,"intercept",2.5056714446406,1.80864199877273
"gradient",10,"intercept",2.47739277362935,1.79478170435856
"gradient",10,"intercept",2.4493131273015,1.78071247888877
"gradient",10,"intercept",2.42121757668128,1.76604169572615
"gradient",10,"intercept",2.39294728758937,1.75275617540889
"gradient",10,"intercept",2.36489340864249,1.73784824076083
"gradient",10,"intercept",2.33665249479687,1.72272345319611
"gradient",10,"intercept",2.30858694317185,1.71030395564943
"gradient",10,"intercept",2.28035802182722,1.69663365028202
"gradient",10,"intercept",2.2521028926085,1.6821653072381
"gradient",10,"intercept",2.22393474570859,1.66858648516225
"gradient",10,"intercept",2.1959457986495,1.65358957917898
"gradient",10,"intercept",2.16773065399023,1.63950014048572
"gradient",10,"intercept",2.13958712152435,1.62320077116294
"gradient",10,"intercept",2.11132918297904,1.60709907243093
"gradient",10,"intercept",2.0832171650414,1.59112812586396
"gradient",10,"intercept",2.05508571549468,1.57588821739282
"gradient",10,"intercept",2.02692990216632,1.56177318068944
"gradient",10,"intercept",1.99875319478945,1.54623342725151
"gradient",10,"intercept",1.9706669606152,1.5307098425186
"gradient",10,"intercept",1.94247652934403,1.51432656478832
"gradient",10,"intercept",1.9143081435383,1.49836930309837
"gradient",10,"intercept",1.88618194301987,1.48271991907378
"gradient",10,"intercept",1.85804097400298,1.46734284834107
"gradient",10,"intercept",1.82984833937994,1.44957451143113
"gradient",10,"intercept",1.80172102374269,1.4323240497612
"gradient",10,"intercept",1.77356121313317,1.41492038540328
"gradient",10,"intercept",1.74542171425317,1.39819790993696
"gradient",10,"intercept",1.7172363170578,1.38078000828365
"gradient",10,"intercept",1.68906783829151,1.36492011844889
"gradient",10,"intercept",1.66092139701828,1.34771179238043
"gradient",10,"intercept",1.63280720302673,1.33090158585593
"gradient",10,"intercept",1.60465176168118,1.31275534688721
"gradient",10,"intercept",1.5764878950283,1.2953055458658
"gradient",10,"intercept",1.54830948816067,1.27766175282663
"gradient",10,"intercept",1.52019083548511,1.25870648588734
"gradient",10,"intercept",1.49202612953102,1.24026785562151
"gradient",10,"intercept",1.46386785492008,1.22117800267535
"gradient",10,"intercept",1.43570389443959,1.20335280876961
"gradient",10,"intercept",1.40755952489021,1.1844670227299
"gradient",10,"intercept",1.37940853919119,1.16457006336552
"gradient",10,"intercept",1.35126197580041,1.14542445793685
"gradient",10,"intercept",1.32311214418506,1.12671258994272
"gradient",10,"intercept",1.29495991948164,1.10746647047393
"gradient",10,"intercept",1.2668127695399,1.08765011055631
"gradient",10,"intercept",1.2386642724811,1.06687531583381
"gradient",10,"intercept",1.21049861022394,1.04715674827203
"gradient",10,"intercept",1.18236027131292,1.02710183802368
"gradient",10,"intercept",1.15419680423665,1.0064634910745
"gradient",10,"intercept",1.12604760194209,0.985346857453133
"gradient",10,"intercept",1.09789507775913,0.9638417237174
"gradient",10,"intercept",1.06974522360231,0.942877259286324
"gradient",10,"intercept",1.04159739467129,0.922004976271179
"gradient",10,"intercept",1.01344658715668,0.900484802608007
"gradient",10,"intercept",0.985295743978522,0.879360364815135
"gradient",10,"intercept",0.957144038856946,0.857301028061951
"gradient",10,"intercept",0.928988373366829,0.835474829855598
"gradient",10,"intercept",0.900841827571228,0.812587208870198
"gradient",10,"intercept",0.872688636788261,0.790391374523604
"gradient",10,"intercept",0.844538703345904,0.7675678684216
"gradient",10,"intercept",0.816384993804243,0.744349360982183
"gradient",10,"intercept",0.788235572553884,0.721483250406548
"gradient",10,"intercept",0.7600845601012,0.697730905508381
"gradient",10,"intercept",0.731928337044966,0.674509047871999
"gradient",10,"intercept",0.703776457277857,0.651003116906797
"gradient",10,"intercept",0.675627504825393,0.627086199498663
"gradient",10,"intercept",0.647477417718898,0.603164618068441
"gradient",10,"intercept",0.61932530582297,0.579133099633681
"gradient",10,"intercept",0.591173031319814,0.554833297694718
"gradient",10,"intercept",0.563024805665326,0.529867056274108
"gradient",10,"intercept",0.534871925083772,0.505274697065601
"gradient",10,"intercept",0.506721489850023,0.480301176134728
"gradient",10,"intercept",0.478569323945867,0.454738467531532
"gradient",10,"intercept",0.450418983252957,0.428733759820293
"gradient",10,"intercept",0.422268427810497,0.402997162814511
"gradient",10,"intercept",0.394117446151734,0.377250892261304
"gradient",10,"intercept",0.365965058740219,0.351467948882078
"gradient",10,"intercept",0.337814917628098,0.325188137062483
"gradient",10,"intercept",0.309663240209958,0.298914290987532
"gradient",10,"intercept",0.281511805195767,0.272404048601045
"gradient",10,"intercept",0.253360936680144,0.245426072396516
"gradient",10,"intercept",0.225208493672614,0.218871946716725
"gradient",10,"intercept",0.197057890007013,0.192207831129677
"gradient",10,"intercept",0.168907245781463,0.165169341329271
"gradient",10,"intercept",0.14075584506493,0.137870501923259
"gradient",10,"intercept",0.112604263234583,0.110348524421968
"gradient",10,"intercept",0.0844544130018414,0.0829446881092777
"gradient",10,"intercept",0.0563021107564213,0.0552491860178012
"gradient",10,"intercept",0.0281520807506487,0.0274994376709174
"gradient",10,"intercept",5.4286844165136e-07,1.07759388052108e-07
"clustered",16,"intercept",5.90308998699194,8
"clustered",16,"intercept",5.42596873227228,8
"clustered",16,"intercept",5.20411998265593,8
"clustered",16,"intercept",5.05799194697769,7.9880876120305
"clustered",16,"intercept",4.94884747755262,7.57702485137516
"clustered",16,"intercept",4.86169730183372,7.55426432667305
"clustered",16,"intercept",4.78914663468511,6.81834442444092
"clustered",16,"intercept",4.72699872793626,6.28181622447811
"clustered",16,"intercept",4.67264106561367,6.17922567796194
"clustered",16,"intercept",4.62433638603911,5.75658428439891
"clustered",16,"intercept",4.58087069225802,5.73002268382517
"clustered",16,"intercept",4.54136215097435,5.47350710907952
"clustered",16,"intercept",4.50514997831991,5.05173793483084
"clustered",16,"intercept",4.47172622283296,5.00007636142708
"clustered",16,"intercept",4.44069198909299,4.75438827414377
"clustered",16,"intercept",4.41172829315767,4.62979685386759
"clustered",16,"intercept",4.38457604711406,4.55958025717699
"clustered",16,"intercept",4.35902194264167,4.33185837613908
"clustered",16,"intercept",4.31202537996544,4.22633367227525
"clustered",16,"intercept",4.29030613027221,4.17004427036515
"clustered",16,"intercept",4.26962153141236,4.15134660374655
"clustered",16,"intercept",4.23099212905623,4.14228378326067
"clustered",16,"intercept",4.19551981089401,4.06733140794627
"clustered",16,"intercept",4.17881411739115,3.93928315063464
"clustered",16,"intercept",4.14721513131945,3.86274431942201
"clustered",16,"intercept",4.11776015198118,3.78134985244902
"clustered",16,"intercept",4.09017663034909,3.64055853254182
"clustered",16,"intercept",4.06424089625469,3.57966855035748
"clustered",16,"intercept",4.02802872360024,3.48132946301281
"clustered",16,"intercept",4.0054628957015,3.44497756949936
"clustered",16,"intercept",3.97367106127765,3.32651373414552
"clustered",16,"intercept",3.94404859467085,3.24243405030447
"clustered",16,"intercept",3.9163182527257,3.17479015645139
"clustered",16,"intercept",3.89025276228677,3.11081735547035
"clustered",16,"intercept",3.85776700820529,3.07720313160902
"clustered",16,"intercept",3.83490412524578,3.06184916965036
"clustered",16,"intercept",3.80617997398389,3.00547055668982
"clustered",16,"intercept",3.77275621849694,2.98283973631461
"clustered",16,"intercept",3.74775394952688,2.94123472703591
"clustered",16,"intercept",3.71839855617434,2.9067378714418
"clustered",16,"intercept",3.69090238258799,2.88367308912405
"clustered",16,"intercept",3.66005193830565,2.86191511106339
"clustered",16,"intercept",3.63591825858893,2.84464399339411
"clustered",16,"intercept",3.60423691058224,2.79640658041406
"clustered",16,"intercept",3.57880753169425,2.77718168317479
"clustered",16,"intercept",3.54706412979882,2.72813949836003
"clustered",16,"intercept",3.52107294441708,2.70762102039743
"clustered",16,"intercept",3.49315686366065,2.69304619915508
"clustered",16,"intercept",3.46375729316168,2.67571489528952
"clustered",16,"intercept",3.43622236663783,2.65620849222312
"clustered",16,"intercept",3.40754564944549,2.63337309258061
"clustered",16,"intercept",3.38064575348562,2.61865863520817
"clustered",16,"intercept",3.35042177087975,2.60800174526594
"clustered",16,"intercept",3.32216501131632,2.58485038459387
"clustered",16,"intercept",3.29563496377728,2.56741646142961
"clustered",16,"intercept",3.26660209063858,2.54400493094044
"clustered",16,"intercept",3.23750899597399,2.53107436916386
"clustered",16,"intercept",3.21024306771471,2.52338093917894
"clustered",16,"intercept",3.1812793717794,2.49938870233772
"clustered",16,"intercept",3.15412712573578,2.47524127009871
"clustered",16,"intercept",3.12566316460263,2.45379380500669
"clustered",16,"intercept",3.09758912883354,2.43857466820982
"clustered",16,"intercept",3.06866928331041,2.4209507700214
"clustered",16,"intercept",3.04036245867397,2.40264443702987
"clustered",16,"intercept",3.01266896819103,2.38740726845143
"clustered",16,"intercept",2.98453545644167,2.37041979070618
"clustered",16,"intercept",2.95614671629412,2.35198949538718
"clustered",16,"intercept",2.92857829425462,2.33256307920788
"clustered",16,"intercept",2.90006051643833,2.31434754179159
"clustered",16,"intercept",2.87168152274032,2.30082095453059
"clustered",16,"intercept",2.84352656909068,2.28196507451358
"clustered",16,"intercept",2.81566352995566,2.26328003019785
"clustered",16,"intercept",2.78747947531764,2.24337230260326
"clustered",16,"intercept",2.75913887056798,2.22642937571709
"clustered",16,"intercept",2.73077901846999,2.21046479397016
"clustered",16,"intercept",2.7025130602371,2.1924306919001
"clustered",16,"intercept",2.67443302888301,2.17731956577765
"clustered",16,"intercept",2.64661278075027,2.16324536947347
"clustered",16,"intercept",2.61820827233649,2.14520415255454
"clustered",16,"intercept",2.59027816077986,2.12697276216092
"clustered",16,"intercept",2.56205135531442,2.11067643522403
"clustered",16,"intercept",2.53368857329532,2.09291933927032
"clustered",16,"intercept",2.5056714446406,2.07804715005069
"clustered",16,"intercept",2.47739277362935,2.06000224580061
"clustered",16,"intercept",2.4493131273015,2.04274815878864
"clustered",16,"intercept",2.42121757668128,2.02623903943021
"clustered",16,"intercept",2.39294728758937,2.01018969884797
"clustered",16,"intercept",2.36489340864249,1.99516112812753
"clustered",16,"intercept",2.33665249479687,1.97692394987978
"clustered",16,"intercept",2.30858694317185,1.95659123756942
"clustered",16,"intercept",2.28035802182722,1.94101990381451
"clustered",16,"intercept",2.2521028926085,1.92009855995973
"clustered",16,"intercept",2.22393474570859,1.90395254977441
"clustered",16,"intercept",2.1959457986495,1.88623044715672
"clustered",16,"intercept",2.16773065399023,1.86970992185643
"clustered",16,"intercept",2.13958712152435,1.8533405816071
"clustered",16,"intercept",2.11132918297904,1.83448392176599
"clustered",16,"intercept",2.0832171650414,1.81419380465599
"clustered",16,"intercept",2.05508571549468,1.79449599845663
"clustered",16,"intercept",2.02692990216632,1.77315124690665
"clustered",16,"intercept",1.99875319478945,1.75171541448579
"clustered",16,"intercept",1.9706669606152,1.7325796130795
"clustered",16,"intercept",1.94247652934403,1.71195395650263
"clustered",16,"intercept",1.9143081435383,1.69201459167655
"clustered",16,"intercept",1.88618194301987,1.67251503637094
"clustered",16,"intercept",1.85804097400298,1.65359928015423
"clustered",16,"intercept",1.82984833937994,1.63309865557542
"clustered",16,"intercept",1.80172102374269,1.61352023153478
"clustered",16,"intercept",1.77356121313317,1.59227774787058
"clustered",16,"intercept",1.74542171425317,1.57269232835394
"clustered",16,"intercept",1.7172363170578,1.55211324135246
"clustered",16,"intercept",1.68906783829151,1.53213924693233
"clustered",16,"intercept",1.66092139701828,1.51145960866434
"clustered",16,"intercept",1.63280720302673,1.49027605087226
"clustered",16,"intercept",1.60465176168118,1.46847322648517
"clustered",16,"intercept",1.5764878950283,1.44688955119677
"clustered",16,"intercept",1.54830948816067,1.42524422905732
"clustered",16,"intercept",1.52019083548511,1.40355714008443
"clustered",16,"intercept",1.49202612953102,1.38140321965951
"clustered",16,"intercept",1.46386785492008,1.3585868290078
"clustered",16,"intercept",1.43570389443959,1.33567451702983
"clustered",16,"intercept",1.40755952489021,1.31141951117527
"clustered",16,"intercept",1.37940853919119,1.28796739656128
"clustered",16,"intercept",1.35126197580041,1.26423436937827
"clustered",16,"intercept",1.32311214418506,1.2408186428548
"clustered",16,"intercept",1.29495991948164,1.21662771617047
"clustered",16,"intercept",1.2668127695399,1.19323486152339
"clustered",16,"intercept",1.2386642724811,1.16951382603962
"clustered",16,"intercept",1.21049861022394,1.146360694084
"clustered",16,"intercept",1.18236027131292,1.12210817112105
"clustered",16,"intercept",1.15419680423665,1.09742422734069
"clustered",16,"intercept",1.12604760194209,1.07289868078663
"clustered",16,"intercept",1.09789507775913,1.04776179070528
"clustered",16,"intercept",1.06974522360231,1.02340219155487
"clustered",16,"intercept",1.04159739467129,0.99956429232645
"clustered",16,"intercept",1.01344658715668,0.975383944861313
"clustered",16,"intercept",0.985295743978522,0.949699101375032
"clustered",16,"intercept",0.957144038856946,0.924624683730337
"clustered",16,"intercept",0.928988373366829,0.899599088979069
"clustered",16,"intercept",0.900841827571228,0.874559834519268
"clustered",16,"intercept",0.872688636788261,0.84824351494087
"clustered",16,"intercept",0.844538703345904,0.822454000942559
"clustered",16,"intercept",0.816384993804243,0.795849128077454
"clustered",16,"intercept",0.788235572553884,0.77004365667529
"clustered",16,"intercept",0.7600845601012,0.743838401051843
"clustered",16,"intercept",0.731928337044966,0.717850708485785
"clustered",16,"intercept",0.703776457277857,0.691405014543086
"clustered",16,"intercept",0.675627504825393,0.66523683298822
"clustered",16,"intercept",0.647477417718898,0.638425719933656
"clustered",16,"intercept",0.61932530582297,0.611993838270287
"clustered",16,"intercept",0.591173031319814,0.585550186422552
"clustered",16,"intercept",0.563024805665326,0.558381607071864
"clustered",16,"intercept",0.534871925083772,0.531406447017522
"clustered",16,"intercept",0.506721489850023,0.504082829715756
"clustered",16,"intercept",0.478569323945867,0.476942416248193
"clustered",16,"intercept",0.450418983252957,0.45015854461367
"clustered",16,"intercept",0.422268427810497,0.422612147893885
"clustered",16,"intercept",0.394117446151734,0.395099560711833
"clustered",16,"intercept",0.365965058740219,0.367199419375117
"clustered",16,"intercept",0.337814917628098,0.339419113122025
"clustered",16,"intercept",0.309663240209958,0.311596572999661
"clustered",16,"intercept",0.281511805195767,0.283470439869482
"clustered",16,"intercept",0.253360936680144,0.255484342378564
"clustered",16,"intercept",0.225208493672614,0.227657042064597
"clustered",16,"intercept",0.197057890007013,0.199268327045513
"clustered",16,"intercept",0.168907245781463,0.170625199644485
"clustered",16,"intercept",0.14075584506493,0.141851878019407
"clustered",16,"intercept",0.112604263234583,0.113250785065175
"clustered",16,"intercept",0.0844544130018414,0.084980441686934
"clustered",16,"intercept",0.0563021107564213,0.0567377591319447
"clustered",16,"intercept",0.0281520807506487,0.02836755201677
"clustered",16,"intercept",5.4286844165136e-07,6.96604317996654e-07
"gradient",16,"intercept",5.90308998699194,8
"gradient",16,"intercept",5.42596873227228,8
"gradient",16,"intercept",5.20411998265593,8
"gradient",16,"intercept",5.05799194697769,8
"gradient",16,"intercept",4.94884747755262,8
"gradient",16,"intercept",4.86169730183372,8
"gradient",16,"intercept",4.78914663468511,8
"gradient",16,"intercept",4.72699872793626,7.67873512991284
"gradient",16,"intercept",4.67264106561367,7.57187231106778
"gradient",16,"intercept",4.62433638603911,7.14017557699179
"gradient",16,"intercept",4.58087069225802,6.9686490209568
"gradient",16,"intercept",4.54136215097435,6.9008467313949
"gradient",16,"intercept",4.50514997831991,6.7856866473109
"gradient",16,"intercept",4.47172622283296,6.68851825218626
"gradient",16,"intercept",4.44069198909299,6.62823343585823
"gradient",16,"intercept",4.41172829315767,6.56018222612072
"gradient",16,"intercept",4.38457604711406,6.29299287490173
"gradient",16,"intercept",4.35902194264167,6.0826005657202
"gradient",16,"intercept",4.31202537996544,5.86552326891399
"gradient",16,"intercept",4.29030613027221,5.82924680753686
"gradient",16,"intercept",4.26962153141236,5.82003971577364
"gradient",16,"intercept",4.23099212905623,5.28041084592411
"gradient",16,"intercept",4.19551981089401,5.1340094620798
"gradient",16,"intercept",4.17881411739115,5.09303263157803
"gradient",16,"intercept",4.14721513131945,5.02738305575592
"gradient",16,"intercept",4.11776015198118,4.81135843472387
"gradient",16,"intercept",4.09017663034909,4.67320372478155
"gradient",16,"intercept",4.06424089625469,4.61985018410221
"gradient",16,"intercept",4.02802872360024,4.48837661196765
"gradient",16,"intercept",4.0054628957015,4.29965105588349
"gradient",16,"intercept",3.97367106127765,4.17603239509045
"gradient",16,"intercept",3.94404859467085,3.98380929944207
"gradient",16,"intercept",3.9163182527257,3.96389680064611
"gradient",16,"intercept",3.89025276228677,3.90131270867185
"gradient",16,"intercept",3.85776700820529,3.81263654613675
"gradient",16,"intercept",3.83490412524578,3.74768905741886
"gradient",16,"intercept",3.80617997398389,3.65491838905025
"gradient",16,"intercept",3.77275621849694,3.37954147238719
"gradient",16,"intercept",3.74775394952688,3.32085606146634
"gradient",16,"intercept",3.71839855617434,3.2378953186248
"gradient",16,"intercept",3.69090238258799,3.18952835680358
"gradient",16,"intercept",3.66005193830565,3.07987782655135
"gradient",16,"intercept",3.63591825858893,3.01637734608647
"gradient",16,"intercept",3.60423691058224,2.97406086259882
"gradient",16,"intercept",3.57880753169425,2.93645167977953
"gradient",16,"intercept",3.54706412979882,2.89720094929703
"gradient",16,"intercept",3.52107294441708,2.87018314881919
"gradient",16,"intercept",3.49315686366065,2.83138987325798
"gradient",16,"intercept",3.46375729316168,2.79447262007212
"gradient",16,"intercept",3.43622236663783,2.74355428500473
"gradient",16,"intercept",3.40754564944549,2.72036053713188
"gradient",16,"intercept",3.38064575348562,2.69301970809182
"gradient",16,"intercept",3.35042177087975,2.65531218139403
"gradient",16,"intercept",3.32216501131632,2.62765783543882
"gradient",16,"intercept",3.29563496377728,2.6057913617772
"gradient",16,"intercept",3.26660209063858,2.57941698141297
"gradient",16,"intercept",3.23750899597399,2.55008683601194
"gradient",16,"intercept",3.21024306771471,2.53425159085479
"gradient",16,"intercept",3.1812793717794,2.51696262183958
"gradient",16,"intercept",3.15412712573578,2.49265200212104
"gradient",16,"intercept",3.12566316460263,2.4748812705132
"gradient",16,"intercept",3.09758912883354,2.45855142466957
"gradient",16,"intercept",3.06866928331041,2.43691333130188
"gradient",16,"intercept",3.04036245867397,2.41641920294385
"gradient",16,"intercept",3.01266896819103,2.39496152279189
"gradient",16,"intercept",2.98453545644167,2.37370170410851
"gradient",16,"intercept",2.95614671629412,2.3553488016377
"gradient",16,"intercept",2.92857829425462,2.33935661150347
"gradient",16,"intercept",2.90006051643833,2.32393372414867
"gradient",16,"intercept",2.87168152274032,2.30370647597017
"gradient",16,"intercept",2.84352656909068,2.28908528766454
"gradient",16,"intercept",2.81566352995566,2.27197467246641
"gradient",16,"intercept",2.78747947531764,2.25157422056938
"gradient",16,"intercept",2.75913887056798,2.23699103197917
"gradient",16,"intercept",2.73077901846999,2.21361630352302
"gradient",16,"intercept",2.7025130602371,2.19580411486799
"gradient",16,"intercept",2.67443302888301,2.17405259545115
"gradient",16,"intercept",2.64661278075027,2.15804094992352
"gradient",16,"intercept",2.61820827233649,2.13932984266676
"gradient",16,"intercept",2.59027816077986,2.1174161014827
"gradient",16,"intercept",2.56205135531442,2.10206677211702
"gradient",16,"intercept",2.53368857329532,2.08481365734459
"gradient",16,"intercept",2.5056714446406,2.06800761802094
"gradient",16,"intercept",2.47739277362935,2.05057818019695
"gradient",16,"intercept",2.4493131273015,2.03020006021553
"gradient",16,"intercept",2.42121757668128,2.00911381311287
"gradient",16,"intercept",2.39294728758937,1.99100312272106
"gradient",16,"intercept",2.36489340864249,1.96916373902989
"gradient",16,"intercept",2.33665249479687,1.95049591671349
"gradient",16,"intercept",2.30858694317185,1.9286711401264
"gradient",16,"intercept",2.28035802182722,1.91122332463667
"gradient",16,"intercept",2.2521028926085,1.89296897806229
"gradient",16,"intercept",2.22393474570859,1.87373290202946
"gradient",16,"intercept",2.1959457986495,1.85397579343369
"gradient",16,"intercept",2.16773065399023,1.83466046739094
"gradient",16,"intercept",2.13958712152435,1.81644561718957
"gradient",16,"intercept",2.11132918297904,1.79811793524299
"gradient",16,"intercept",2.0832171650414,1.77703376168392
"gradient",16,"intercept",2.05508571549468,1.75929424547271
"gradient",16,"intercept",2.02692990216632,1.7413530929508
"gradient",16,"intercept",1.99875319478945,1.72278392732324
"gradient",16,"intercept",1.9706669606152,1.70121280218917
"gradient",16,"intercept",1.94247652934403,1.68221761258898
"gradient",16,"intercept",1.9143081435383,1.66350161159251
"gradient",16,"intercept",1.88618194301987,1.64403441490696
"gradient",16,"intercept",1.85804097400298,1.62400912827729
"gradient",16,"intercept",1.82984833937994,1.60578880200134
"gradient",16,"intercept",1.80172102374269,1.58594066669356
"gradient",16,"intercept",1.77356121313317,1.56397297639973
"gradient",16,"intercept",1.74542171425317,1.5435139291998
"gradient",16,"intercept",1.7172363170578,1.52359334048276
"gradient",16,"intercept",1.68906783829151,1.50138555932789
"gradient",16,"intercept",1.66092139701828,1.48081291624103
"gradient",16,"intercept",1.63280720302673,1.45968646776611
"gradient",16,"intercept",1.60465176168118,1.4367777786376
"gradient",16,"intercept",1.5764878950283,1.41527236639576
"gradient",16,"intercept",1.54830948816067,1.3922483313266
"gradient",16,"intercept",1.52019083548511,1.3703072419368
"gradient",16,"intercept",1.49202612953102,1.34755986183356
"gradient",16,"intercept",1.46386785492008,1.32408872678597
"gradient",16,"intercept",1.43570389443959,1.30209666526928
"gradient",16,"intercept",1.40755952489021,1.28012426804363
"gradient",16,"intercept",1.37940853919119,1.25658693879928
"gradient",16,"intercept",1.35126197580041,1.23339051243481
"gradient",16,"intercept",1.32311214418506,1.20997371967894
"gradient",16,"intercept",1.29495991948164,1.18756066218587
"gradient",16,"intercept",1.2668127695399,1.16449067513635
"gradient",16,"intercept",1.2386642724811,1.14192217065185
"gradient",16,"intercept",1.21049861022394,1.11796018094372
"gradient",16,"intercept",1.18236027131292,1.09417238323582
"gradient",16,"intercept",1.15419680423665,1.06979301062013
"gradient",16,"intercept",1.12604760194209,1.04628737676021
"gradient",16,"intercept",1.09789507775913,1.02319122025925
"gradient",16,"intercept",1.06974522360231,0.998350676557321
"gradient",16,"intercept",1.04159739467129,0.97401866475216
"gradient",16,"intercept",1.01344658715668,0.948974716893617
"gradient",16,"intercept",0.985295743978522,0.924856203307416
"gradient",16,"intercept",0.957144038856946,0.900788779615189
"gradient",16,"intercept",0.928988373366829,0.876183702698366
"gradient",16,"intercept",0.900841827571228,0.851072997536947
"gradient",16,"intercept",0.872688636788261,0.826597954025775
"gradient",16,"intercept",0.844538703345904,0.801506398275085
"gradient",16,"intercept",0.816384993804243,0.776954415100717
"gradient",16,"intercept",0.788235572553884,0.75100735442484
"gradient",16,"intercept",0.7600845601012,0.725617124877329
"gradient",16,"intercept",0.731928337044966,0.700320925408124
"gradient",16,"intercept",0.703776457277857,0.674737723030364
"gradient",16,"intercept",0.675627504825393,0.648917363005256
"gradient",16,"intercept",0.647477417718898,0.623006732511274
"gradient",16,"intercept",0.61932530582297,0.597738209540679
"gradient",16,"intercept",0.591173031319814,0.571659898583266
"gradient",16,"intercept",0.563024805665326,0.545915444072907
"gradient",16,"intercept",0.534871925083772,0.519987278524883
"gradient",16,"intercept",0.506721489850023,0.493690777826661
"gradient",16,"intercept",0.478569323945867,0.46738591498773
"gradient",16,"intercept",0.450418983252957,0.440759001100381
"gradient",16,"intercept",0.422268427810497,0.413931469827183
"gradient",16,"intercept",0.394117446151734,0.387118328025109
"gradient",16,"intercept",0.365965058740219,0.359968293092092
"gradient",16,"intercept",0.337814917628098,0.332668272557682
"gradient",16,"intercept",0.309663240209958,0.30519036916027
"gradient",16,"intercept",0.281511805195767,0.277353450558051
"gradient",16,"intercept",0.253360936680144,0.250245232779549
"gradient",16,"intercept",0.225208493672614,0.222824689528471
"gradient",16,"intercept",0.197057890007013,0.19502133698802
"gradient",16,"intercept",0.168907245781463,0.167273982593816
"gradient",16,"intercept",0.14075584506493,0.13938752686319
"gradient",16,"intercept",0.112604263234583,0.111949267703337
"gradient",16,"intercept",0.0844544130018414,0.0837087455027695
"gradient",16,"intercept",0.0563021107564213,0.0557255336799899
"gradient",16,"intercept",0.0281520807506487,0.0280870542260675
"gradient",16,"intercept",5.4286844165136e-07,2.03003887497709e-07
"clustered",24,"intercept",5.90308998699194,8
"clustered",24,"intercept",5.42596873227228,8
"clustered",24,"intercept",5.20411998265593,8
"clustered",24,"intercept",5.05799194697769,7.72928606336882
"clustered",24,"intercept",4.94884747755262,7.66306651699375
"clustered",24,"intercept",4.86169730183372,7.32961892785687
"clustered",24,"intercept",4.78914663468511,7.06024862111095
"clustered",24,"intercept",4.72699872793626,6.98468890574788
"clustered",24,"intercept",4.67264106561367,6.69115338455754
"clustered",24,"intercept",4.62433638603911,6.62862814269639
"clustered",24,"intercept",4.58087069225802,6.54009181664935
"clustered",24,"intercept",4.54136215097435,6.47485015204415
"clustered",24,"intercept",4.50514997831991,6.4609565241475
"clustered",24,"intercept",4.47172622283296,6.35720902655179
"clustered",24,"intercept",4.44069198909299,5.7818324103573
"clustered",24,"intercept",4.41172829315767,5.70529207415341
"clustered",24,"intercept",4.38457604711406,5.67917797796105
"clustered",24,"intercept",4.35902194264167,5.60044548067049
"clustered",24,"intercept",4.31202537996544,5.41552506458988
"clustered",24,"intercept",4.29030613027221,5.29919510456812
"clustered",24,"intercept",4.26962153141236,5.20801732360944
"clustered",24,"intercept",4.23099212905623,4.79807850167598
"clustered",24,"intercept",4.19551981089401,4.72779813847332
"clustered",24,"intercept",4.17881411739115,4.62818649884046
"clustered",24,"intercept",4.14721513131945,4.43739177795703
"clustered",24,"intercept",4.11776015198118,4.38712424735235
"clustered",24,"intercept",4.09017663034909,4.21734936674762
"clustered",24,"intercept",4.06424089625469,4.11642077090471
"clustered",24,"intercept",4.02802872360024,3.93752375914592
"clustered",24,"intercept",4.0054628957015,3.8520258974502
"clustered",24,"intercept",3.97367106127765,3.77901763098571
"clustered",24,"intercept",3.94404859467085,3.71126014122405
"clustered",24,"intercept",3.9163182527257,3.67937186818833
"clustered",24,"intercept",3.89025276228677,3.59472120793751
"clustered",24,"intercept",3.85776700820529,3.55720014669873
"clustered",24,"intercept",3.83490412524578,3.51966769418612
"clustered",24,"intercept",3.80617997398389,3.44007336262806
"clustered",24,"intercept",3.77275621849694,3.36725473562244
"clustered",24,"intercept",3.74775394952688,3.29037986916031
"clustered",24,"intercept",3.71839855617434,3.25680921479811
"clustered",24,"intercept",3.69090238258799,3.22692170698616
"clustered",24,"intercept",3.66005193830565,3.18547755929012
"clustered",24,"intercept",3.63591825858893,3.16192183367003
"clustered",24,"intercept",3.60423691058224,3.12658018172116
"clustered",24,"intercept",3.57880753169425,3.10596613716671
"clustered",24,"intercept",3.54706412979882,3.05454427076884
"clustered",24,"intercept",3.52107294441708,3.02240990241381
"clustered",24,"intercept",3.49315686366065,2.99953456831816
"clustered",24,"intercept",3.46375729316168,2.97761253453841
"clustered",24,"intercept",3.43622236663783,2.93754473919312
"clustered",24,"intercept",3.40754564944549,2.90594699660454
"clustered",24,"intercept",3.38064575348562,2.87608905440098
"clustered",24,"intercept",3.35042177087975,2.85907963974453
"clustered",24,"intercept",3.32216501131632,2.83627035501878
"clustered",24,"intercept",3.29563496377728,2.82317199448251
"clustered",24,"intercept",3.26660209063858,2.7989635516458
"clustered",24,"intercept",3.23750899597399,2.77960421541042
"clustered",24,"intercept",3.21024306771471,2.76293844151039
"clustered",24,"intercept",3.1812793717794,2.73917921719738
"clustered",24,"intercept",3.15412712573578,2.72015365663287
"clustered",24,"intercept",3.12566316460263,2.70441071691976
"clustered",24,"intercept",3.09758912883354,2.68616577284366
"clustered",24,"intercept",3.06866928331041,2.66981429126329
"clustered",24,"intercept",3.04036245867397,2.64749548634883
"clustered",24,"intercept",3.01266896819103,2.62024074660237
"clustered",24,"intercept",2.98453545644167,2.60466736979711
"clustered",24,"intercept",2.95614671629412,2.5816857831365
"clustered",24,"intercept",2.92857829425462,2.55980754872803
"clustered",24,"intercept",2.90006051643833,2.53922860372562
"clustered",24,"intercept",2.87168152274032,2.5184734822418
"clustered",24,"intercept",2.84352656909068,2.49302315728161
"clustered",24,"intercept",2.81566352995566,2.47173931728266
"clustered",24,"intercept",2.78747947531764,2.45131766493638
"clustered",24,"intercept",2.75913887056798,2.4331213497889
"clustered",24,"intercept",2.73077901846999,2.41530040643786
"clustered",24,"intercept",2.7025130602371,2.39632989970315
"clustered",24,"intercept",2.67443302888301,2.37104924179575
"clustered",24,"intercept",2.64661278075027,2.35192673397563
"clustered",24,"intercept",2.61820827233649,2.33204917614977
"clustered",24,"intercept",2.59027816077986,2.31315735828783
"clustered",24,"intercept",2.56205135531442,2.28779013890009
"clustered",24,"intercept",2.53368857329532,2.26798424014724
"clustered",24,"intercept",2.5056714446406,2.24786660394459
"clustered",24,"intercept",2.47739277362935,2.22914943492736
"clustered",24,"intercept",2.4493131273015,2.20672898738078
"clustered",24,"intercept",2.42121757668128,2.1879637884549
"clustered",24,"intercept",2.39294728758937,2.16789475367223
"clustered",24,"intercept",2.36489340864249,2.14785882952364
"clustered",24,"intercept",2.33665249479687,2.12705609233311
"clustered",24,"intercept",2.30858694317185,2.10502908297137
"clustered",24,"intercept",2.28035802182722,2.08256025996203
"clustered",24,"intercept",2.2521028926085,2.06241679921995
"clustered",24,"intercept",2.22393474570859,2.04039685588036
"clustered",24,"intercept",2.1959457986495,2.02113732151153
"clustered",24,"intercept",2.16773065399023,2.00121997415112
"clustered",24,"intercept",2.13958712152435,1.98065266109727
"clustered",24,"intercept",2.11132918297904,1.96007197864504
"clustered",24,"intercept",2.0832171650414,1.93869678920887
"clustered",24,"intercept",2.05508571549468,1.91731701970274
"clustered",24,"intercept",2.02692990216632,1.89763221801519
"clustered",24,"intercept",1.99875319478945,1.87634913844071
"clustered",24,"intercept",1.9706669606152,1.85476427409629
"clustered",24,"intercept",1.94247652934403,1.83328884727912
"clustered",24,"intercept",1.9143081435383,1.81156497908528
"clustered",24,"intercept",1.88618194301987,1.78833692631867
"clustered",24,"intercept",1.85804097400298,1.76680260698586
"clustered",24,"intercept",1.82984833937994,1.74299673853367
"clustered",24,"intercept",1.80172102374269,1.72013613344149
"clustered",24,"intercept",1.77356121313317,1.69522408543505
"clustered",24,"intercept",1.74542171425317,1.67083345238674
"clustered",24,"intercept",1.7172363170578,1.6462896605628
"clustered",24,"intercept",1.68906783829151,1.62230969898159
"clustered",24,"intercept",1.66092139701828,1.59757589339575
"clustered",24,"intercept",1.63280720302673,1.57208289357575
"clustered",24,"intercept",1.60465176168118,1.54948645622483
"clustered",24,"intercept",1.5764878950283,1.52465098207803
"clustered",24,"intercept",1.54830948816067,1.50163235567698
"clustered",24,"intercept",1.52019083548511,1.47532373078408
"clustered",24,"intercept",1.49202612953102,1.45131885764557
"clustered",24,"intercept",1.46386785492008,1.42634192014813
"clustered",24,"intercept",1.43570389443959,1.40215146074871
"clustered",24,"intercept",1.40755952489021,1.37650729346634
"clustered",24,"intercept",1.37940853919119,1.35082489795006
"clustered",24,"intercept",1.35126197580041,1.32502712965863
"clustered",24,"intercept",1.32311214418506,1.29867310577896
"clustered",24,"intercept",1.29495991948164,1.27190554968942
"clustered",24,"intercept",1.2668127695399,1.24606780008269
"clustered",24,"intercept",1.2386642724811,1.2196182934256
"clustered",24,"intercept",1.21049861022394,1.19405587893941
"clustered",24,"intercept",1.18236027131292,1.16653391109972
"clustered",24,"intercept",1.15419680423665,1.13991220507883
"clustered",24,"intercept",1.12604760194209,1.11299068207792
"clustered",24,"intercept",1.09789507775913,1.08683839735289
"clustered",24,"intercept",1.06974522360231,1.06039848770444
"clustered",24,"intercept",1.04159739467129,1.03333105862367
"clustered",24,"intercept",1.01344658715668,1.00652740175114
"clustered",24,"intercept",0.985295743978522,0.97926248842319
"clustered",24,"intercept",0.957144038856946,0.952478494684697
"clustered",24,"intercept",0.928988373366829,0.926144651561005
"clustered",24,"intercept",0.900841827571228,0.898804238821295
"clustered",24,"intercept",0.872688636788261,0.871310114485898
"clustered",24,"intercept",0.844538703345904,0.843861786829059
"clustered",24,"intercept",0.816384993804243,0.816886501550053
"clustered",24,"intercept",0.788235572553884,0.789847538263707
"clustered",24,"intercept",0.7600845601012,0.761967848039445
"clustered",24,"intercept",0.731928337044966,0.73399877377686
"clustered",24,"intercept",0.703776457277857,0.707080142127628
"clustered",24,"intercept",0.675627504825393,0.679151167925787
"clustered",24,"intercept",0.647477417718898,0.652011078604135
"clustered",24,"intercept",0.61932530582297,0.624463754720569
"clustered",24,"intercept",0.591173031319814,0.596856347076814
"clustered",24,"intercept",0.563024805665326,0.568358275299004
"clustered",24,"intercept",0.534871925083772,0.540314639812273
"clustered",24,"intercept",0.506721489850023,0.51254881770203
"clustered",24,"intercept",0.478569323945867,0.484085597386604
"clustered",24,"intercept",0.450418983252957,0.455934389680311
"clustered",24,"intercept",0.422268427810497,0.427634372288644
"clustered",24,"intercept",0.394117446151734,0.399531623651231
"clustered",24,"intercept",0.365965058740219,0.37100854466728
"clustered",24,"intercept",0.337814917628098,0.342906042806351
"clustered",24,"intercept",0.309663240209958,0.314564460846023
"clustered",24,"intercept",0.281511805195767,0.285838451830922
"clustered",24,"intercept",0.253360936680144,0.257064029295412
"clustered",24,"intercept",0.225208493672614,0.228489615730988
"clustered",24,"intercept",0.197057890007013,0.199607681974744
"clustered",24,"intercept",0.168907245781463,0.171228623449874
"clustered",24,"intercept",0.14075584506493,0.142486062580728
"clustered",24,"intercept",0.112604263234583,0.113841791349071
"clustered",24,"intercept",0.0844544130018414,0.0850940418439667
"clustered",24,"intercept",0.0563021107564213,0.0568215532884571
"clustered",24,"intercept",0.0281520807506487,0.0282877225219851
"clustered",24,"intercept",5.4286844165136e-07,8.0419886247428e-08
"gradient",24,"intercept",5.90308998699194,8
"gradient",24,"intercept",5.42596873227228,8
"gradient",24,"intercept",5.20411998265593,8
"gradient",24,"intercept",5.05799194697769,8
"gradient",24,"intercept",4.94884747755262,8
"gradient",24,"intercept",4.86169730183372,8
"gradient",24,"intercept",4.78914663468511,8
"gradient",24,"intercept",4.72699872793626,8
"gradient",24,"intercept",4.67264106561367,8
"gradient",24,"intercept",4.62433638603911,8
"gradient",24,"intercept",4.58087069225802,8
"gradient",24,"intercept",4.54136215097435,8
"gradient",24,"intercept",4.50514997831991,8
"gradient",24,"intercept",4.47172622283296,8
"gradient",24,"intercept",4.44069198909299,8
"gradient",24,"intercept",4.41172829315767,8
"gradient",24,"intercept",4.38457604711406,8
"gradient",24,"intercept",4.35902194264167,8
"gradient",24,"intercept",4.31202537996544,8
"gradient",24,"intercept",4.29030613027221,8
"gradient",24,"intercept",4.26962153141236,8
"gradient",24,"intercept",4.23099212905623,8
"gradient",24,"intercept",4.19551981089401,7.91913915648621
"gradient",24,"intercept",4.17881411739115,7.91760104781368
"gradient",24,"intercept",4.14721513131945,7.74359562508385
"gradient",24,"intercept",4.11776015198118,7.50733492758288
"gradient",24,"intercept",4.09017663034909,7.43810545308891
"gradient",24,"intercept",4.06424089625469,7.37889917218709
"gradient",24,"intercept",4.02802872360024,7.35335615087869
"gradient",24,"intercept",4.0054628957015,7.18053840210042
"gradient",24,"intercept",3.97367106127765,7.0124540066505
"gradient",24,"intercept",3.94404859467085,6.72972203196171
"gradient",24,"intercept",3.9163182527257,6.58761091313309
"gradient",24,"intercept",3.89025276228677,6.41185424435807
"gradient",24,"intercept",3.85776700820529,6.27113801360212
"gradient",24,"intercept",3.83490412524578,6.24077902201252
"gradient",24,"intercept",3.80617997398389,6.10881399372729
"gradient",24,"intercept",3.77275621849694,5.91026209616823
"gradient",24,"intercept",3.74775394952688,5.82384817678555
"gradient",24,"intercept",3.71839855617434,5.63572640998517
"gradient",24,"intercept",3.69090238258799,5.5278686615686
"gradient",24,"intercept",3.66005193830565,5.28886380726902
"gradient",24,"intercept",3.63591825858893,5.12640657240712
"gradient",24,"intercept",3.60423691058224,4.96952819204376
"gradient",24,"intercept",3.57880753169425,4.91005333879863
"gradient",24,"intercept",3.54706412979882,4.57084074832797
"gradient",24,"intercept",3.52107294441708,4.49905791475844
"gradient",24,"intercept",3.49315686366065,4.37877637828686
"gradient",24,"intercept",3.46375729316168,4.10095979549477
"gradient",24,"intercept",3.43622236663783,3.971314663073
"gradient",24,"intercept",3.40754564944549,3.83302064916206
"gradient",24,"intercept",3.38064575348562,3.70925139832715
"gradient",24,"intercept",3.35042177087975,3.52418658220705
"gradient",24,"intercept",3.32216501131632,3.42332026573426
"gradient",24,"intercept",3.29563496377728,3.34169504195586
"gradient",24,"intercept",3.26660209063858,3.20447884838098
"gradient",24,"intercept",3.23750899597399,3.1293582172584
"gradient",24,"intercept",3.21024306771471,3.05040716483771
"gradient",24,"intercept",3.1812793717794,3.0071048096886
"gradient",24,"intercept",3.15412712573578,2.95167960717469
"gradient",24,"intercept",3.12566316460263,2.90578734884273
"gradient",24,"intercept",3.09758912883354,2.85433566468282
"gradient",24,"intercept",3.06866928331041,2.78531150067929
"gradient",24,"intercept",3.04036245867397,2.75765419787072
"gradient",24,"intercept",3.01266896819103,2.7253153093623
"gradient",24,"intercept",2.98453545644167,2.69292834906127
"gradient",24,"intercept",2.95614671629412,2.66732000425288
"gradient",24,"intercept",2.92857829425462,2.64817651719371
"gradient",24,"intercept",2.90006051643833,2.59958881966488
"gradient",24,"intercept",2.87168152274032,2.57329424648391
"gradient",24,"intercept",2.84352656909068,2.5411264975869
"gradient",24,"intercept",2.81566352995566,2.50665645152456
"gradient",24,"intercept",2.78747947531764,2.4750534250432
"gradient",24,"intercept",2.75913887056798,2.44643348637127
"gradient",24,"intercept",2.73077901846999,2.41901084906275
"gradient",24,"intercept",2.7025130602371,2.39495789287141
"gradient",24,"intercept",2.67443302888301,2.36638100881827
"gradient",24,"intercept",2.64661278075027,2.34916816439751
"gradient",24,"intercept",2.61820827233649,2.32594734358536
"gradient",24,"intercept",2.59027816077986,2.29727939559558
"gradient",24,"intercept",2.56205135531442,2.27403175448694
"gradient",24,"intercept",2.53368857329532,2.25025160277004
"gradient",24,"intercept",2.5056714446406,2.22467355373936
"gradient",24,"intercept",2.47739277362935,2.19979296192275
"gradient",24,"intercept",2.4493131273015,2.17734138107383
"gradient",24,"intercept",2.42121757668128,2.1551155494217
"gradient",24,"intercept",2.39294728758937,2.13131298034097
"gradient",24,"intercept",2.36489340864249,2.1104013304202
"gradient",24,"intercept",2.33665249479687,2.08979685854778
"gradient",24,"intercept",2.30858694317185,2.06872776285584
"gradient",24,"intercept",2.28035802182722,2.04765208192234
"gradient",24,"intercept",2.2521028926085,2.02859839044107
"gradient",24,"intercept",2.22393474570859,2.00719262931193
"gradient",24,"intercept",2.1959457986495,1.98132021085624
"gradient",24,"intercept",2.16773065399023,1.95940463118499
"gradient",24,"intercept",2.13958712152435,1.93856943399535
"gradient",24,"intercept",2.11132918297904,1.91663168595837
"gradient",24,"intercept",2.0832171650414,1.89203585891975
"gradient",24,"intercept",2.05508571549468,1.87010229190117
"gradient",24,"intercept",2.02692990216632,1.84665344954855
"gradient",24,"intercept",1.99875319478945,1.82508885661416
"gradient",24,"intercept",1.9706669606152,1.80221144515551
"gradient",24,"intercept",1.94247652934403,1.77945849133608
"gradient",24,"intercept",1.9143081435383,1.75652677423004
"gradient",24,"intercept",1.88618194301987,1.73524237199778
"gradient",24,"intercept",1.85804097400298,1.71072193119678
"gradient",24,"intercept",1.82984833937994,1.68665212317994
"gradient",24,"intercept",1.80172102374269,1.66296558069869
"gradient",24,"intercept",1.77356121313317,1.64145416541179
"gradient",24,"intercept",1.74542171425317,1.61802550266204
"gradient",24,"intercept",1.7172363170578,1.59273153805469
"gradient",24,"intercept",1.68906783829151,1.56886907907106
"gradient",24,"intercept",1.66092139701828,1.54553925031838
"gradient",24,"intercept",1.63280720302673,1.52099881497153
"gradient",24,"intercept",1.60465176168118,1.49723061563292
"gradient",24,"intercept",1.5764878950283,1.47142022197495
"gradient",24,"intercept",1.54830948816067,1.44747712696128
"gradient",24,"intercept",1.52019083548511,1.42337273875408
"gradient",24,"intercept",1.49202612953102,1.39754124664124
"gradient",24,"intercept",1.46386785492008,1.37239613387385
"gradient",24,"intercept",1.43570389443959,1.3462846206418
"gradient",24,"intercept",1.40755952489021,1.32060043739794
"gradient",24,"intercept",1.37940853919119,1.29557428054101
"gradient",24,"intercept",1.35126197580041,1.27202811684689
"gradient",24,"intercept",1.32311214418506,1.24827611057466
"gradient",24,"intercept",1.29495991948164,1.22271924510312
"gradient",24,"intercept",1.2668127695399,1.1983477338251
"gradient",24,"intercept",1.2386642724811,1.17242159500306
"gradient",24,"intercept",1.21049861022394,1.14756131846701
"gradient",24,"intercept",1.18236027131292,1.12164343220575
"gradient",24,"intercept",1.15419680423665,1.09583928991218
"gradient",24,"intercept",1.12604760194209,1.06934187917047
"gradient",24,"intercept",1.09789507775913,1.04400878346404
"gradient",24,"intercept",1.06974522360231,1.01846462795487
"gradient",24,"intercept",1.04159739467129,0.993031639679806
"gradient",24,"intercept",1.01344658715668,0.967767937064913
"gradient",24,"intercept",0.985295743978522,0.941901677287807
"gradient",24,"intercept",0.957144038856946,0.915949651701999
"gradient",24,"intercept",0.928988373366829,0.889634950076217
"gradient",24,"intercept",0.900841827571228,0.863877447688529
"gradient",24,"intercept",0.872688636788261,0.838345767770224
"gradient",24,"intercept",0.844538703345904,0.813103165470376
"gradient",24,"intercept",0.816384993804243,0.787771980347583
"gradient",24,"intercept",0.788235572553884,0.762334673934718
"gradient",24,"intercept",0.7600845601012,0.7362586163192
"gradient",24,"intercept",0.731928337044966,0.710272956877066
"gradient",24,"intercept",0.703776457277857,0.683856112667826
"gradient",24,"intercept",0.675627504825393,0.658046712284521
"gradient",24,"intercept",0.647477417718898,0.631350546973779
"gradient",24,"intercept",0.61932530582297,0.604534927263396
"gradient",24,"intercept",0.591173031319814,0.578271856848426
"gradient",24,"intercept",0.563024805665326,0.551039338206813
"gradient",24,"intercept",0.534871925083772,0.524120051182455
"gradient",24,"intercept",0.506721489850023,0.497475319559003
"gradient",24,"intercept",0.478569323945867,0.470712765902333
"gradient",24,"intercept",0.450418983252957,0.44338112212248
"gradient",24,"intercept",0.422268427810497,0.415947851784307
"gradient",24,"intercept",0.394117446151734,0.388406533148512
"gradient",24,"intercept",0.365965058740219,0.360831064567487
"gradient",24,"intercept",0.337814917628098,0.333501489804834
"gradient",24,"intercept",0.309663240209958,0.305730956342132
"gradient",24,"intercept",0.281511805195767,0.277900761215363
"gradient",24,"intercept",0.253360936680144,0.250151838151193
"gradient",24,"intercept",0.225208493672614,0.222588466911315
"gradient",24,"intercept",0.197057890007013,0.195029860585704
"gradient",24,"intercept",0.168907245781463,0.167329508209369
"gradient",24,"intercept",0.14075584506493,0.139578196826104
"gradient",24,"intercept",0.112604263234583,0.111617027553996
"gradient",24,"intercept",0.0844544130018414,0.0833056283176604
"gradient",24,"intercept",0.0563021107564213,0.0553936438040542
"gradient",24,"intercept",0.0281520807506487,0.0276985279114187
"gradient",24,"intercept",5.4286844165136e-07,6.17077363199825e-07
"clustered",30,"intercept",5.90308998699194,8
"clustered",30,"intercept",5.42596873227228,8
"clustered",30,"intercept",5.20411998265593,8
"clustered",30,"intercept",5.05799194697769,8
"clustered",30,"intercept",4.94884747755262,8
"clustered",30,"intercept",4.86169730183372,8
"clustered",30,"intercept",4.78914663468511,8
"clustered",30,"intercept",4.72699872793626,8
"clustered",30,"intercept",4.67264106561367,8
"clustered",30,"intercept",4.62433638603911,8
"clustered",30,"intercept",4.58087069225802,8
"clustered",30,"intercept",4.54136215097435,8
"clustered",30,"intercept",4.50514997831991,8
"clustered",30,"intercept",4.47172622283296,8
"clustered",30,"intercept",4.44069198909299,8
"clustered",30,"intercept",4.41172829315767,8
"clustered",30,"intercept",4.38457604711406,8
"clustered",30,"intercept",4.35902194264167,8
"clustered",30,"intercept",4.31202537996544,8
"clustered",30,"intercept",4.29030613027221,8
"clustered",30,"intercept",4.26962153141236,8
"clustered",30,"intercept",4.23099212905623,8
"clustered",30,"intercept",4.19551981089401,8
"clustered",30,"intercept",4.17881411739115,7.87198153874827
"clustered",30,"intercept",4.14721513131945,7.71752941674452
"clustered",30,"intercept",4.11776015198118,7.4427925572587
"clustered",30,"intercept",4.09017663034909,7.37280250690969
"clustered",30,"intercept",4.06424089625469,7.0122304451677
"clustered",30,"intercept",4.02802872360024,6.79150605173758
"clustered",30,"intercept",4.0054628957015,6.6482886029298
"clustered",30,"intercept",3.97367106127765,6.45526898093657
"clustered",30,"intercept",3.94404859467085,5.99462191763073
"clustered",30,"intercept",3.9163182527257,5.68007248665734
"clustered",30,"intercept",3.89025276228677,5.44263876093582
"clustered",30,"intercept",3.85776700820529,4.81667633110122
"clustered",30,"intercept",3.83490412524578,4.62856908576566
"clustered",30,"intercept",3.80617997398389,4.40027320623763
"clustered",30,"intercept",3.77275621849694,4.26004531101106
"clustered",30,"intercept",3.74775394952688,4.15678514964031
"clustered",30,"intercept",3.71839855617434,3.92817572682028
"clustered",30,"intercept",3.69090238258799,3.87278662746043
"clustered",30,"intercept",3.66005193830565,3.7291337935704
"clustered",30,"intercept",3.63591825858893,3.59443864080029
"clustered",30,"intercept",3.60423691058224,3.42950698586481
"clustered",30,"intercept",3.57880753169425,3.38057953742024
"clustered",30,"intercept",3.54706412979882,3.34863574319533
"clustered",30,"intercept",3.52107294441708,3.31183024750784
"clustered",30,"intercept",3.49315686366065,3.25720278975827
"clustered",30,"intercept",3.46375729316168,3.16968158264385
"clustered",30,"intercept",3.43622236663783,3.12210502275537
"clustered",30,"intercept",3.40754564944549,3.06250554724848
"clustered",30,"intercept",3.38064575348562,3.00345184481068
"clustered",30,"intercept",3.35042177087975,2.97123536256469
"clustered",30,"intercept",3.32216501131632,2.95096766816799
"clustered",30,"intercept",3.29563496377728,2.93382342756892
"clustered",30,"intercept",3.26660209063858,2.89781622247913
"clustered",30,"intercept",3.23750899597399,2.88280278154686
"clustered",30,"intercept",3.21024306771471,2.85985819280336
"clustered",30,"intercept",3.1812793717794,2.8306771760119
"clustered",30,"intercept",3.15412712573578,2.81883104734882
"clustered",30,"intercept",3.12566316460263,2.79982223794179
"clustered",30,"intercept",3.09758912883354,2.78018268078332
"clustered",30,"intercept",3.06866928331041,2.76040249738443
"clustered",30,"intercept",3.04036245867397,2.73042371848716
"clustered",30,"intercept",3.01266896819103,2.6937912200568
"clustered",30,"intercept",2.98453545644167,2.666193563424
"clustered",30,"intercept",2.95614671629412,2.63621131347607
"clustered",30,"intercept",2.92857829425462,2.61316557167626
"clustered",30,"intercept",2.90006051643833,2.59270973452012
"clustered",30,"intercept",2.87168152274032,2.5634369164912
"clustered",30,"intercept",2.84352656909068,2.54225123591367
"clustered",30,"intercept",2.81566352995566,2.52141835599343
"clustered",30,"intercept",2.78747947531764,2.49840357101667
"clustered",30,"intercept",2.75913887056798,2.47630133144732
"clustered",30,"intercept",2.73077901846999,2.45318295131988
"clustered",30,"intercept",2.7025130602371,2.43325336770892
"clustered",30,"intercept",2.67443302888301,2.41225822718921
"clustered",30,"intercept",2.64661278075027,2.38998301428776
"clustered",30,"intercept",2.61820827233649,2.3731805543631
"clustered",30,"intercept",2.59027816077986,2.35316868287666
"clustered",30,"intercept",2.56205135531442,2.3299974819025
"clustered",30,"intercept",2.53368857329532,2.30687063561484
"clustered",30,"intercept",2.5056714446406,2.28638129177418
"clustered",30,"intercept",2.47739277362935,2.26804949314091
"clustered",30,"intercept",2.4493131273015,2.249718092144
"clustered",30,"intercept",2.42121757668128,2.23225217165874
"clustered",30,"intercept",2.39294728758937,2.20615246056512
"clustered",30,"intercept",2.36489340864249,2.18401333869021
"clustered",30,"intercept",2.33665249479687,2.15633787372075
"clustered",30,"intercept",2.30858694317185,2.13669571923377
"clustered",30,"intercept",2.28035802182722,2.11121998080786
"clustered",30,"intercept",2.2521028926085,2.0900656150902
"clustered",30,"intercept",2.22393474570859,2.06720128028934
"clustered",30,"intercept",2.1959457986495,2.045244305016
"clustered",30,"intercept",2.16773065399023,2.02336864165798
"clustered",30,"intercept",2.13958712152435,1.99729258048445
"clustered",30,"intercept",2.11132918297904,1.97465412829435
"clustered",30,"intercept",2.0832171650414,1.95291850317444
"clustered",30,"intercept",2.05508571549468,1.92883557693001
"clustered",30,"intercept",2.02692990216632,1.90891204334854
"clustered",30,"intercept",1.99875319478945,1.88376643885426
"clustered",30,"intercept",1.9706669606152,1.86040681365528
"clustered",30,"intercept",1.94247652934403,1.83885374641391
"clustered",30,"intercept",1.9143081435383,1.81562678207952
"clustered",30,"intercept",1.88618194301987,1.79392123611827
"clustered",30,"intercept",1.85804097400298,1.76957498053927
"clustered",30,"intercept",1.82984833937994,1.74683402161478
"clustered",30,"intercept",1.80172102374269,1.72172952402995
"clustered",30,"intercept",1.77356121313317,1.69560598394096
"clustered",30,"intercept",1.74542171425317,1.67113121743075
"clustered",30,"intercept",1.7172363170578,1.64751260321348
"clustered",30,"intercept",1.68906783829151,1.62424813245551
"clustered",30,"intercept",1.66092139701828,1.60077557647103
"clustered",30,"intercept",1.63280720302673,1.57556762167129
"clustered",30,"intercept",1.60465176168118,1.55103316783817
"clustered",30,"intercept",1.5764878950283,1.52549382478819
"clustered",30,"intercept",1.54830948816067,1.4990098742492
"clustered",30,"intercept",1.52019083548511,1.47473884444352
"clustered",30,"intercept",1.49202612953102,1.44844148021742
"clustered",30,"intercept",1.46386785492008,1.42129527617866
"clustered",30,"intercept",1.43570389443959,1.39559369454281
"clustered",30,"intercept",1.40755952489021,1.36832910006754
"clustered",30,"intercept",1.37940853919119,1.34298200550576
"clustered",30,"intercept",1.35126197580041,1.31702978307967
"clustered",30,"intercept",1.32311214418506,1.29026330701593
"clustered",30,"intercept",1.29495991948164,1.26401105655065
"clustered",30,"intercept",1.2668127695399,1.23798214198034
"clustered",30,"intercept",1.2386642724811,1.21181974831738
"clustered",30,"intercept",1.21049861022394,1.1852312252463
"clustered",30,"intercept",1.18236027131292,1.15936274721716
"clustered",30,"intercept",1.15419680423665,1.13206126460888
"clustered",30,"intercept",1.12604760194209,1.1055268277457
"clustered",30,"intercept",1.09789507775913,1.07882822891866
"clustered",30,"intercept",1.06974522360231,1.05214231615956
"clustered",30,"intercept",1.04159739467129,1.02646941257072
"clustered",30,"intercept",1.01344658715668,0.998822824324015
"clustered",30,"intercept",0.985295743978522,0.972891386921816
"clustered",30,"intercept",0.957144038856946,0.94564270184423
"clustered",30,"intercept",0.928988373366829,0.918729897035556
"clustered",30,"intercept",0.900841827571228,0.891680755539282
"clustered",30,"intercept",0.872688636788261,0.864719043345701
"clustered",30,"intercept",0.844538703345904,0.836791263657297
"clustered",30,"intercept",0.816384993804243,0.809051344415809
"clustered",30,"intercept",0.788235572553884,0.781696131539456
"clustered",30,"intercept",0.7600845601012,0.754114752916194
"clustered",30,"intercept",0.731928337044966,0.726700585249887
"clustered",30,"intercept",0.703776457277857,0.699524416240222
"clustered",30,"intercept",0.675627504825393,0.671935103480816
"clustered",30,"intercept",0.647477417718898,0.644261058321432
"clustered",30,"intercept",0.61932530582297,0.617116647296134
"clustered",30,"intercept",0.591173031319814,0.589096556696975
"clustered",30,"intercept",0.563024805665326,0.561627557564463
"clustered",30,"intercept",0.534871925083772,0.534143811432059
"clustered",30,"intercept",0.506721489850023,0.506753820338273
"clustered",30,"intercept",0.478569323945867,0.478877684563963
"clustered",30,"intercept",0.450418983252957,0.450981455905386
"clustered",30,"intercept",0.422268427810497,0.422815889217949
"clustered",30,"intercept",0.394117446151734,0.394653686328597
"clustered",30,"intercept",0.365965058740219,0.366886896114146
"clustered",30,"intercept",0.337814917628098,0.338929633841384
"clustered",30,"intercept",0.309663240209958,0.310920733742553
"clustered",30,"intercept",0.281511805195767,0.282912289573425
"clustered",30,"intercept",0.253360936680144,0.254796352285424
"clustered",30,"intercept",0.225208493672614,0.226558787977601
"clustered",30,"intercept",0.197057890007013,0.198225688647864
"clustered",30,"intercept",0.168907245781463,0.170256106049487
"clustered",30,"intercept",0.14075584506493,0.142076318764106
"clustered",30,"intercept",0.112604263234583,0.1137012255872
"clustered",30,"intercept",0.0844544130018414,0.0850208560452602
"clustered",30,"intercept",0.0563021107564213,0.0567496107005813
"clustered",30,"intercept",0.0281520807506487,0.028321678466441
"clustered",30,"intercept",5.4286844165136e-07,4.56552262120708e-07
"gradient",30,"intercept",5.90308998699194,8
"gradient",30,"intercept",5.42596873227228,8
"gradient",30,"intercept",5.20411998265593,8
"gradient",30,"intercept",5.05799194697769,8
"gradient",30,"intercept",4.94884747755262,8
"gradient",30,"intercept",4.86169730183372,8
"gradient",30,"intercept",4.78914663468511,8
"gradient",30,"intercept",4.72699872793626,8
"gradient",30,"intercept",4.67264106561367,8
"gradient",30,"intercept",4.62433638603911,8
"gradient",30,"intercept",4.58087069225802,8
"gradient",30,"intercept",4.54136215097435,8
"gradient",30,"intercept",4.50514997831991,8
"gradient",30,"intercept",4.47172622283296,8
"gradient",30,"intercept",4.44069198909299,8
"gradient",30,"intercept",4.41172829315767,8
"gradient",30,"intercept",4.38457604711406,8
"gradient",30,"intercept",4.35902194264167,8
"gradient",30,"intercept",4.31202537996544,8
"gradient",30,"intercept",4.29030613027221,8
"gradient",30,"intercept",4.26962153141236,8
"gradient",30,"intercept",4.23099212905623,8
"gradient",30,"intercept",4.19551981089401,8
"gradient",30,"intercept",4.17881411739115,8
"gradient",30,"intercept",4.14721513131945,8
"gradient",30,"intercept",4.11776015198118,8
"gradient",30,"intercept",4.09017663034909,8
"gradient",30,"intercept",4.06424089625469,8
"gradient",30,"intercept",4.02802872360024,8
"gradient",30,"intercept",4.0054628957015,8
"gradient",30,"intercept",3.97367106127765,8
"gradient",30,"intercept",3.94404859467085,8
"gradient",30,"intercept",3.9163182527257,8
"gradient",30,"intercept",3.89025276228677,8
"gradient",30,"intercept",3.85776700820529,8
"gradient",30,"intercept",3.83490412524578,7.9190243232725
"gradient",30,"intercept",3.80617997398389,7.76830276507126
"gradient",30,"intercept",3.77275621849694,7.52483926791212
"gradient",30,"intercept",3.74775394952688,7.25749166585076
"gradient",30,"intercept",3.71839855617434,6.91416643530454
"gradient",30,"intercept",3.69090238258799,6.6228460837694
"gradient",30,"intercept",3.66005193830565,6.30011179919289
"gradient",30,"intercept",3.63591825858893,6.12891847398586
"gradient",30,"intercept",3.60423691058224,6.02528737280324
"gradient",30,"intercept",3.57880753169425,5.87265892359718
"gradient",30,"intercept",3.54706412979882,5.61191076971104
"gradient",30,"intercept",3.52107294441708,5.47975220245577
"gradient",30,"intercept",3.49315686366065,5.28174103154479
"gradient",30,"intercept",3.46375729316168,5.09040167535215
"gradient",30,"intercept",3.43622236663783,4.86350339700469
"gradient",30,"intercept",3.40754564944549,4.69156067996498
"gradient",30,"intercept",3.38064575348562,4.61201153505099
"gradient",30,"intercept",3.35042177087975,4.34452421622874
"gradient",30,"intercept",3.32216501131632,4.16959934441703
"gradient",30,"intercept",3.29563496377728,4.04520018860147
"gradient",30,"intercept",3.26660209063858,3.89556878049694
"gradient",30,"intercept",3.23750899597399,3.68060636022255
"gradient",30,"intercept",3.21024306771471,3.52873823803143
"gradient",30,"intercept",3.1812793717794,3.43421087053797
"gradient",30,"intercept",3.15412712573578,3.33665063404924
"gradient",30,"intercept",3.12566316460263,3.25308551779461
"gradient",30,"intercept",3.09758912883354,3.19540687458922
"gradient",30,"intercept",3.06866928331041,3.0999970550949
"gradient",30,"intercept",3.04036245867397,3.0392574254567
"gradient",30,"intercept",3.01266896819103,2.99063845134267
"gradient",30,"intercept",2.98453545644167,2.91446662152442
"gradient",30,"intercept",2.95614671629412,2.86091021987388
"gradient",30,"intercept",2.92857829425462,2.8066797380756
"gradient",30,"intercept",2.90006051643833,2.77412722610266
"gradient",30,"intercept",2.87168152274032,2.73328103038381
"gradient",30,"intercept",2.84352656909068,2.69159315892291
"gradient",30,"intercept",2.81566352995566,2.65778794813604
"gradient",30,"intercept",2.78747947531764,2.63271269475823
"gradient",30,"intercept",2.75913887056798,2.6032071118301
"gradient",30,"intercept",2.73077901846999,2.57110906952838
"gradient",30,"intercept",2.7025130602371,2.53142280463863
"gradient",30,"intercept",2.67443302888301,2.49774883022272
"gradient",30,"intercept",2.64661278075027,2.4690472678038
"gradient",30,"intercept",2.61820827233649,2.43918355305324
"gradient",30,"intercept",2.59027816077986,2.41415556594673
"gradient",30,"intercept",2.56205135531442,2.38551943422091
"gradient",30,"intercept",2.53368857329532,2.35866580126834
"gradient",30,"intercept",2.5056714446406,2.32818337307381
"gradient",30,"intercept",2.47739277362935,2.29951265093922
"gradient",30,"intercept",2.4493131273015,2.27595207564679
"gradient",30,"intercept",2.42121757668128,2.24956882099024
"gradient",30,"intercept",2.39294728758937,2.22877911829294
"gradient",30,"intercept",2.36489340864249,2.20588110280346
"gradient",30,"intercept",2.33665249479687,2.18077909952766
"gradient",30,"intercept",2.30858694317185,2.15563639488749
"gradient",30,"intercept",2.28035802182722,2.1331533893954
"gradient",30,"intercept",2.2521028926085,2.11075946852136
"gradient",30,"intercept",2.22393474570859,2.08616380144594
"gradient",30,"intercept",2.1959457986495,2.06191435663221
"gradient",30,"intercept",2.16773065399023,2.03680167269983
"gradient",30,"intercept",2.13958712152435,2.01390874350672
"gradient",30,"intercept",2.11132918297904,1.98855816534798
"gradient",30,"intercept",2.0832171650414,1.96679349291119
"gradient",30,"intercept",2.05508571549468,1.94078317844934
"gradient",30,"intercept",2.02692990216632,1.91892301615738
"gradient",30,"intercept",1.99875319478945,1.89759601690999
"gradient",30,"intercept",1.9706669606152,1.87316786132059
"gradient",30,"intercept",1.94247652934403,1.84684205131247
"gradient",30,"intercept",1.9143081435383,1.82183091337051
"gradient",30,"intercept",1.88618194301987,1.79651807371471
"gradient",30,"intercept",1.85804097400298,1.7716898168264
"gradient",30,"intercept",1.82984833937994,1.74525437586829
"gradient",30,"intercept",1.80172102374269,1.72177120800745
"gradient",30,"intercept",1.77356121313317,1.69440632456442
"gradient",30,"intercept",1.74542171425317,1.66686200685081
"gradient",30,"intercept",1.7172363170578,1.64169504539963
"gradient",30,"intercept",1.68906783829151,1.61906574384056
"gradient",30,"intercept",1.66092139701828,1.59457413680677
"gradient",30,"intercept",1.63280720302673,1.57073614319311
"gradient",30,"intercept",1.60465176168118,1.54678551953632
"gradient",30,"intercept",1.5764878950283,1.52299181297108
"gradient",30,"intercept",1.54830948816067,1.49707067547994
"gradient",30,"intercept",1.52019083548511,1.47181483222596
"gradient",30,"intercept",1.49202612953102,1.44533708776221
"gradient",30,"intercept",1.46386785492008,1.42004093177942
"gradient",30,"intercept",1.43570389443959,1.39423424239794
"gradient",30,"intercept",1.40755952489021,1.36711926472042
"gradient",30,"intercept",1.37940853919119,1.34222879722157
"gradient",30,"intercept",1.35126197580041,1.31643826983805
"gradient",30,"intercept",1.32311214418506,1.2908244487975
"gradient",30,"intercept",1.29495991948164,1.26482843971161
"gradient",30,"intercept",1.2668127695399,1.23842663536566
"gradient",30,"intercept",1.2386642724811,1.21186260256546
"gradient",30,"intercept",1.21049861022394,1.18534961016327
"gradient",30,"intercept",1.18236027131292,1.15815737353916
"gradient",30,"intercept",1.15419680423665,1.13161279406186
"gradient",30,"intercept",1.12604760194209,1.10531352464679
"gradient",30,"intercept",1.09789507775913,1.07849639836084
"gradient",30,"intercept",1.06974522360231,1.05249367105906
"gradient",30,"intercept",1.04159739467129,1.02614118772051
"gradient",30,"intercept",1.01344658715668,1.00013391998219
"gradient",30,"intercept",0.985295743978522,0.973915186302513
"gradient",30,"intercept",0.957144038856946,0.94638322390632
"gradient",30,"intercept",0.928988373366829,0.918819183752464
"gradient",30,"intercept",0.900841827571228,0.891608187785509
"gradient",30,"intercept",0.872688636788261,0.864550131338919
"gradient",30,"intercept",0.844538703345904,0.837212170678595
"gradient",30,"intercept",0.816384993804243,0.809784733283263
"gradient",30,"intercept",0.788235572553884,0.78252233674326
"gradient",30,"intercept",0.7600845601012,0.755335111346525
"gradient",30,"intercept",0.731928337044966,0.728235220965477
"gradient",30,"intercept",0.703776457277857,0.700514117197478
"gradient",30,"intercept",0.675627504825393,0.673571645881913
"gradient",30,"intercept",0.647477417718898,0.646083718738934
"gradient",30,"intercept",0.61932530582297,0.618513028107889
"gradient",30,"intercept",0.591173031319814,0.590347423217929
"gradient",30,"intercept",0.563024805665326,0.562656020958719
"gradient",30,"intercept",0.534871925083772,0.534904958511452
"gradient",30,"intercept",0.506721489850023,0.506931335269918
"gradient",30,"intercept",0.478569323945867,0.47920037519007
"gradient",30,"intercept",0.450418983252957,0.450773569993591
"gradient",30,"intercept",0.422268427810497,0.423188377007665
"gradient",30,"intercept",0.394117446151734,0.39544232806133
"gradient",30,"intercept",0.365965058740219,0.367160823196479
"gradient",30,"intercept",0.337814917628098,0.339357580124607
"gradient",30,"intercept",0.309663240209958,0.311518783161732
"gradient",30,"intercept",0.281511805195767,0.283407660654945
"gradient",30,"intercept",0.253360936680144,0.255140133939616
"gradient",30,"intercept",0.225208493672614,0.227080377563571
"gradient",30,"intercept",0.197057890007013,0.19874697687543
"gradient",30,"intercept",0.168907245781463,0.170531797051196
"gradient",30,"intercept",0.14075584506493,0.142279492466457
"gradient",30,"intercept",0.112604263234583,0.113591035820393
"gradient",30,"intercept",0.0844544130018414,0.0852230644928759
"gradient",30,"intercept",0.0563021107564213,0.0565937533451892
"gradient",30,"intercept",0.0281520807506487,0.0283751428591109
"gradient",30,"intercept",5.4286844165136e-07,2.48907243001868e-06
"clustered",4,"slope",5.90274675875823,2.74692492215637
"clustered",4,"slope",5.42562550403857,2.70998728254329
"clustered",4,"slope",5.20377675442221,2.65592038009904
"clustered",4,"slope",5.05764871874397,2.64108405783637
"clustered",4,"slope",4.9485042493189,2.6159555346795
"clustered",4,"slope",4.8613540736,2.5644933933068
"clustered",4,"slope",4.78880340645139,2.52035362419635
"clustered",4,"slope",4.72665549970255,2.51160473798549
"clustered",4,"slope",4.67229783737996,2.49763952140764
"clustered",4,"slope",4.6239931578054,2.46401708319893
"clustered",4,"slope",4.58052746402431,2.43414472048319
"clustered",4,"slope",4.54101892274064,2.38974345516331
"clustered",4,"slope",4.50480675008619,2.38339659933716
"clustered",4,"slope",4.47138299459924,2.37447766141726
"clustered",4,"slope",4.44034876085927,2.36817141199796
"clustered",4,"slope",4.41138506492396,2.34870975280766
"clustered",4,"slope",4.38423281888034,2.34329540780792
"clustered",4,"slope",4.35867871440795,2.33159147714242
"clustered",4,"slope",4.31168215173173,2.32656576839834
"clustered",4,"slope",4.28996290203849,2.32584897533115
"clustered",4,"slope",4.26927830317864,2.31630487470335
"clustered",4,"slope",4.23064890082251,2.29355723429485
"clustered",4,"slope",4.19517658266029,2.27426677232582
"clustered",4,"slope",4.17847088915744,2.24287695783102
"clustered",4,"slope",4.14687190308574,2.17397382244029
"clustered",4,"slope",4.11741692374746,2.12575587566278
"clustered",4,"slope",4.08983340211537,2.10693779437715
"clustered",4,"slope",4.06389766802097,2.08615960725018
"clustered",4,"slope",4.02768549536653,2.0822592492994
"clustered",4,"slope",4.00511966746779,2.07649419876103
"clustered",4,"slope",3.97332783304394,2.06379593346887
"clustered",4,"slope",3.94370536643714,2.03429816362915
"clustered",4,"slope",3.91597502449198,2.00895008889174
"clustered",4,"slope",3.88990953405306,1.99415880021808
"clustered",4,"slope",3.85742377997157,1.95165655392581
"clustered",4,"slope",3.83456089701207,1.92365735075273
"clustered",4,"slope",3.80583674575017,1.91668010713156
"clustered",4,"slope",3.77241299026322,1.88262982306886
"clustered",4,"slope",3.74741072129317,1.8775759231583
"clustered",4,"slope",3.71805532794063,1.85373198957392
"clustered",4,"slope",3.69055915435427,1.83956468579228
"clustered",4,"slope",3.65970871007194,1.82328774708237
"clustered",4,"slope",3.63557503035522,1.80601218069911
"clustered",4,"slope",3.60389368234852,1.76706381917193
"clustered",4,"slope",3.57846430346054,1.73981179364141
"clustered",4,"slope",3.55056424064687,1.71242222407102
"clustered",4,"slope",3.52072971618336,1.69167237329482
"clustered",4,"slope",3.49281363542694,1.66244561198239
"clustered",4,"slope",3.46341406492797,1.63189204050308
"clustered",4,"slope",3.43587913840412,1.61749309071312
"clustered",4,"slope",3.40720242121178,1.59633073896085
"clustered",4,"slope",3.38030252525191,1.57715679129009
"clustered",4,"slope",3.35007854264604,1.55971038401286
"clustered",4,"slope",3.32182178308261,1.52837667534244
"clustered",4,"slope",3.29529173554356,1.50699379563083
"clustered",4,"slope",3.26625886240486,1.48667000770877
"clustered",4,"slope",3.23904583336858,1.46156958997241
"clustered",4,"slope",3.209899839481,1.43137131363452
"clustered",4,"slope",3.18093614354568,1.39051694001676
"clustered",4,"slope",3.15378389750207,1.37090787028796
"clustered",4,"slope",3.12531993636892,1.34223840317361
"clustered",4,"slope",3.09724590059983,1.31620889759902
"clustered",4,"slope",3.0683260550767,1.29819149361096
"clustered",4,"slope",3.04121234789919,1.28196950115612
"clustered",4,"slope",3.01232573995732,1.26133582942978
"clustered",4,"slope",2.98419222820796,1.24331481147757
"clustered",4,"slope",2.9558034880604,1.21903528585539
"clustered",4,"slope",2.9282350660209,1.20676885730287
"clustered",4,"slope",2.89971728820461,1.19395076792777
"clustered",4,"slope",2.87133829450661,1.17785471525865
"clustered",4,"slope",2.84318334085696,1.165745859924
"clustered",4,"slope",2.81532030172194,1.15745060122234
"clustered",4,"slope",2.78713624708393,1.14557629169457
"clustered",4,"slope",2.75879564233427,1.13557614856842
"clustered",4,"slope",2.731020305105,1.12428467947274
"clustered",4,"slope",2.70271749220446,1.11214366558494
"clustered",4,"slope",2.67460315116049,1.10376389854416
"clustered",4,"slope",2.64626955251655,1.09446772970211
"clustered",4,"slope",2.61831602491371,1.0869155753015
"clustered",4,"slope",2.58993493254614,1.08007031764267
"clustered",4,"slope",2.56170812708071,1.07122705797795
"clustered",4,"slope",2.53371653694908,1.0610882908074
"clustered",4,"slope",2.50532821640688,1.05226436266727
"clustered",4,"slope",2.47737559231929,1.04436025259399
"clustered",4,"slope",2.44927552503529,1.03735327125895
"clustered",4,"slope",2.42087434844757,1.02962339352281
"clustered",4,"slope",2.39287247375351,1.02153337675113
"clustered",4,"slope",2.36455018040878,1.01366351111594
"clustered",4,"slope",2.33654503990332,1.00514815325387
"clustered",4,"slope",2.30846472994642,0.9976406360235
"clustered",4,"slope",2.28022189635466,0.990328569979513
"clustered",4,"slope",2.2519537191063,0.981575133599745
"clustered",4,"slope",2.22395532439199,0.974446107023608
"clustered",4,"slope",2.19577308258205,0.966023605627775
"clustered",4,"slope",2.16754721033592,0.958523060452521
"clustered",4,"slope",2.13939365001001,0.951684985384098
"clustered",4,"slope",2.11126664273823,0.943207138661849
"clustered",4,"slope",2.08313702600664,0.935560733996335
"clustered",4,"slope",2.0549890703659,0.92819988048694
"clustered",4,"slope",2.0268177738353,0.920931958610475
"clustered",4,"slope",1.99862654528203,0.913290412771784
"clustered",4,"slope",1.97052674488111,0.905175565321581
"clustered",4,"slope",1.9423235516804,0.897388427114756
"clustered",4,"slope",1.91423239292456,0.889774898088565
"clustered",4,"slope",1.88600583147197,0.881714385796067
"clustered",4,"slope",1.85793271122959,0.87331352219111
"clustered",4,"slope",1.82972530439849,0.86519701960369
"clustered",4,"slope",1.80158417654339,0.857298733125326
"clustered",4,"slope",1.77341140584174,0.849082148814505
"clustered",4,"slope",1.74525976937338,0.840292961962398
"clustered",4,"slope",1.71711962308333,0.831907623925631
"clustered",4,"slope",1.68899000635175,0.823454732932664
"clustered",4,"slope",1.66082690560803,0.814840555874495
"clustered",4,"slope",1.63269711549107,0.806158963344259
"clustered",4,"slope",1.60452703540514,0.797454537605477
"clustered",4,"slope",1.57639041272385,0.788606107221347
"clustered",4,"slope",1.54823495901396,0.780034542725705
"clustered",4,"slope",1.52009945560352,0.771763211735072
"clustered",4,"slope",1.49191893091285,0.762874098828346
"clustered",4,"slope",1.46377744502024,0.753761862776303
"clustered",4,"slope",1.43562723174225,0.744865642694495
"clustered",4,"slope",1.40749389868705,0.735404461903544
"clustered",4,"slope",1.3793254843856,0.725854390251381
"clustered",4,"slope",1.35118698111262,0.716004504171853
"clustered",4,"slope",1.323020309912,0.70615576971606
"clustered",4,"slope",1.29487372727342,0.696317304769539
"clustered",4,"slope",1.26673052352939,0.685815261359554
"clustered",4,"slope",1.23858446399624,0.67569743820021
"clustered",4,"slope",1.21043753454144,0.664902029563572
"clustered",4,"slope",1.18228148895005,0.654112977093311
"clustered",4,"slope",1.15413240185291,0.643074982961486
"clustered",4,"slope",1.1259802176421,0.631885288584702
"clustered",4,"slope",1.09782398518523,0.620714025495416
"clustered",4,"slope",1.06968255972673,0.609447252596092
"clustered",4,"slope",1.04152907419641,0.598842849389196
"clustered",4,"slope",1.01338341882865,0.586966113341812
"clustered",4,"slope",0.98523599779267,0.575418774731439
"clustered",4,"slope",0.95708618109562,0.563955134945923
"clustered",4,"slope",0.928931047223266,0.552076250995023
"clustered",4,"slope",0.900783847400289,0.539677850957924
"clustered",4,"slope",0.872637058080007,0.527056129819498
"clustered",4,"slope",0.844484005046529,0.514545516013381
"clustered",4,"slope",0.816333534503278,0.501368493023296
"clustered",4,"slope",0.788185811334903,0.487968325373138
"clustered",4,"slope",0.760035133111501,0.474973637604389
"clustered",4,"slope",0.731883903051631,0.46136303714868
"clustered",4,"slope",0.703735234271818,0.447630963399993
"clustered",4,"slope",0.675587914259073,0.433423767866008
"clustered",4,"slope",0.647438063955982,0.418878589214346
"clustered",4,"slope",0.61928948351318,0.404510142450732
"clustered",4,"slope",0.591139099475624,0.389703457852515
"clustered",4,"slope",0.56298734591988,0.374499544387455
"clustered",4,"slope",0.534837604584377,0.358743466798092
"clustered",4,"slope",0.506688711164398,0.342561323993685
"clustered",4,"slope",0.478539945466011,0.326350268002954
"clustered",4,"slope",0.450391355981621,0.309546439538491
"clustered",4,"slope",0.422241095027149,0.292898538309085
"clustered",4,"slope",0.394091819432369,0.275599012074813
"clustered",4,"slope",0.365942201564427,0.25794298752336
"clustered",4,"slope",0.337793232281903,0.240310686843549
"clustered",4,"slope",0.309643532745312,0.222466740631287
"clustered",4,"slope",0.281494637918282,0.204044621256725
"clustered",4,"slope",0.253344716186295,0.185419221158005
"clustered",4,"slope",0.225195464989481,0.166269712494967
"clustered",4,"slope",0.197046365064756,0.146532101453587
"clustered",4,"slope",0.168897337683575,0.126346288104559
"clustered",4,"slope",0.140747545622174,0.106058826291903
"clustered",4,"slope",0.112597464979722,0.0852554996101609
"clustered",4,"slope",0.0844489287033935,0.064244999565103
"clustered",4,"slope",0.0562989218380927,0.0430492965380688
"clustered",4,"slope",0.028149569733049,0.0212736001418564
"clustered",4,"slope",5.4329764708198e-07,1.0265265881461e-13
"gradient",4,"slope",5.90279130685257,2.82449583634024
"gradient",4,"slope",5.42567005213291,2.66657584746366
"gradient",4,"slope",5.20382130251655,2.65473885382084
"gradient",4,"slope",5.05769326683831,2.64632755675174
"gradient",4,"slope",4.94854879741324,2.54812836142015
"gradient",4,"slope",4.86139862169434,2.515745987516
"gradient",4,"slope",4.78884795454573,2.51547639611644
"gradient",4,"slope",4.72670004779689,2.49646637075498
"gradient",4,"slope",4.67234238547429,2.49190542211828
"gradient",4,"slope",4.62403770589974,2.45585830139088
"gradient",4,"slope",4.58057201211865,2.44426129193515
"gradient",4,"slope",4.54106347083498,2.44395076010052
"gradient",4,"slope",4.50485129818053,2.42124847718451
"gradient",4,"slope",4.47142754269358,2.37112813559659
"gradient",4,"slope",4.44039330895361,2.36932995352367
"gradient",4,"slope",4.4114296130183,2.3435941930434
"gradient",4,"slope",4.38427736697468,2.33568686425898
"gradient",4,"slope",4.35872326250229,2.2979750831276
"gradient",4,"slope",4.31172669982607,2.26633486926205
"gradient",4,"slope",4.29000745013283,2.24265429052893
"gradient",4,"slope",4.26932285127298,2.22379387369443
"gradient",4,"slope",4.23069344891685,2.18886286777654
"gradient",4,"slope",4.19522113075463,2.1849537330798
"gradient",4,"slope",4.17851543725178,2.16919992006543
"gradient",4,"slope",4.14691645118008,2.16507348097588
"gradient",4,"slope",4.1174614718418,2.15288498000728
"gradient",4,"slope",4.08987795020971,2.1219728173364
"gradient",4,"slope",4.06394221611531,2.09760423820052
"gradient",4,"slope",4.02773004346087,2.08551031667266
"gradient",4,"slope",4.00516421556213,2.0602783654415
"gradient",4,"slope",3.97337238113828,2.03890179694271
"gradient",4,"slope",3.94374991453147,2.01544020804515
"gradient",4,"slope",3.91601957258632,1.99393301266147
"gradient",4,"slope",3.8899540821474,1.95500234402076
"gradient",4,"slope",3.85746832806591,1.93150031231666
"gradient",4,"slope",3.83460544510641,1.91985845444491
"gradient",4,"slope",3.80588129384451,1.87472232455812
"gradient",4,"slope",3.77245753835756,1.85104647120402
"gradient",4,"slope",3.74745526938751,1.84676592537025
"gradient",4,"slope",3.71809987603497,1.82215470147402
"gradient",4,"slope",3.69060370244861,1.80600445869822
"gradient",4,"slope",3.65975325816627,1.78688402231651
"gradient",4,"slope",3.63561957844956,1.77511385739785
"gradient",4,"slope",3.60393823044286,1.73442942832258
"gradient",4,"slope",3.57850885155488,1.70361643988406
"gradient",4,"slope",3.55060878874121,1.68336021497048
"gradient",4,"slope",3.5207742642777,1.66574037019166
"gradient",4,"slope",3.49285818352127,1.64007283539723
"gradient",4,"slope",3.46345861302231,1.61541887589408
"gradient",4,"slope",3.43592368649846,1.58862039830146
"gradient",4,"slope",3.40724696930612,1.56613271481962
"gradient",4,"slope",3.38034707334625,1.55058559478482
"gradient",4,"slope",3.35012309074038,1.51753207609676
"gradient",4,"slope",3.32186633117695,1.49117723556217
"gradient",4,"slope",3.2953362836379,1.47663463836731
"gradient",4,"slope",3.2663034104992,1.45095430861865
"gradient",4,"slope",3.23721031583462,1.42697911807688
"gradient",4,"slope",3.20994438757534,1.39464795966199
"gradient",4,"slope",3.18098069164002,1.37389495901875
"gradient",4,"slope",3.15382844559641,1.35680291790367
"gradient",4,"slope",3.12536448446326,1.33091587165433
"gradient",4,"slope",3.09729044869417,1.3085595385777
"gradient",4,"slope",3.06837060317104,1.28999408369618
"gradient",4,"slope",3.04125689599353,1.27011290888535
"gradient",4,"slope",3.01237028805165,1.25578894652458
"gradient",4,"slope",2.9842367763023,1.23995671168934
"gradient",4,"slope",2.95584803615474,1.22224886481041
"gradient",4,"slope",2.92827961411524,1.20454993648297
"gradient",4,"slope",2.89976183629895,1.19238327318985
"gradient",4,"slope",2.87138284260094,1.18387743362465
"gradient",4,"slope",2.8432278889513,1.17113910025756
"gradient",4,"slope",2.81536484981628,1.1596702337452
"gradient",4,"slope",2.78718079517827,1.14968859682692
"gradient",4,"slope",2.75884019042861,1.14207699365085
"gradient",4,"slope",2.73106485319934,1.13142159444832
"gradient",4,"slope",2.7027620402988,1.12184531759014
"gradient",4,"slope",2.67464769925483,1.11306959543278
"gradient",4,"slope",2.64631410061089,1.10456482775105
"gradient",4,"slope",2.61790959219712,1.09662896698453
"gradient",4,"slope",2.58997948064048,1.08666768071386
"gradient",4,"slope",2.56175267517505,1.07818186213158
"gradient",4,"slope",2.53376108504342,1.06933716298357
"gradient",4,"slope",2.50537276450122,1.06035633349749
"gradient",4,"slope",2.47742014041363,1.05308469196456
"gradient",4,"slope",2.44901444716213,1.04470607830779
"gradient",4,"slope",2.42091889654191,1.03786196424003
"gradient",4,"slope",2.39291702184785,1.03002028183209
"gradient",4,"slope",2.36459472850311,1.02320417999779
"gradient",4,"slope",2.33658958799766,1.01632871058499
"gradient",4,"slope",2.30828826303248,1.00802169453082
"gradient",4,"slope",2.280266444449,1.00052323468631
"gradient",4,"slope",2.25199826720064,0.993399912949807
"gradient",4,"slope",2.2238179309328,0.986785197075714
"gradient",4,"slope",2.19581763067639,0.978895825373909
"gradient",4,"slope",2.16759175843026,0.971585068485074
"gradient",4,"slope",2.13943819810435,0.964221695209874
"gradient",4,"slope",2.11131119083257,0.956160556404123
"gradient",4,"slope",2.08318157410098,0.948530132350869
"gradient",4,"slope",2.05503361846024,0.940747417033941
"gradient",4,"slope",2.02686232192964,0.932525176468548
"gradient",4,"slope",1.99867109337637,0.924744116948378
"gradient",4,"slope",1.97046977486328,0.91796670488766
"gradient",4,"slope",1.94236809977474,0.909470931865603
"gradient",4,"slope",1.9141877635069,0.902022455594631
"gradient",4,"slope",1.88605037956631,0.894163102006289
"gradient",4,"slope",1.85789892337821,0.886552339781798
"gradient",4,"slope",1.82976985249283,0.878078284454174
"gradient",4,"slope",1.80162872463773,0.870420449449483
"gradient",4,"slope",1.77345595393608,0.862008702461028
"gradient",4,"slope",1.74530431746772,0.854014758228209
"gradient",4,"slope",1.71716417117767,0.845547855614954
"gradient",4,"slope",1.68898146221107,0.836591202912855
"gradient",4,"slope",1.66087145370237,0.828222088042691
"gradient",4,"slope",1.63269502543224,0.819908926063662
"gradient",4,"slope",1.60452787431245,0.811326984281508
"gradient",4,"slope",1.57639399350546,0.802140682495489
"gradient",4,"slope",1.54824111134469,0.793396942274763
"gradient",4,"slope",1.52010801641893,0.784424500802127
"gradient",4,"slope",1.49192975263597,0.775446085070885
"gradient",4,"slope",1.46379038277307,0.766261252893438
"gradient",4,"slope",1.43564215336261,0.756729410783299
"gradient",4,"slope",1.40748291217795,0.747492850810986
"gradient",4,"slope",1.37934400812219,0.738436420690601
"gradient",4,"slope",1.35118274714722,0.728716598378507
"gradient",4,"slope",1.32304199799571,0.71891450355833
"gradient",4,"slope",1.29489684988765,0.708907630524352
"gradient",4,"slope",1.26673491030299,0.698524938981256
"gradient",4,"slope",1.23859137091425,0.688501629817312
"gradient",4,"slope",1.21044680354054,0.677985347050796
"gradient",4,"slope",1.18229297250322,0.667422939582847
"gradient",4,"slope",1.15414596045569,0.656435907087961
"gradient",4,"slope",1.12599572128094,0.645646618803863
"gradient",4,"slope",1.09784131203871,0.63447991480611
"gradient",4,"slope",1.06968883837044,0.623467562609724
"gradient",4,"slope",1.04153775488686,0.612296787453404
"gradient",4,"slope",1.01339435019708,0.601145821613579
"gradient",4,"slope",0.985238536868716,0.589436311148033
"gradient",4,"slope",0.957091356595446,0.577145684121507
"gradient",4,"slope",0.928938694147623,0.56455625493306
"gradient",4,"slope",0.900793809991806,0.552020523033712
"gradient",4,"slope",0.872641087581812,0.539240782353233
"gradient",4,"slope",0.844490577722269,0.526509117423287
"gradient",4,"slope",0.81634249052401,0.51375883766822
"gradient",4,"slope",0.78819032952098,0.500763730814035
"gradient",4,"slope",0.76004216359513,0.487203530697357
"gradient",4,"slope",0.731893288210791,0.473769703387576
"gradient",4,"slope",0.703741333671675,0.459681572873805
"gradient",4,"slope",0.675591278701222,0.445615843043189
"gradient",4,"slope",0.647444013028445,0.431143328742696
"gradient",4,"slope",0.619293333033606,0.416304037204025
"gradient",4,"slope",0.591141265178714,0.400994826804391
"gradient",4,"slope",0.562992171655158,0.385483720057804
"gradient",4,"slope",0.534844923235779,0.369594606625705
"gradient",4,"slope",0.506694877068531,0.353292560952094
"gradient",4,"slope",0.478545249935288,0.336685820931131
"gradient",4,"slope",0.45039299338731,0.31968168768673
"gradient",4,"slope",0.422245425482633,0.302576949260511
"gradient",4,"slope",0.394095981564591,0.28506160195597
"gradient",4,"slope",0.365946374936776,0.267202245424328
"gradient",4,"slope",0.337795209557774,0.248964117341581
"gradient",4,"slope",0.309645965178397,0.230354643835499
"gradient",4,"slope",0.281495558578945,0.211355030574273
"gradient",4,"slope",0.253346427825248,0.191753567318131
"gradient",4,"slope",0.225198040098197,0.1718407573943
"gradient",4,"slope",0.197048153666598,0.151426289116021
"gradient",4,"slope",0.168898603808989,0.130985751597998
"gradient",4,"slope",0.140748523340656,0.109846350829736
"gradient",4,"slope",0.112598361000257,0.0882864565793354
"gradient",4,"slope",0.0844499247438752,0.0663835663375125
"gradient",4,"slope",0.0563001774122618,0.0444466585190251
"gradient",4,"slope",0.0281500645029352,0.0221438417283485
"gradient",4,"slope",5.43241920745931e-07,7.62200858597253e-09
"clustered",10,"slope",5.90308998699194,8
"clustered",10,"slope",5.42596873227228,7.51836225781359
"clustered",10,"slope",5.20411998265593,7.42447317177828
"clustered",10,"slope",5.05799194697769,7.20026075401378
"clustered",10,"slope",4.94884747755262,7.06535269267936
"clustered",10,"slope",4.86169730183372,6.74727497831094
"clustered",10,"slope",4.78914663468511,6.26864088004868
"clustered",10,"slope",4.72699872793626,6.23424720851694
"clustered",10,"slope",4.67264106561367,5.90085964971516
"clustered",10,"slope",4.62433638603911,5.78603235842983
"clustered",10,"slope",4.58087069225802,4.86867838223827
"clustered",10,"slope",4.54136215097435,4.84464415469702
"clustered",10,"slope",4.50514997831991,4.72777518401539
"clustered",10,"slope",4.47172622283296,4.41512544271935
"clustered",10,"slope",4.44069198909299,4.01906206591405
"clustered",10,"slope",4.41172829315767,3.75083693464435
"clustered",10,"slope",4.38457604711406,3.7416348462429
"clustered",10,"slope",4.35902194264167,3.67672496615416
"clustered",10,"slope",4.31202537996544,3.32712225683261
"clustered",10,"slope",4.29030613027221,3.29577115209999
"clustered",10,"slope",4.26962153141236,3.17326962509266
"clustered",10,"slope",4.23099212905623,3.16500260336345
"clustered",10,"slope",4.19551981089401,3.10876173723359
"clustered",10,"slope",4.17881411739115,3.01140521894869
"clustered",10,"slope",4.14721513131945,2.85189676295945
"clustered",10,"slope",4.11776015198118,2.82383439389951
"clustered",10,"slope",4.09017663034909,2.77994164935182
"clustered",10,"slope",4.06424089625469,2.72177739560645
"clustered",10,"slope",4.02802872360024,2.69044166219258
"clustered",10,"slope",4.0054628957015,2.68703659486358
"clustered",10,"slope",3.97367106127765,2.65592524101984
"clustered",10,"slope",3.94404859467085,2.64385169669718
"clustered",10,"slope",3.9163182527257,2.61063959027979
"clustered",10,"slope",3.89025276228677,2.58825006922613
"clustered",10,"slope",3.85776700820529,2.57898672445269
"clustered",10,"slope",3.83490412524578,2.55003663553211
"clustered",10,"slope",3.80617997398389,2.51470443991778
"clustered",10,"slope",3.77275621849694,2.46748527415742
"clustered",10,"slope",3.74775394952688,2.45950623225348
"clustered",10,"slope",3.71839855617434,2.4454646906772
"clustered",10,"slope",3.69090238258799,2.44110993936787
"clustered",10,"slope",3.66005193830565,2.41590393881443
"clustered",10,"slope",3.63591825858893,2.40568640864898
"clustered",10,"slope",3.60423691058224,2.39061297675473
"clustered",10,"slope",3.57880753169425,2.37634909249291
"clustered",10,"slope",3.54706412979882,2.3643212782438
"clustered",10,"slope",3.52107294441708,2.34605265711985
"clustered",10,"slope",3.49315686366065,2.3371692728135
"clustered",10,"slope",3.46375729316168,2.32112113815742
"clustered",10,"slope",3.43622236663783,2.30102445114981
"clustered",10,"slope",3.40754564944549,2.29074699805534
"clustered",10,"slope",3.38064575348562,2.27151050769214
"clustered",10,"slope",3.35042177087975,2.24366910574575
"clustered",10,"slope",3.32216501131632,2.23521764104185
"clustered",10,"slope",3.29563496377728,2.22521381532589
"clustered",10,"slope",3.26660209063858,2.2058366184045
"clustered",10,"slope",3.23750899597399,2.19416490914984
"clustered",10,"slope",3.21024306771471,2.18027477342187
"clustered",10,"slope",3.1812793717794,2.16811660655439
"clustered",10,"slope",3.15412712573578,2.15714700891097
"clustered",10,"slope",3.12566316460263,2.14573313778366
"clustered",10,"slope",3.09758912883354,2.12763386820834
"clustered",10,"slope",3.06866928331041,2.11544701151153
"clustered",10,"slope",3.04036245867397,2.10778250764338
"clustered",10,"slope",3.01266896819103,2.09301886380489
"clustered",10,"slope",2.98453545644167,2.07782050405131
"clustered",10,"slope",2.95614671629412,2.06911870353662
"clustered",10,"slope",2.92857829425462,2.06032298449911
"clustered",10,"slope",2.90006051643833,2.04724761698165
"clustered",10,"slope",2.87168152274032,2.03752170197127
"clustered",10,"slope",2.84352656909068,2.02546805104073
"clustered",10,"slope",2.81566352995566,2.01384970177809
"clustered",10,"slope",2.78747947531764,2.0041976380193
"clustered",10,"slope",2.75913887056798,1.99387275486016
"clustered",10,"slope",2.73077901846999,1.98081134828725
"clustered",10,"slope",2.7025130602371,1.97110034223555
"clustered",10,"slope",2.67443302888301,1.95651485058684
"clustered",10,"slope",2.64661278075027,1.94386256781575
"clustered",10,"slope",2.61820827233649,1.9321829350682
"clustered",10,"slope",2.59027816077986,1.92067950126645
"clustered",10,"slope",2.56205135531442,1.90907270013808
"clustered",10,"slope",2.53368857329532,1.89294401158757
"clustered",10,"slope",2.5056714446406,1.88039517958199
"clustered",10,"slope",2.47739277362935,1.86886513832941
"clustered",10,"slope",2.4493131273015,1.85428277906702
"clustered",10,"slope",2.42121757668128,1.84184843275871
"clustered",10,"slope",2.39294728758937,1.82829582675771
"clustered",10,"slope",2.36489340864249,1.81583866658483
"clustered",10,"slope",2.33665249479687,1.80188890246245
"clustered",10,"slope",2.30858694317185,1.7861265987754
"clustered",10,"slope",2.28035802182722,1.77283622823397
"clustered",10,"slope",2.2521028926085,1.75733775634457
"clustered",10,"slope",2.22393474570859,1.7416548819152
"clustered",10,"slope",2.1959457986495,1.72927212018622
"clustered",10,"slope",2.16773065399023,1.71341144921294
"clustered",10,"slope",2.13958712152435,1.69979863817673
"clustered",10,"slope",2.11132918297904,1.68542996541055
"clustered",10,"slope",2.0832171650414,1.66886299687453
"clustered",10,"slope",2.05508571549468,1.65321422329615
"clustered",10,"slope",2.02692990216632,1.63821573639368
"clustered",10,"slope",1.99875319478945,1.62360384834488
"clustered",10,"slope",1.9706669606152,1.60803475179431
"clustered",10,"slope",1.94247652934403,1.59316146472914
"clustered",10,"slope",1.9143081435383,1.57709086368671
"clustered",10,"slope",1.88618194301987,1.56072028433507
"clustered",10,"slope",1.85804097400298,1.54474876301143
"clustered",10,"slope",1.82984833937994,1.52761460851116
"clustered",10,"slope",1.80172102374269,1.50979844847365
"clustered",10,"slope",1.77356121313317,1.49298210669402
"clustered",10,"slope",1.74542171425317,1.47413528909363
"clustered",10,"slope",1.7172363170578,1.4567060785099
"clustered",10,"slope",1.68906783829151,1.43843704645246
"clustered",10,"slope",1.66092139701828,1.4188158378518
"clustered",10,"slope",1.63280720302673,1.40032801380809
"clustered",10,"slope",1.60465176168118,1.38222929408219
"clustered",10,"slope",1.5764878950283,1.36396766871164
"clustered",10,"slope",1.54830948816067,1.34640299463955
"clustered",10,"slope",1.52019083548511,1.3267537033959
"clustered",10,"slope",1.49202612953102,1.30815363885627
"clustered",10,"slope",1.46386785492008,1.28845151692675
"clustered",10,"slope",1.43570389443959,1.26844705804198
"clustered",10,"slope",1.40755952489021,1.24758703401242
"clustered",10,"slope",1.37940853919119,1.22686255980969
"clustered",10,"slope",1.35126197580041,1.20699058258932
"clustered",10,"slope",1.32311214418506,1.18651499148177
"clustered",10,"slope",1.29495991948164,1.1655435353912
"clustered",10,"slope",1.2668127695399,1.14471856806729
"clustered",10,"slope",1.2386642724811,1.12428230925064
"clustered",10,"slope",1.21049861022394,1.10375296798147
"clustered",10,"slope",1.18236027131292,1.08317294784425
"clustered",10,"slope",1.15419680423665,1.06245745498738
"clustered",10,"slope",1.12604760194209,1.0399076584047
"clustered",10,"slope",1.09789507775913,1.01732064585176
"clustered",10,"slope",1.06974522360231,0.995477848944211
"clustered",10,"slope",1.04159739467129,0.972914632485463
"clustered",10,"slope",1.01344658715668,0.950761151988847
"clustered",10,"slope",0.985295743978522,0.92819478630333
"clustered",10,"slope",0.957144038856946,0.905818095102821
"clustered",10,"slope",0.928988373366829,0.882915188214805
"clustered",10,"slope",0.900841827571228,0.860298487253418
"clustered",10,"slope",0.872688636788261,0.836726931951432
"clustered",10,"slope",0.844538703345904,0.81252966583588
"clustered",10,"slope",0.816384993804243,0.788695498796152
"clustered",10,"slope",0.788235572553884,0.764894523454694
"clustered",10,"slope",0.7600845601012,0.73983283433006
"clustered",10,"slope",0.731928337044966,0.714642852903287
"clustered",10,"slope",0.703776457277857,0.689576721750311
"clustered",10,"slope",0.675627504825393,0.664410528886086
"clustered",10,"slope",0.647477417718898,0.638835824803997
"clustered",10,"slope",0.61932530582297,0.613036700864249
"clustered",10,"slope",0.591173031319814,0.587358057300913
"clustered",10,"slope",0.563024805665326,0.561749201717878
"clustered",10,"slope",0.534871925083772,0.53552254998858
"clustered",10,"slope",0.506721489850023,0.509636677245514
"clustered",10,"slope",0.478569323945867,0.482452937239721
"clustered",10,"slope",0.450418983252957,0.45557748706515
"clustered",10,"slope",0.422268427810497,0.428591372258644
"clustered",10,"slope",0.394117446151734,0.401259755932665
"clustered",10,"slope",0.365965058740219,0.373702329063811
"clustered",10,"slope",0.337814917628098,0.3457583256001
"clustered",10,"slope",0.309663240209958,0.317331027660145
"clustered",10,"slope",0.281511805195767,0.289037458611045
"clustered",10,"slope",0.253360936680144,0.260577282518899
"clustered",10,"slope",0.225208493672614,0.232357078310413
"clustered",10,"slope",0.197057890007013,0.203256803542222
"clustered",10,"slope",0.168907245781463,0.174222529420846
"clustered",10,"slope",0.14075584506493,0.145649800153826
"clustered",10,"slope",0.112604263234583,0.116384651905626
"clustered",10,"slope",0.0844544130018414,0.0874212928187248
"clustered",10,"slope",0.0563021107564213,0.0581292285826597
"clustered",10,"slope",0.0281520807506487,0.0288524989807147
"clustered",10,"slope",5.4286844165136e-07,3.74054602682351e-09
"gradient",10,"slope",5.90308998699194,7.6774445258819
"gradient",10,"slope",5.42596873227228,7.61993575151889
"gradient",10,"slope",5.20411998265593,7.55264132618916
"gradient",10,"slope",5.05799194697769,7.30085968084374
"gradient",10,"slope",4.94884747755262,6.97422638122178
"gradient",10,"slope",4.86169730183372,6.06013083391838
"gradient",10,"slope",4.78914663468511,5.71758273024668
"gradient",10,"slope",4.72699872793626,5.36052121325736
"gradient",10,"slope",4.67264106561367,5.21367933139072
"gradient",10,"slope",4.62433638603911,5.11082199831735
"gradient",10,"slope",4.58087069225802,5.09032416376043
"gradient",10,"slope",4.54136215097435,5.07862306197839
"gradient",10,"slope",4.50514997831991,4.67899405296735
"gradient",10,"slope",4.47172622283296,4.37543837688562
"gradient",10,"slope",4.44069198909299,4.31618256376159
"gradient",10,"slope",4.41172829315767,4.29840879466364
"gradient",10,"slope",4.38457604711406,4.28497311711342
"gradient",10,"slope",4.35902194264167,4.21838377916824
"gradient",10,"slope",4.31202537996544,4.11516747821424
"gradient",10,"slope",4.29030613027221,4.0757914681566
"gradient",10,"slope",4.26962153141236,4.06163652780289
"gradient",10,"slope",4.23099212905623,3.94692521697347
"gradient",10,"slope",4.19551981089401,3.91510887715195
"gradient",10,"slope",4.17881411739115,3.7895560757429
"gradient",10,"slope",4.14721513131945,3.71125038053315
"gradient",10,"slope",4.11776015198118,3.54437038648549
"gradient",10,"slope",4.09017663034909,3.34380673778598
"gradient",10,"slope",4.06424089625469,3.16900139510436
"gradient",10,"slope",4.02802872360024,3.09405006763749
"gradient",10,"slope",4.0054628957015,3.06305920502161
"gradient",10,"slope",3.97367106127765,2.9936471350236
"gradient",10,"slope",3.94404859467085,2.9527922816355
"gradient",10,"slope",3.9163182527257,2.88450538921474
"gradient",10,"slope",3.89025276228677,2.84608049952504
"gradient",10,"slope",3.85776700820529,2.75007845745335
"gradient",10,"slope",3.83490412524578,2.72898175746394
"gradient",10,"slope",3.80617997398389,2.66679713994318
"gradient",10,"slope",3.77275621849694,2.60133654402786
"gradient",10,"slope",3.74775394952688,2.55866468009226
"gradient",10,"slope",3.71839855617434,2.51915290947478
"gradient",10,"slope",3.69090238258799,2.50683228677684
"gradient",10,"slope",3.66005193830565,2.48163795690895
"gradient",10,"slope",3.63591825858893,2.46455743965561
"gradient",10,"slope",3.60423691058224,2.43293960029939
"gradient",10,"slope",3.57880753169425,2.39181227612864
"gradient",10,"slope",3.54706412979882,2.36767707506318
"gradient",10,"slope",3.52107294441708,2.34313962972846
"gradient",10,"slope",3.49315686366065,2.31663747016898
"gradient",10,"slope",3.46375729316168,2.28418364956422
"gradient",10,"slope",3.43622236663783,2.26777253767275
"gradient",10,"slope",3.40754564944549,2.25286758790431
"gradient",10,"slope",3.38064575348562,2.24483338953883
"gradient",10,"slope",3.35042177087975,2.2245706517863
"gradient",10,"slope",3.32216501131632,2.21196579962973
"gradient",10,"slope",3.29563496377728,2.20056709992475
"gradient",10,"slope",3.26660209063858,2.19028010786156
"gradient",10,"slope",3.23750899597399,2.16927743479215
"gradient",10,"slope",3.21024306771471,2.15620854299573
"gradient",10,"slope",3.1812793717794,2.14678225488457
"gradient",10,"slope",3.15412712573578,2.13903434933606
"gradient",10,"slope",3.12566316460263,2.12632664903494
"gradient",10,"slope",3.09758912883354,2.11308962345968
"gradient",10,"slope",3.06866928331041,2.09657388981228
"gradient",10,"slope",3.04036245867397,2.08139923836701
"gradient",10,"slope",3.01266896819103,2.06772668717903
"gradient",10,"slope",2.98453545644167,2.05016442504569
"gradient",10,"slope",2.95614671629412,2.03672023664167
"gradient",10,"slope",2.92857829425462,2.02636696250429
"gradient",10,"slope",2.90006051643833,2.01449849041256
"gradient",10,"slope",2.87168152274032,2.00059661696024
"gradient",10,"slope",2.84352656909068,1.98847462369801
"gradient",10,"slope",2.81566352995566,1.9756525028857
"gradient",10,"slope",2.78747947531764,1.95633424982884
"gradient",10,"slope",2.75913887056798,1.94193524226991
"gradient",10,"slope",2.73077901846999,1.92962726182273
"gradient",10,"slope",2.7025130602371,1.91722415485852
"gradient",10,"slope",2.67443302888301,1.90464297745057
"gradient",10,"slope",2.64661278075027,1.89305819066245
"gradient",10,"slope",2.61820827233649,1.87599098846488
"gradient",10,"slope",2.59027816077986,1.86368336976242
"gradient",10,"slope",2.56205135531442,1.85256955059254
"gradient",10,"slope",2.53368857329532,1.83779566849804
"gradient",10,"slope",2.5056714446406,1.82645933997192
"gradient",10,"slope",2.47739277362935,1.81448281597798
"gradient",10,"slope",2.4493131273015,1.80125643124296
"gradient",10,"slope",2.42121757668128,1.78929051698693
"gradient",10,"slope",2.39294728758937,1.77364413893567
"gradient",10,"slope",2.36489340864249,1.7601003395158
"gradient",10,"slope",2.33665249479687,1.74417297428646
"gradient",10,"slope",2.30858694317185,1.73127695364
"gradient",10,"slope",2.28035802182722,1.71639347615253
"gradient",10,"slope",2.2521028926085,1.7011383861311
"gradient",10,"slope",2.22393474570859,1.68524449464107
"gradient",10,"slope",2.1959457986495,1.67114797458001
"gradient",10,"slope",2.16773065399023,1.65698647991961
"gradient",10,"slope",2.13958712152435,1.64204702716986
"gradient",10,"slope",2.11132918297904,1.62766588872051
"gradient",10,"slope",2.0832171650414,1.61325860139675
"gradient",10,"slope",2.05508571549468,1.59744575692267
"gradient",10,"slope",2.02692990216632,1.58144526928494
"gradient",10,"slope",1.99875319478945,1.56516504272347
"gradient",10,"slope",1.9706669606152,1.55005090392731
"gradient",10,"slope",1.94247652934403,1.53563796948306
"gradient",10,"slope",1.9143081435383,1.52059925509835
"gradient",10,"slope",1.88618194301987,1.50424399379942
"gradient",10,"slope",1.85804097400298,1.48796754788363
"gradient",10,"slope",1.82984833937994,1.47200246019448
"gradient",10,"slope",1.80172102374269,1.45493665969083
"gradient",10,"slope",1.77356121313317,1.43791993555816
"gradient",10,"slope",1.74542171425317,1.4201884874826
"gradient",10,"slope",1.7172363170578,1.40230621523395
"gradient",10,"slope",1.68906783829151,1.38519793244494
"gradient",10,"slope",1.66092139701828,1.36827293026515
"gradient",10,"slope",1.63280720302673,1.34952965711391
"gradient",10,"slope",1.60465176168118,1.33186035464898
"gradient",10,"slope",1.5764878950283,1.31421759291862
"gradient",10,"slope",1.54830948816067,1.29560400772906
"gradient",10,"slope",1.52019083548511,1.27576588020127
"gradient",10,"slope",1.49202612953102,1.2573531495988
"gradient",10,"slope",1.46386785492008,1.23979345615904
"gradient",10,"slope",1.43570389443959,1.22089879133419
"gradient",10,"slope",1.40755952489021,1.2016883678219
"gradient",10,"slope",1.37940853919119,1.18193664018091
"gradient",10,"slope",1.35126197580041,1.16295639450221
"gradient",10,"slope",1.32311214418506,1.1444424766917
"gradient",10,"slope",1.29495991948164,1.12496807732319
"gradient",10,"slope",1.2668127695399,1.10461354928264
"gradient",10,"slope",1.2386642724811,1.08448282327512
"gradient",10,"slope",1.21049861022394,1.06391029663762
"gradient",10,"slope",1.18236027131292,1.04360378183117
"gradient",10,"slope",1.15419680423665,1.02340080775201
"gradient",10,"slope",1.12604760194209,1.00249752183106
"gradient",10,"slope",1.09789507775913,0.98106785293585
"gradient",10,"slope",1.06974522360231,0.959686697723048
"gradient",10,"slope",1.04159739467129,0.937749892505272
"gradient",10,"slope",1.01344658715668,0.916355241763863
"gradient",10,"slope",0.985295743978522,0.893758742372595
"gradient",10,"slope",0.957144038856946,0.871942457288169
"gradient",10,"slope",0.928988373366829,0.849493419093503
"gradient",10,"slope",0.900841827571228,0.826601432714878
"gradient",10,"slope",0.872688636788261,0.803703583734144
"gradient",10,"slope",0.844538703345904,0.780931759201769
"gradient",10,"slope",0.816384993804243,0.758121793995009
"gradient",10,"slope",0.788235572553884,0.734502595432629
"gradient",10,"slope",0.7600845601012,0.710520620583365
"gradient",10,"slope",0.731928337044966,0.687151130859635
"gradient",10,"slope",0.703776457277857,0.663019708002727
"gradient",10,"slope",0.675627504825393,0.638987398598967
"gradient",10,"slope",0.647477417718898,0.614400305338513
"gradient",10,"slope",0.61932530582297,0.590036696629657
"gradient",10,"slope",0.591173031319814,0.565359993500397
"gradient",10,"slope",0.563024805665326,0.54051589671713
"gradient",10,"slope",0.534871925083772,0.515069899192357
"gradient",10,"slope",0.506721489850023,0.489760675546699
"gradient",10,"slope",0.478569323945867,0.463664174723966
"gradient",10,"slope",0.450418983252957,0.437137078254293
"gradient",10,"slope",0.422268427810497,0.411287249597023
"gradient",10,"slope",0.394117446151734,0.385011230607173
"gradient",10,"slope",0.365965058740219,0.35868348888579
"gradient",10,"slope",0.337814917628098,0.332031379308503
"gradient",10,"slope",0.309663240209958,0.304923406231352
"gradient",10,"slope",0.281511805195767,0.277960226624554
"gradient",10,"slope",0.253360936680144,0.250778374086413
"gradient",10,"slope",0.225208493672614,0.223428931154574
"gradient",10,"slope",0.197057890007013,0.196379230796965
"gradient",10,"slope",0.168907245781463,0.168697827405301
"gradient",10,"slope",0.14075584506493,0.14055817016873
"gradient",10,"slope",0.112604263234583,0.112588375214518
"gradient",10,"slope",0.0844544130018414,0.0845996229236811
"gradient",10,"slope",0.0563021107564213,0.0563456156365256
"gradient",10,"slope",0.0281520807506487,0.0280501017944147
"gradient",10,"slope",5.4286844165136e-07,1.24334007361881e-07
"clustered",16,"slope",5.90308998699194,8
"clustered",16,"slope",5.42596873227228,8
"clustered",16,"slope",5.20411998265593,7.45171795335425
"clustered",16,"slope",5.05799194697769,7.02321164294966
"clustered",16,"slope",4.94884747755262,6.89123600834126
"clustered",16,"slope",4.86169730183372,6.85789176119948
"clustered",16,"slope",4.78914663468511,6.84773159684073
"clustered",16,"slope",4.72699872793626,6.02947116484087
"clustered",16,"slope",4.67264106561367,5.960849894133
"clustered",16,"slope",4.62433638603911,5.51951345540771
"clustered",16,"slope",4.58087069225802,4.94633157441326
"clustered",16,"slope",4.54136215097435,4.93670182978007
"clustered",16,"slope",4.50514997831991,4.64329644924466
"clustered",16,"slope",4.47172622283296,4.43774276496065
"clustered",16,"slope",4.44069198909299,4.31794930503752
"clustered",16,"slope",4.41172829315767,4.07876611061367
"clustered",16,"slope",4.38457604711406,4.06912075023177
"clustered",16,"slope",4.35902194264167,3.72131596740782
"clustered",16,"slope",4.31202537996544,3.36596772895303
"clustered",16,"slope",4.29030613027221,3.34808415483266
"clustered",16,"slope",4.26962153141236,3.23810477864368
"clustered",16,"slope",4.23099212905623,3.21751838509042
"clustered",16,"slope",4.19551981089401,3.20458359623723
"clustered",16,"slope",4.17881411739115,3.18873728687461
"clustered",16,"slope",4.14721513131945,3.14707628097483
"clustered",16,"slope",4.11776015198118,3.13144357746079
"clustered",16,"slope",4.09017663034909,3.06752570917407
"clustered",16,"slope",4.06424089625469,3.0535429294726
"clustered",16,"slope",4.02802872360024,3.03999182644947
"clustered",16,"slope",4.0054628957015,3.03315564558428
"clustered",16,"slope",3.97367106127765,3.01922126074616
"clustered",16,"slope",3.94404859467085,2.98315725296133
"clustered",16,"slope",3.9163182527257,2.96515937348945
"clustered",16,"slope",3.89025276228677,2.9334289826682
"clustered",16,"slope",3.85776700820529,2.91891723662508
"clustered",16,"slope",3.83490412524578,2.90090704968821
"clustered",16,"slope",3.80617997398389,2.88057389626765
"clustered",16,"slope",3.77275621849694,2.85591125706281
"clustered",16,"slope",3.74775394952688,2.84032409399838
"clustered",16,"slope",3.71839855617434,2.82794398742893
"clustered",16,"slope",3.69090238258799,2.81020845173276
"clustered",16,"slope",3.66005193830565,2.79977974913505
"clustered",16,"slope",3.63591825858893,2.79408487752107
"clustered",16,"slope",3.60423691058224,2.7805805665197
"clustered",16,"slope",3.57880753169425,2.74899733546731
"clustered",16,"slope",3.54706412979882,2.73389658659337
"clustered",16,"slope",3.52107294441708,2.71878230924225
"clustered",16,"slope",3.49315686366065,2.70710234724907
"clustered",16,"slope",3.46375729316168,2.69559072603746
"clustered",16,"slope",3.43622236663783,2.68120655695862
"clustered",16,"slope",3.40754564944549,2.66114252398712
"clustered",16,"slope",3.38064575348562,2.64801170120207
"clustered",16,"slope",3.35042177087975,2.62508536450875
"clustered",16,"slope",3.32216501131632,2.61373471360459
"clustered",16,"slope",3.29563496377728,2.5930869952925
"clustered",16,"slope",3.26660209063858,2.57988646097231
"clustered",16,"slope",3.23750899597399,2.55837035551015
"clustered",16,"slope",3.21024306771471,2.54372815580896
"clustered",16,"slope",3.1812793717794,2.52370607771401
"clustered",16,"slope",3.15412712573578,2.50719896670907
"clustered",16,"slope",3.12566316460263,2.49102861332464
"clustered",16,"slope",3.09758912883354,2.47282880381409
"clustered",16,"slope",3.06866928331041,2.45467783713775
"clustered",16,"slope",3.04036245867397,2.44192965748845
"clustered",16,"slope",3.01266896819103,2.4286620748857
"clustered",16,"slope",2.98453545644167,2.4144778530043
"clustered",16,"slope",2.95614671629412,2.39579455065987
"clustered",16,"slope",2.92857829425462,2.37570261250089
"clustered",16,"slope",2.90006051643833,2.36126941948711
"clustered",16,"slope",2.87168152274032,2.34538348267456
"clustered",16,"slope",2.84352656909068,2.32708222830478
"clustered",16,"slope",2.81566352995566,2.30906036812541
"clustered",16,"slope",2.78747947531764,2.2937704720757
"clustered",16,"slope",2.75913887056798,2.27831852823498
"clustered",16,"slope",2.73077901846999,2.26306836383835
"clustered",16,"slope",2.7025130602371,2.24873748374286
"clustered",16,"slope",2.67443302888301,2.22849587691702
"clustered",16,"slope",2.64661278075027,2.21534474136322
"clustered",16,"slope",2.61820827233649,2.19800583800386
"clustered",16,"slope",2.59027816077986,2.18069361158103
"clustered",16,"slope",2.56205135531442,2.16212550513771
"clustered",16,"slope",2.53368857329532,2.14087901425711
"clustered",16,"slope",2.5056714446406,2.12443886171269
"clustered",16,"slope",2.47739277362935,2.1085184946659
"clustered",16,"slope",2.4493131273015,2.08750400789971
"clustered",16,"slope",2.42121757668128,2.06961406846473
"clustered",16,"slope",2.39294728758937,2.05089329263062
"clustered",16,"slope",2.36489340864249,2.03339162496593
"clustered",16,"slope",2.33665249479687,2.01525607585098
"clustered",16,"slope",2.30858694317185,1.9985344690928
"clustered",16,"slope",2.28035802182722,1.98128663413778
"clustered",16,"slope",2.2521028926085,1.96247779586695
"clustered",16,"slope",2.22393474570859,1.94418512502445
"clustered",16,"slope",2.1959457986495,1.92770972513558
"clustered",16,"slope",2.16773065399023,1.9103466300768
"clustered",16,"slope",2.13958712152435,1.89062074323097
"clustered",16,"slope",2.11132918297904,1.87156552955507
"clustered",16,"slope",2.0832171650414,1.85175921943162
"clustered",16,"slope",2.05508571549468,1.83139661066003
"clustered",16,"slope",2.02692990216632,1.81405485769526
"clustered",16,"slope",1.99875319478945,1.79704399034631
"clustered",16,"slope",1.9706669606152,1.77718126071279
"clustered",16,"slope",1.94247652934403,1.75801820919008
"clustered",16,"slope",1.9143081435383,1.7382690795278
"clustered",16,"slope",1.88618194301987,1.71763822240769
"clustered",16,"slope",1.85804097400298,1.69767139628341
"clustered",16,"slope",1.82984833937994,1.67791596440345
"clustered",16,"slope",1.80172102374269,1.65704680966021
"clustered",16,"slope",1.77356121313317,1.63625207705832
"clustered",16,"slope",1.74542171425317,1.61560060900739
"clustered",16,"slope",1.7172363170578,1.5943005713139
"clustered",16,"slope",1.68906783829151,1.57239597987172
"clustered",16,"slope",1.66092139701828,1.55203943198527
"clustered",16,"slope",1.63280720302673,1.53018082362738
"clustered",16,"slope",1.60465176168118,1.50868788478758
"clustered",16,"slope",1.5764878950283,1.48732885411032
"clustered",16,"slope",1.54830948816067,1.46360188875286
"clustered",16,"slope",1.52019083548511,1.43862348598131
"clustered",16,"slope",1.49202612953102,1.41600787379257
"clustered",16,"slope",1.46386785492008,1.39067777057003
"clustered",16,"slope",1.43570389443959,1.36746014256606
"clustered",16,"slope",1.40755952489021,1.34366145130211
"clustered",16,"slope",1.37940853919119,1.31982773304611
"clustered",16,"slope",1.35126197580041,1.29687412649901
"clustered",16,"slope",1.32311214418506,1.27254210696134
"clustered",16,"slope",1.29495991948164,1.24839618182841
"clustered",16,"slope",1.2668127695399,1.22554050173119
"clustered",16,"slope",1.2386642724811,1.20088351735716
"clustered",16,"slope",1.21049861022394,1.1764276416779
"clustered",16,"slope",1.18236027131292,1.15137084066938
"clustered",16,"slope",1.15419680423665,1.12587330639886
"clustered",16,"slope",1.12604760194209,1.1014973327631
"clustered",16,"slope",1.09789507775913,1.07688995544657
"clustered",16,"slope",1.06974522360231,1.05269384301615
"clustered",16,"slope",1.04159739467129,1.02660766094904
"clustered",16,"slope",1.01344658715668,1.00132166122342
"clustered",16,"slope",0.985295743978522,0.975072407683621
"clustered",16,"slope",0.957144038856946,0.949278309049502
"clustered",16,"slope",0.928988373366829,0.922998786292788
"clustered",16,"slope",0.900841827571228,0.89682591139168
"clustered",16,"slope",0.872688636788261,0.870361784884612
"clustered",16,"slope",0.844538703345904,0.844123575437291
"clustered",16,"slope",0.816384993804243,0.817685380688011
"clustered",16,"slope",0.788235572553884,0.790719644605527
"clustered",16,"slope",0.7600845601012,0.763961001402477
"clustered",16,"slope",0.731928337044966,0.737630022526978
"clustered",16,"slope",0.703776457277857,0.710407844971868
"clustered",16,"slope",0.675627504825393,0.683268142473513
"clustered",16,"slope",0.647477417718898,0.65564354530302
"clustered",16,"slope",0.61932530582297,0.628072551372945
"clustered",16,"slope",0.591173031319814,0.600668678663455
"clustered",16,"slope",0.563024805665326,0.573053077309329
"clustered",16,"slope",0.534871925083772,0.545407890518886
"clustered",16,"slope",0.506721489850023,0.517469408618057
"clustered",16,"slope",0.478569323945867,0.489023742640927
"clustered",16,"slope",0.450418983252957,0.46054358018642
"clustered",16,"slope",0.422268427810497,0.432640029490525
"clustered",16,"slope",0.394117446151734,0.404768040214871
"clustered",16,"slope",0.365965058740219,0.376301815433263
"clustered",16,"slope",0.337814917628098,0.347988653515105
"clustered",16,"slope",0.309663240209958,0.319250597272827
"clustered",16,"slope",0.281511805195767,0.290652125648446
"clustered",16,"slope",0.253360936680144,0.261928324761752
"clustered",16,"slope",0.225208493672614,0.232952173682507
"clustered",16,"slope",0.197057890007013,0.204376702021433
"clustered",16,"slope",0.168907245781463,0.175110697364754
"clustered",16,"slope",0.14075584506493,0.145532734086973
"clustered",16,"slope",0.112604263234583,0.116125394135725
"clustered",16,"slope",0.0844544130018414,0.0870395367128913
"clustered",16,"slope",0.0563021107564213,0.0580435241941054
"clustered",16,"slope",0.0281520807506487,0.0290514778978284
"clustered",16,"slope",5.4286844165136e-07,8.91152531283883e-07
"gradient",16,"slope",5.90308998699194,8
"gradient",16,"slope",5.42596873227228,8
"gradient",16,"slope",5.20411998265593,8
"gradient",16,"slope",5.05799194697769,8
"gradient",16,"slope",4.94884747755262,7.76095588608843
"gradient",16,"slope",4.86169730183372,7.08528724461815
"gradient",16,"slope",4.78914663468511,6.66035710222692
"gradient",16,"slope",4.72699872793626,6.18614199994932
"gradient",16,"slope",4.67264106561367,5.94804679753566
"gradient",16,"slope",4.62433638603911,5.23258456466331
"gradient",16,"slope",4.58087069225802,4.92578774668684
"gradient",16,"slope",4.54136215097435,4.58732665070894
"gradient",16,"slope",4.50514997831991,4.568582633265
"gradient",16,"slope",4.47172622283296,4.51167963821471
"gradient",16,"slope",4.44069198909299,4.47259511701914
"gradient",16,"slope",4.41172829315767,4.40626763984742
"gradient",16,"slope",4.38457604711406,4.34506198969721
"gradient",16,"slope",4.35902194264167,4.20308275533817
"gradient",16,"slope",4.31202537996544,4.18197511419225
"gradient",16,"slope",4.29030613027221,4.14567963327628
"gradient",16,"slope",4.26962153141236,4.13029444597288
"gradient",16,"slope",4.23099212905623,4.09158126349788
"gradient",16,"slope",4.19551981089401,4.01026307860209
"gradient",16,"slope",4.17881411739115,3.97794221404001
"gradient",16,"slope",4.14721513131945,3.94892661682636
"gradient",16,"slope",4.11776015198118,3.74266556169654
"gradient",16,"slope",4.09017663034909,3.66976820697586
"gradient",16,"slope",4.06424089625469,3.62441802313255
"gradient",16,"slope",4.02802872360024,3.52897082427107
"gradient",16,"slope",4.0054628957015,3.48876839530857
"gradient",16,"slope",3.97367106127765,3.4808284030657
"gradient",16,"slope",3.94404859467085,3.39950563169353
"gradient",16,"slope",3.9163182527257,3.34593342146785
"gradient",16,"slope",3.89025276228677,3.29366939519076
"gradient",16,"slope",3.85776700820529,3.22187505077917
"gradient",16,"slope",3.83490412524578,3.19466676792414
"gradient",16,"slope",3.80617997398389,3.14812174182312
"gradient",16,"slope",3.77275621849694,3.09817458497825
"gradient",16,"slope",3.74775394952688,3.08395211773053
"gradient",16,"slope",3.71839855617434,3.0011278773616
"gradient",16,"slope",3.69090238258799,2.95776852333257
"gradient",16,"slope",3.66005193830565,2.92540953920528
"gradient",16,"slope",3.63591825858893,2.84914667666106
"gradient",16,"slope",3.60423691058224,2.81743088719163
"gradient",16,"slope",3.57880753169425,2.80130030749805
"gradient",16,"slope",3.54706412979882,2.77392862956523
"gradient",16,"slope",3.52107294441708,2.72812541948232
"gradient",16,"slope",3.49315686366065,2.7099839052921
"gradient",16,"slope",3.46375729316168,2.69284990615934
"gradient",16,"slope",3.43622236663783,2.67395659897376
"gradient",16,"slope",3.40754564944549,2.65067764026193
"gradient",16,"slope",3.38064575348562,2.63792880926491
"gradient",16,"slope",3.35042177087975,2.61802726848439
"gradient",16,"slope",3.32216501131632,2.59840789093156
"gradient",16,"slope",3.29563496377728,2.57805458487418
"gradient",16,"slope",3.26660209063858,2.56250932829377
"gradient",16,"slope",3.23750899597399,2.54887177370924
"gradient",16,"slope",3.21024306771471,2.53067342888062
"gradient",16,"slope",3.1812793717794,2.51181352367298
"gradient",16,"slope",3.15412712573578,2.49923605088523
"gradient",16,"slope",3.12566316460263,2.48646249314274
"gradient",16,"slope",3.09758912883354,2.46771843242733
"gradient",16,"slope",3.06866928331041,2.44347143396397
"gradient",16,"slope",3.04036245867397,2.42901563117317
"gradient",16,"slope",3.01266896819103,2.40927667897383
"gradient",16,"slope",2.98453545644167,2.39404592028736
"gradient",16,"slope",2.95614671629412,2.37597394793173
"gradient",16,"slope",2.92857829425462,2.36225804962664
"gradient",16,"slope",2.90006051643833,2.3475954071869
"gradient",16,"slope",2.87168152274032,2.33327751395465
"gradient",16,"slope",2.84352656909068,2.32430074214856
"gradient",16,"slope",2.81566352995566,2.31197700433509
"gradient",16,"slope",2.78747947531764,2.29979762405234
"gradient",16,"slope",2.75913887056798,2.28225908587925
"gradient",16,"slope",2.73077901846999,2.262477695826
"gradient",16,"slope",2.7025130602371,2.24643861250825
"gradient",16,"slope",2.67443302888301,2.23205919510652
"gradient",16,"slope",2.64661278075027,2.2163598044592
"gradient",16,"slope",2.61820827233649,2.19969803123265
"gradient",16,"slope",2.59027816077986,2.18356624259848
"gradient",16,"slope",2.56205135531442,2.16348378139838
"gradient",16,"slope",2.53368857329532,2.14268925989529
"gradient",16,"slope",2.5056714446406,2.12563435621668
"gradient",16,"slope",2.47739277362935,2.10811349885009
"gradient",16,"slope",2.4493131273015,2.09280242087039
"gradient",16,"slope",2.42121757668128,2.07338880622714
"gradient",16,"slope",2.39294728758937,2.05213793627692
"gradient",16,"slope",2.36489340864249,2.03452933560577
"gradient",16,"slope",2.33665249479687,2.01612299238348
"gradient",16,"slope",2.30858694317185,1.99797097731337
"gradient",16,"slope",2.28035802182722,1.97777597705306
"gradient",16,"slope",2.2521028926085,1.95930665370368
"gradient",16,"slope",2.22393474570859,1.93719477162084
"gradient",16,"slope",2.1959457986495,1.91881036646946
"gradient",16,"slope",2.16773065399023,1.89971106620905
"gradient",16,"slope",2.13958712152435,1.88039340759572
"gradient",16,"slope",2.11132918297904,1.86310805180902
"gradient",16,"slope",2.0832171650414,1.84082252376349
"gradient",16,"slope",2.05508571549468,1.82144720025645
"gradient",16,"slope",2.02692990216632,1.80313514535619
"gradient",16,"slope",1.99875319478945,1.78492736306535
"gradient",16,"slope",1.9706669606152,1.76390622980167
"gradient",16,"slope",1.94247652934403,1.74593884669054
"gradient",16,"slope",1.9143081435383,1.72446776838823
"gradient",16,"slope",1.88618194301987,1.70445291504925
"gradient",16,"slope",1.85804097400298,1.68583619950669
"gradient",16,"slope",1.82984833937994,1.66612827157379
"gradient",16,"slope",1.80172102374269,1.64574300200768
"gradient",16,"slope",1.77356121313317,1.62616117144155
"gradient",16,"slope",1.74542171425317,1.60528539875416
"gradient",16,"slope",1.7172363170578,1.58506013499792
"gradient",16,"slope",1.68906783829151,1.56421693836594
"gradient",16,"slope",1.66092139701828,1.54281698910356
"gradient",16,"slope",1.63280720302673,1.5201727739166
"gradient",16,"slope",1.60465176168118,1.49829661136817
"gradient",16,"slope",1.5764878950283,1.47533386222277
"gradient",16,"slope",1.54830948816067,1.45257011653814
"gradient",16,"slope",1.52019083548511,1.42913241861362
"gradient",16,"slope",1.49202612953102,1.40688529294861
"gradient",16,"slope",1.46386785492008,1.38336828203459
"gradient",16,"slope",1.43570389443959,1.36031120157956
"gradient",16,"slope",1.40755952489021,1.33596152628484
"gradient",16,"slope",1.37940853919119,1.31373136619615
"gradient",16,"slope",1.35126197580041,1.28918818825541
"gradient",16,"slope",1.32311214418506,1.26464651196539
"gradient",16,"slope",1.29495991948164,1.23961236463886
"gradient",16,"slope",1.2668127695399,1.21729523151027
"gradient",16,"slope",1.2386642724811,1.19242063735778
"gradient",16,"slope",1.21049861022394,1.16779542202746
"gradient",16,"slope",1.18236027131292,1.14326044407597
"gradient",16,"slope",1.15419680423665,1.11894623751905
"gradient",16,"slope",1.12604760194209,1.09410459998098
"gradient",16,"slope",1.09789507775913,1.06934511927125
"gradient",16,"slope",1.06974522360231,1.04548635282767
"gradient",16,"slope",1.04159739467129,1.01962571960631
"gradient",16,"slope",1.01344658715668,0.994159556541906
"gradient",16,"slope",0.985295743978522,0.968678463267265
"gradient",16,"slope",0.957144038856946,0.943689110229579
"gradient",16,"slope",0.928988373366829,0.91863195264446
"gradient",16,"slope",0.900841827571228,0.892359854642562
"gradient",16,"slope",0.872688636788261,0.866251650341461
"gradient",16,"slope",0.844538703345904,0.840850577982076
"gradient",16,"slope",0.816384993804243,0.814240935268474
"gradient",16,"slope",0.788235572553884,0.787659233318269
"gradient",16,"slope",0.7600845601012,0.761221739551905
"gradient",16,"slope",0.731928337044966,0.735192628126694
"gradient",16,"slope",0.703776457277857,0.708303174881671
"gradient",16,"slope",0.675627504825393,0.681093549398297
"gradient",16,"slope",0.647477417718898,0.654624658943142
"gradient",16,"slope",0.61932530582297,0.62801331316639
"gradient",16,"slope",0.591173031319814,0.601014631663013
"gradient",16,"slope",0.563024805665326,0.573905702609272
"gradient",16,"slope",0.534871925083772,0.546042958513373
"gradient",16,"slope",0.506721489850023,0.518235740928348
"gradient",16,"slope",0.478569323945867,0.490496510147693
"gradient",16,"slope",0.450418983252957,0.462209524216056
"gradient",16,"slope",0.422268427810497,0.434332666309639
"gradient",16,"slope",0.394117446151734,0.405856930661617
"gradient",16,"slope",0.365965058740219,0.377614296327825
"gradient",16,"slope",0.337814917628098,0.348709840761796
"gradient",16,"slope",0.309663240209958,0.320141012393573
"gradient",16,"slope",0.281511805195767,0.291162580573557
"gradient",16,"slope",0.253360936680144,0.262195209356235
"gradient",16,"slope",0.225208493672614,0.233341553879221
"gradient",16,"slope",0.197057890007013,0.204009902112789
"gradient",16,"slope",0.168907245781463,0.174974454454533
"gradient",16,"slope",0.14075584506493,0.145734788237235
"gradient",16,"slope",0.112604263234583,0.116673917096735
"gradient",16,"slope",0.0844544130018414,0.0871520423746557
"gradient",16,"slope",0.0563021107564213,0.0581966913998551
"gradient",16,"slope",0.0281520807506487,0.029219593991729
"gradient",16,"slope",5.4286844165136e-07,2.83356895163057e-07
"clustered",24,"slope",5.90308998699194,8
"clustered",24,"slope",5.42596873227228,8
"clustered",24,"slope",5.20411998265593,8
"clustered",24,"slope",5.05799194697769,8
"clustered",24,"slope",4.94884747755262,8
"clustered",24,"slope",4.86169730183372,8
"clustered",24,"slope",4.78914663468511,8
"clustered",24,"slope",4.72699872793626,8
"clustered",24,"slope",4.67264106561367,7.90242837952609
"clustered",24,"slope",4.62433638603911,7.62210263002819
"clustered",24,"slope",4.58087069225802,7.53141867129451
"clustered",24,"slope",4.54136215097435,6.92980075079147
"clustered",24,"slope",4.50514997831991,6.92139540831956
"clustered",24,"slope",4.47172622283296,6.42658278440132
"clustered",24,"slope",4.44069198909299,6.14212180996054
"clustered",24,"slope",4.41172829315767,6.00960544186899
"clustered",24,"slope",4.38457604711406,5.92004217899791
"clustered",24,"slope",4.35902194264167,5.05101447221054
"clustered",24,"slope",4.31202537996544,4.79768647320719
"clustered",24,"slope",4.29030613027221,4.27610261927958
"clustered",24,"slope",4.26962153141236,4.00096731237769
"clustered",24,"slope",4.23099212905623,3.8910421570456
"clustered",24,"slope",4.19551981089401,3.81567914239884
"clustered",24,"slope",4.17881411739115,3.81359997247382
"clustered",24,"slope",4.14721513131945,3.80307847783151
"clustered",24,"slope",4.11776015198118,3.74717917942015
"clustered",24,"slope",4.09017663034909,3.72022305857068
"clustered",24,"slope",4.06424089625469,3.69420203196079
"clustered",24,"slope",4.02802872360024,3.5733278705549
"clustered",24,"slope",4.0054628957015,3.52903411455445
"clustered",24,"slope",3.97367106127765,3.46011884514702
"clustered",24,"slope",3.94404859467085,3.41135919518356
"clustered",24,"slope",3.9163182527257,3.34001793362639
"clustered",24,"slope",3.89025276228677,3.31629829850442
"clustered",24,"slope",3.85776700820529,3.26830975542498
"clustered",24,"slope",3.83490412524578,3.25037796938813
"clustered",24,"slope",3.80617997398389,3.23050864205953
"clustered",24,"slope",3.77275621849694,3.18073641982387
"clustered",24,"slope",3.74775394952688,3.16076184316517
"clustered",24,"slope",3.71839855617434,3.13709910614548
"clustered",24,"slope",3.69090238258799,3.12104886958842
"clustered",24,"slope",3.66005193830565,3.10430871745907
"clustered",24,"slope",3.63591825858893,3.09507732836488
"clustered",24,"slope",3.60423691058224,3.064138174453
"clustered",24,"slope",3.57880753169425,3.0552279258896
"clustered",24,"slope",3.54706412979882,3.02843667040518
"clustered",24,"slope",3.52107294441708,3.00430543006656
"clustered",24,"slope",3.49315686366065,2.97577451423038
"clustered",24,"slope",3.46375729316168,2.95979937560091
"clustered",24,"slope",3.43622236663783,2.93303430360388
"clustered",24,"slope",3.40754564944549,2.90882560303177
"clustered",24,"slope",3.38064575348562,2.89261061981867
"clustered",24,"slope",3.35042177087975,2.86319577264155
"clustered",24,"slope",3.32216501131632,2.84947471340449
"clustered",24,"slope",3.29563496377728,2.83148540136995
"clustered",24,"slope",3.26660209063858,2.82051829875383
"clustered",24,"slope",3.23750899597399,2.80679386616514
"clustered",24,"slope",3.21024306771471,2.79116848099749
"clustered",24,"slope",3.1812793717794,2.77647674014685
"clustered",24,"slope",3.15412712573578,2.75494299738665
"clustered",24,"slope",3.12566316460263,2.73815937663205
"clustered",24,"slope",3.09758912883354,2.72439693478808
"clustered",24,"slope",3.06866928331041,2.70729944433457
"clustered",24,"slope",3.04036245867397,2.68799274611567
"clustered",24,"slope",3.01266896819103,2.66764801048027
"clustered",24,"slope",2.98453545644167,2.6488051720667
"clustered",24,"slope",2.95614671629412,2.62628898116663
"clustered",24,"slope",2.92857829425462,2.60750849396751
"clustered",24,"slope",2.90006051643833,2.58838525067109
"clustered",24,"slope",2.87168152274032,2.57271114827894
"clustered",24,"slope",2.84352656909068,2.5557967490028
"clustered",24,"slope",2.81566352995566,2.53421646805774
"clustered",24,"slope",2.78747947531764,2.51501406971745
"clustered",24,"slope",2.75913887056798,2.4916995300433
"clustered",24,"slope",2.73077901846999,2.47026696212075
"clustered",24,"slope",2.7025130602371,2.45414892477482
"clustered",24,"slope",2.67443302888301,2.43046556642234
"clustered",24,"slope",2.64661278075027,2.40603419288307
"clustered",24,"slope",2.61820827233649,2.38972973446463
"clustered",24,"slope",2.59027816077986,2.37368470917344
"clustered",24,"slope",2.56205135531442,2.35536976558183
"clustered",24,"slope",2.53368857329532,2.33593555224721
"clustered",24,"slope",2.5056714446406,2.31582068422896
"clustered",24,"slope",2.47739277362935,2.29701384105853
"clustered",24,"slope",2.4493131273015,2.27727194430062
"clustered",24,"slope",2.42121757668128,2.25645541082454
"clustered",24,"slope",2.39294728758937,2.23463414814971
"clustered",24,"slope",2.36489340864249,2.21451322034018
"clustered",24,"slope",2.33665249479687,2.19230802640215
"clustered",24,"slope",2.30858694317185,2.17305952032244
"clustered",24,"slope",2.28035802182722,2.15457042495013
"clustered",24,"slope",2.2521028926085,2.13245089187752
"clustered",24,"slope",2.22393474570859,2.11031506456451
"clustered",24,"slope",2.1959457986495,2.08844596452331
"clustered",24,"slope",2.16773065399023,2.06729076259166
"clustered",24,"slope",2.13958712152435,2.04585905893543
"clustered",24,"slope",2.11132918297904,2.02464184959306
"clustered",24,"slope",2.0832171650414,2.00185178921782
"clustered",24,"slope",2.05508571549468,1.98327456582569
"clustered",24,"slope",2.02692990216632,1.96377834182097
"clustered",24,"slope",1.99875319478945,1.94366659151496
"clustered",24,"slope",1.9706669606152,1.9205576952144
"clustered",24,"slope",1.94247652934403,1.8963664831023
"clustered",24,"slope",1.9143081435383,1.87417315607212
"clustered",24,"slope",1.88618194301987,1.8516926254941
"clustered",24,"slope",1.85804097400298,1.82872135190085
"clustered",24,"slope",1.82984833937994,1.80713641066727
"clustered",24,"slope",1.80172102374269,1.78379578222241
"clustered",24,"slope",1.77356121313317,1.76038502716708
"clustered",24,"slope",1.74542171425317,1.73629138314431
"clustered",24,"slope",1.7172363170578,1.71208570176137
"clustered",24,"slope",1.68906783829151,1.68710571574916
"clustered",24,"slope",1.66092139701828,1.66205531570275
"clustered",24,"slope",1.63280720302673,1.63741493047951
"clustered",24,"slope",1.60465176168118,1.61360576952464
"clustered",24,"slope",1.5764878950283,1.5869456150017
"clustered",24,"slope",1.54830948816067,1.56176498097417
"clustered",24,"slope",1.52019083548511,1.53586132916527
"clustered",24,"slope",1.49202612953102,1.51032297055744
"clustered",24,"slope",1.46386785492008,1.48322621043174
"clustered",24,"slope",1.43570389443959,1.45890833063857
"clustered",24,"slope",1.40755952489021,1.43352095682675
"clustered",24,"slope",1.37940853919119,1.40743301434121
"clustered",24,"slope",1.35126197580041,1.37992488189489
"clustered",24,"slope",1.32311214418506,1.35399711238566
"clustered",24,"slope",1.29495991948164,1.32784785797486
"clustered",24,"slope",1.2668127695399,1.30047983303372
"clustered",24,"slope",1.2386642724811,1.27292519839195
"clustered",24,"slope",1.21049861022394,1.24534460091834
"clustered",24,"slope",1.18236027131292,1.21884651899176
"clustered",24,"slope",1.15419680423665,1.19086656729604
"clustered",24,"slope",1.12604760194209,1.16263346727865
"clustered",24,"slope",1.09789507775913,1.13562129206685
"clustered",24,"slope",1.06974522360231,1.10634137482235
"clustered",24,"slope",1.04159739467129,1.07747938591486
"clustered",24,"slope",1.01344658715668,1.04972988432373
"clustered",24,"slope",0.985295743978522,1.02140434171913
"clustered",24,"slope",0.957144038856946,0.994459797710276
"clustered",24,"slope",0.928988373366829,0.965832133888122
"clustered",24,"slope",0.900841827571228,0.938097218705025
"clustered",24,"slope",0.872688636788261,0.909618186038834
"clustered",24,"slope",0.844538703345904,0.881078732360633
"clustered",24,"slope",0.816384993804243,0.852872723615005
"clustered",24,"slope",0.788235572553884,0.825089445843502
"clustered",24,"slope",0.7600845601012,0.796621195774526
"clustered",24,"slope",0.731928337044966,0.767768497968132
"clustered",24,"slope",0.703776457277857,0.739279045985333
"clustered",24,"slope",0.675627504825393,0.71047479284126
"clustered",24,"slope",0.647477417718898,0.681026431518691
"clustered",24,"slope",0.61932530582297,0.651756080522537
"clustered",24,"slope",0.591173031319814,0.622980184951634
"clustered",24,"slope",0.563024805665326,0.593915782319704
"clustered",24,"slope",0.534871925083772,0.564157747982071
"clustered",24,"slope",0.506721489850023,0.534720248786449
"clustered",24,"slope",0.478569323945867,0.505386397522069
"clustered",24,"slope",0.450418983252957,0.476149103907885
"clustered",24,"slope",0.422268427810497,0.446779690621815
"clustered",24,"slope",0.394117446151734,0.417012867892313
"clustered",24,"slope",0.365965058740219,0.38749184363101
"clustered",24,"slope",0.337814917628098,0.357513346944635
"clustered",24,"slope",0.309663240209958,0.327858281116333
"clustered",24,"slope",0.281511805195767,0.298002864210527
"clustered",24,"slope",0.253360936680144,0.268439356234384
"clustered",24,"slope",0.225208493672614,0.238099788708416
"clustered",24,"slope",0.197057890007013,0.208216912492989
"clustered",24,"slope",0.168907245781463,0.178423081309957
"clustered",24,"slope",0.14075584506493,0.148630999915247
"clustered",24,"slope",0.112604263234583,0.118533338483409
"clustered",24,"slope",0.0844544130018414,0.088565117657965
"clustered",24,"slope",0.0563021107564213,0.0588412575188905
"clustered",24,"slope",0.0281520807506487,0.0294101040106579
"clustered",24,"slope",5.4286844165136e-07,6.3642482929377e-07
"gradient",24,"slope",5.90308998699194,8
"gradient",24,"slope",5.42596873227228,8
"gradient",24,"slope",5.20411998265593,8
"gradient",24,"slope",5.05799194697769,8
"gradient",24,"slope",4.94884747755262,8
"gradient",24,"slope",4.86169730183372,8
"gradient",24,"slope",4.78914663468511,8
"gradient",24,"slope",4.72699872793626,8
"gradient",24,"slope",4.67264106561367,8
"gradient",24,"slope",4.62433638603911,8
"gradient",24,"slope",4.58087069225802,8
"gradient",24,"slope",4.54136215097435,7.77526464925363
"gradient",24,"slope",4.50514997831991,7.69965745374772
"gradient",24,"slope",4.47172622283296,7.66898436459967
"gradient",24,"slope",4.44069198909299,7.01603011819613
"gradient",24,"slope",4.41172829315767,6.90750969302557
"gradient",24,"slope",4.38457604711406,6.87173792271062
"gradient",24,"slope",4.35902194264167,6.86429390659274
"gradient",24,"slope",4.31202537996544,6.69758133603514
"gradient",24,"slope",4.29030613027221,6.52141959216723
"gradient",24,"slope",4.26962153141236,6.47868381191251
"gradient",24,"slope",4.23099212905623,6.3164226721341
"gradient",24,"slope",4.19551981089401,6.30238249500517
"gradient",24,"slope",4.17881411739115,6.27574920512916
"gradient",24,"slope",4.14721513131945,5.98708432856457
"gradient",24,"slope",4.11776015198118,5.69207957248215
"gradient",24,"slope",4.09017663034909,5.54034035604753
"gradient",24,"slope",4.06424089625469,5.45366076355429
"gradient",24,"slope",4.02802872360024,5.31622810122752
"gradient",24,"slope",4.0054628957015,5.28183709988908
"gradient",24,"slope",3.97367106127765,5.15218013789117
"gradient",24,"slope",3.94404859467085,4.95524854131363
"gradient",24,"slope",3.9163182527257,4.83317972958431
"gradient",24,"slope",3.89025276228677,4.66699140094869
"gradient",24,"slope",3.85776700820529,4.49774552531821
"gradient",24,"slope",3.83490412524578,4.36605264082208
"gradient",24,"slope",3.80617997398389,4.30556505147221
"gradient",24,"slope",3.77275621849694,4.12614900926787
"gradient",24,"slope",3.74775394952688,4.03702488840991
"gradient",24,"slope",3.71839855617434,3.88232995210921
"gradient",24,"slope",3.69090238258799,3.79858302956717
"gradient",24,"slope",3.66005193830565,3.59925115236754
"gradient",24,"slope",3.63591825858893,3.485756138325
"gradient",24,"slope",3.60423691058224,3.38598356489047
"gradient",24,"slope",3.57880753169425,3.32813698085035
"gradient",24,"slope",3.54706412979882,3.27138452628438
"gradient",24,"slope",3.52107294441708,3.22360588192719
"gradient",24,"slope",3.49315686366065,3.17987273704237
"gradient",24,"slope",3.46375729316168,3.13321325731224
"gradient",24,"slope",3.43622236663783,3.07675918933583
"gradient",24,"slope",3.40754564944549,3.05812125796359
"gradient",24,"slope",3.38064575348562,3.04138849294304
"gradient",24,"slope",3.35042177087975,3.0171611408948
"gradient",24,"slope",3.32216501131632,2.9918317728035
"gradient",24,"slope",3.29563496377728,2.95184457051515
"gradient",24,"slope",3.26660209063858,2.91974751920559
"gradient",24,"slope",3.23750899597399,2.89212154555901
"gradient",24,"slope",3.21024306771471,2.8698685716636
"gradient",24,"slope",3.1812793717794,2.84620379374099
"gradient",24,"slope",3.15412712573578,2.83056716656003
"gradient",24,"slope",3.12566316460263,2.80695440664787
"gradient",24,"slope",3.09758912883354,2.78276226069299
"gradient",24,"slope",3.06866928331041,2.75518736279091
"gradient",24,"slope",3.04036245867397,2.73555910329115
"gradient",24,"slope",3.01266896819103,2.71028410688704
"gradient",24,"slope",2.98453545644167,2.69778959394626
"gradient",24,"slope",2.95614671629412,2.67837359550432
"gradient",24,"slope",2.92857829425462,2.65994114032076
"gradient",24,"slope",2.90006051643833,2.64000718324901
"gradient",24,"slope",2.87168152274032,2.61497144282977
"gradient",24,"slope",2.84352656909068,2.58720893259143
"gradient",24,"slope",2.81566352995566,2.57250268719625
"gradient",24,"slope",2.78747947531764,2.54192249485333
"gradient",24,"slope",2.75913887056798,2.5227186226559
"gradient",24,"slope",2.73077901846999,2.49267685462246
"gradient",24,"slope",2.7025130602371,2.47415995763403
"gradient",24,"slope",2.67443302888301,2.45315908479434
"gradient",24,"slope",2.64661278075027,2.43077310644984
"gradient",24,"slope",2.61820827233649,2.41433062949091
"gradient",24,"slope",2.59027816077986,2.39203556184858
"gradient",24,"slope",2.56205135531442,2.37007743029779
"gradient",24,"slope",2.53368857329532,2.34655276702479
"gradient",24,"slope",2.5056714446406,2.3239609970645
"gradient",24,"slope",2.47739277362935,2.3040788126029
"gradient",24,"slope",2.4493131273015,2.28598939292724
"gradient",24,"slope",2.42121757668128,2.26409415795605
"gradient",24,"slope",2.39294728758937,2.24379559883375
"gradient",24,"slope",2.36489340864249,2.22190191974969
"gradient",24,"slope",2.33665249479687,2.20137561812551
"gradient",24,"slope",2.30858694317185,2.17903510401029
"gradient",24,"slope",2.28035802182722,2.15808159505275
"gradient",24,"slope",2.2521028926085,2.13825313481117
"gradient",24,"slope",2.22393474570859,2.11758233674067
"gradient",24,"slope",2.1959457986495,2.09507511028793
"gradient",24,"slope",2.16773065399023,2.07319042370731
"gradient",24,"slope",2.13958712152435,2.05188826906946
"gradient",24,"slope",2.11132918297904,2.02936766492676
"gradient",24,"slope",2.0832171650414,2.0080419272338
"gradient",24,"slope",2.05508571549468,1.98613642746227
"gradient",24,"slope",2.02692990216632,1.96359570791686
"gradient",24,"slope",1.99875319478945,1.94039412769633
"gradient",24,"slope",1.9706669606152,1.91781597151426
"gradient",24,"slope",1.94247652934403,1.89538176348329
"gradient",24,"slope",1.9143081435383,1.8746760033467
"gradient",24,"slope",1.88618194301987,1.85173509430603
"gradient",24,"slope",1.85804097400298,1.8278631578207
"gradient",24,"slope",1.82984833937994,1.80363360730699
"gradient",24,"slope",1.80172102374269,1.78115050109262
"gradient",24,"slope",1.77356121313317,1.7581064554847
"gradient",24,"slope",1.74542171425317,1.73574855351648
"gradient",24,"slope",1.7172363170578,1.71174617069089
"gradient",24,"slope",1.68906783829151,1.68754597074633
"gradient",24,"slope",1.66092139701828,1.66247534055677
"gradient",24,"slope",1.63280720302673,1.63702474539805
"gradient",24,"slope",1.60465176168118,1.61259080666634
"gradient",24,"slope",1.5764878950283,1.58755647353946
"gradient",24,"slope",1.54830948816067,1.56127087324421
"gradient",24,"slope",1.52019083548511,1.53423629093379
"gradient",24,"slope",1.49202612953102,1.50848160089359
"gradient",24,"slope",1.46386785492008,1.48100362624513
"gradient",24,"slope",1.43570389443959,1.45437764844244
"gradient",24,"slope",1.40755952489021,1.42760292387879
"gradient",24,"slope",1.37940853919119,1.40060985425712
"gradient",24,"slope",1.35126197580041,1.37387848036491
"gradient",24,"slope",1.32311214418506,1.34652779530616
"gradient",24,"slope",1.29495991948164,1.31919220737732
"gradient",24,"slope",1.2668127695399,1.2927894635693
"gradient",24,"slope",1.2386642724811,1.26619749134635
"gradient",24,"slope",1.21049861022394,1.23952326849684
"gradient",24,"slope",1.18236027131292,1.21212938369234
"gradient",24,"slope",1.15419680423665,1.18529428559991
"gradient",24,"slope",1.12604760194209,1.1570890129091
"gradient",24,"slope",1.09789507775913,1.13029029492115
"gradient",24,"slope",1.06974522360231,1.10309843053113
"gradient",24,"slope",1.04159739467129,1.0751656952879
"gradient",24,"slope",1.01344658715668,1.04711246584559
"gradient",24,"slope",0.985295743978522,1.01971736289918
"gradient",24,"slope",0.957144038856946,0.99144931211621
"gradient",24,"slope",0.928988373366829,0.962932525753682
"gradient",24,"slope",0.900841827571228,0.935280213932883
"gradient",24,"slope",0.872688636788261,0.907355628949698
"gradient",24,"slope",0.844538703345904,0.880195074843788
"gradient",24,"slope",0.816384993804243,0.852243356663125
"gradient",24,"slope",0.788235572553884,0.824497221076198
"gradient",24,"slope",0.7600845601012,0.796552135382049
"gradient",24,"slope",0.731928337044966,0.768570822379811
"gradient",24,"slope",0.703776457277857,0.740144526624286
"gradient",24,"slope",0.675627504825393,0.711520536365832
"gradient",24,"slope",0.647477417718898,0.682281145516512
"gradient",24,"slope",0.61932530582297,0.653034667915971
"gradient",24,"slope",0.591173031319814,0.624472717271852
"gradient",24,"slope",0.563024805665326,0.595696025613375
"gradient",24,"slope",0.534871925083772,0.566697379542804
"gradient",24,"slope",0.506721489850023,0.537108068991414
"gradient",24,"slope",0.478569323945867,0.507640316531826
"gradient",24,"slope",0.450418983252957,0.47810700889822
"gradient",24,"slope",0.422268427810497,0.448537304389412
"gradient",24,"slope",0.394117446151734,0.418723651937745
"gradient",24,"slope",0.365965058740219,0.388872644592741
"gradient",24,"slope",0.337814917628098,0.359026773179836
"gradient",24,"slope",0.309663240209958,0.328990630882394
"gradient",24,"slope",0.281511805195767,0.299039490480764
"gradient",24,"slope",0.253360936680144,0.269044356454782
"gradient",24,"slope",0.225208493672614,0.238824726088872
"gradient",24,"slope",0.197057890007013,0.208956448896033
"gradient",24,"slope",0.168907245781463,0.179015212185788
"gradient",24,"slope",0.14075584506493,0.149612913543599
"gradient",24,"slope",0.112604263234583,0.119441059705588
"gradient",24,"slope",0.0844544130018414,0.0891500865930351
"gradient",24,"slope",0.0563021107564213,0.0592051601630159
"gradient",24,"slope",0.0281520807506487,0.0292039271984269
"gradient",24,"slope",5.4286844165136e-07,7.06672364318466e-07
"clustered",30,"slope",5.90308998699194,8
"clustered",30,"slope",5.42596873227228,8
"clustered",30,"slope",5.20411998265593,8
"clustered",30,"slope",5.05799194697769,8
"clustered",30,"slope",4.94884747755262,8
"clustered",30,"slope",4.86169730183372,8
"clustered",30,"slope",4.78914663468511,8
"clustered",30,"slope",4.72699872793626,8
"clustered",30,"slope",4.67264106561367,8
"clustered",30,"slope",4.62433638603911,8
"clustered",30,"slope",4.58087069225802,8
"clustered",30,"slope",4.54136215097435,8
"clustered",30,"slope",4.50514997831991,8
"clustered",30,"slope",4.47172622283296,7.98562090386014
"clustered",30,"slope",4.44069198909299,7.91654900698246
"clustered",30,"slope",4.41172829315767,7.07587658773925
"clustered",30,"slope",4.38457604711406,6.90540627184595
"clustered",30,"slope",4.35902194264167,6.78598513081099
"clustered",30,"slope",4.31202537996544,6.37659356089454
"clustered",30,"slope",4.29030613027221,6.31072087342119
"clustered",30,"slope",4.26962153141236,6.30728929783022
"clustered",30,"slope",4.23099212905623,6.06015541434172
"clustered",30,"slope",4.19551981089401,5.63771726904016
"clustered",30,"slope",4.17881411739115,5.60760690078732
"clustered",30,"slope",4.14721513131945,5.02679196775602
"clustered",30,"slope",4.11776015198118,4.79974221131211
"clustered",30,"slope",4.09017663034909,4.627157178537
"clustered",30,"slope",4.06424089625469,4.50227790637039
"clustered",30,"slope",4.02802872360024,4.23432099009398
"clustered",30,"slope",4.0054628957015,4.13652478186134
"clustered",30,"slope",3.97367106127765,4.00783507919395
"clustered",30,"slope",3.94404859467085,3.92123463487361
"clustered",30,"slope",3.9163182527257,3.87096121946946
"clustered",30,"slope",3.89025276228677,3.8232053703997
"clustered",30,"slope",3.85776700820529,3.69533333477349
"clustered",30,"slope",3.83490412524578,3.67584273706855
"clustered",30,"slope",3.80617997398389,3.5554109421592
"clustered",30,"slope",3.77275621849694,3.48634014120801
"clustered",30,"slope",3.74775394952688,3.44178174519282
"clustered",30,"slope",3.71839855617434,3.38309227804193
"clustered",30,"slope",3.69090238258799,3.37002469185801
"clustered",30,"slope",3.66005193830565,3.31803716743439
"clustered",30,"slope",3.63591825858893,3.28655652700709
"clustered",30,"slope",3.60423691058224,3.25484580024444
"clustered",30,"slope",3.57880753169425,3.2141218361978
"clustered",30,"slope",3.54706412979882,3.18628335912326
"clustered",30,"slope",3.52107294441708,3.13891124127924
"clustered",30,"slope",3.49315686366065,3.11326847151289
"clustered",30,"slope",3.46375729316168,3.09151605998047
"clustered",30,"slope",3.43622236663783,3.05524378847954
"clustered",30,"slope",3.40754564944549,3.03654120170385
"clustered",30,"slope",3.38064575348562,3.01302869249192
"clustered",30,"slope",3.35042177087975,2.99170781867327
"clustered",30,"slope",3.32216501131632,2.97993697136588
"clustered",30,"slope",3.29563496377728,2.95514715427577
"clustered",30,"slope",3.26660209063858,2.93826284562252
"clustered",30,"slope",3.23750899597399,2.91591826375973
"clustered",30,"slope",3.21024306771471,2.89741394398082
"clustered",30,"slope",3.1812793717794,2.88026349984139
"clustered",30,"slope",3.15412712573578,2.86423794969692
"clustered",30,"slope",3.12566316460263,2.83786562666847
"clustered",30,"slope",3.09758912883354,2.81971549320679
"clustered",30,"slope",3.06866928331041,2.79339310229983
"clustered",30,"slope",3.04036245867397,2.7706189966831
"clustered",30,"slope",3.01266896819103,2.75281142075725
"clustered",30,"slope",2.98453545644167,2.73051428386197
"clustered",30,"slope",2.95614671629412,2.71102156285243
"clustered",30,"slope",2.92857829425462,2.68275166239484
"clustered",30,"slope",2.90006051643833,2.66268077348328
"clustered",30,"slope",2.87168152274032,2.64273076778417
"clustered",30,"slope",2.84352656909068,2.62366664168329
"clustered",30,"slope",2.81566352995566,2.60438831051789
"clustered",30,"slope",2.78747947531764,2.58248224107086
"clustered",30,"slope",2.75913887056798,2.56481870724659
"clustered",30,"slope",2.73077901846999,2.54329420737817
"clustered",30,"slope",2.7025130602371,2.52647733522614
"clustered",30,"slope",2.67443302888301,2.50376670057292
"clustered",30,"slope",2.64661278075027,2.4836411462202
"clustered",30,"slope",2.61820827233649,2.46658950636308
"clustered",30,"slope",2.59027816077986,2.44872602682462
"clustered",30,"slope",2.56205135531442,2.43023594935749
"clustered",30,"slope",2.53368857329532,2.40940014916476
"clustered",30,"slope",2.5056714446406,2.39111135320246
"clustered",30,"slope",2.47739277362935,2.37238544644045
"clustered",30,"slope",2.4493131273015,2.34864083954301
"clustered",30,"slope",2.42121757668128,2.32576494168777
"clustered",30,"slope",2.39294728758937,2.30335611931825
"clustered",30,"slope",2.36489340864249,2.28074425721996
"clustered",30,"slope",2.33665249479687,2.26098261088115
"clustered",30,"slope",2.30858694317185,2.23745156754741
"clustered",30,"slope",2.28035802182722,2.21571647308786
"clustered",30,"slope",2.2521028926085,2.19494263574643
"clustered",30,"slope",2.22393474570859,2.17062366609233
"clustered",30,"slope",2.1959457986495,2.14877873607858
"clustered",30,"slope",2.16773065399023,2.12512336545407
"clustered",30,"slope",2.13958712152435,2.10431227329312
"clustered",30,"slope",2.11132918297904,2.08055019687869
"clustered",30,"slope",2.0832171650414,2.05649044181877
"clustered",30,"slope",2.05508571549468,2.03360253598863
"clustered",30,"slope",2.02692990216632,2.01251074657236
"clustered",30,"slope",1.99875319478945,1.98715348011178
"clustered",30,"slope",1.9706669606152,1.96331727511029
"clustered",30,"slope",1.94247652934403,1.94082106954282
"clustered",30,"slope",1.9143081435383,1.91869781282339
"clustered",30,"slope",1.88618194301987,1.89521847668724
"clustered",30,"slope",1.85804097400298,1.86896979676689
"clustered",30,"slope",1.82984833937994,1.84470733996234
"clustered",30,"slope",1.80172102374269,1.82071067062259
"clustered",30,"slope",1.77356121313317,1.79556310037452
"clustered",30,"slope",1.74542171425317,1.77005182108845
"clustered",30,"slope",1.7172363170578,1.74444078784677
"clustered",30,"slope",1.68906783829151,1.71788839482006
"clustered",30,"slope",1.66092139701828,1.69078288679936
"clustered",30,"slope",1.63280720302673,1.66687138947395
"clustered",30,"slope",1.60465176168118,1.63999641802596
"clustered",30,"slope",1.5764878950283,1.61242758492753
"clustered",30,"slope",1.54830948816067,1.58519467685407
"clustered",30,"slope",1.52019083548511,1.5583477524569
"clustered",30,"slope",1.49202612953102,1.53217502654027
"clustered",30,"slope",1.46386785492008,1.50534039616003
"clustered",30,"slope",1.43570389443959,1.47821286298158
"clustered",30,"slope",1.40755952489021,1.45195542269108
"clustered",30,"slope",1.37940853919119,1.42390300124146
"clustered",30,"slope",1.35126197580041,1.39470574894079
"clustered",30,"slope",1.32311214418506,1.36700649633745
"clustered",30,"slope",1.29495991948164,1.33935536476882
"clustered",30,"slope",1.2668127695399,1.31242662748028
"clustered",30,"slope",1.2386642724811,1.28621870942587
"clustered",30,"slope",1.21049861022394,1.25807483151922
"clustered",30,"slope",1.18236027131292,1.22938244715691
"clustered",30,"slope",1.15419680423665,1.2013064812903
"clustered",30,"slope",1.12604760194209,1.17347669234077
"clustered",30,"slope",1.09789507775913,1.14379712800525
"clustered",30,"slope",1.06974522360231,1.11581200818957
"clustered",30,"slope",1.04159739467129,1.08738203830224
"clustered",30,"slope",1.01344658715668,1.05983251335938
"clustered",30,"slope",0.985295743978522,1.03162427723334
"clustered",30,"slope",0.957144038856946,1.00328831484688
"clustered",30,"slope",0.928988373366829,0.974913640492572
"clustered",30,"slope",0.900841827571228,0.94614119364709
"clustered",30,"slope",0.872688636788261,0.917523536243155
"clustered",30,"slope",0.844538703345904,0.888784914689992
"clustered",30,"slope",0.816384993804243,0.859675010877784
"clustered",30,"slope",0.788235572553884,0.830366101082209
"clustered",30,"slope",0.7600845601012,0.801306583583224
"clustered",30,"slope",0.731928337044966,0.773272468873884
"clustered",30,"slope",0.703776457277857,0.744416386170995
"clustered",30,"slope",0.675627504825393,0.715169449179328
"clustered",30,"slope",0.647477417718898,0.685950856580498
"clustered",30,"slope",0.61932530582297,0.656177648848882
"clustered",30,"slope",0.591173031319814,0.626837989100561
"clustered",30,"slope",0.563024805665326,0.597151035057192
"clustered",30,"slope",0.534871925083772,0.567910782297552
"clustered",30,"slope",0.506721489850023,0.538439112018494
"clustered",30,"slope",0.478569323945867,0.508664943863442
"clustered",30,"slope",0.450418983252957,0.478704030488732
"clustered",30,"slope",0.422268427810497,0.448716562872472
"clustered",30,"slope",0.394117446151734,0.41879476754846
"clustered",30,"slope",0.365965058740219,0.388889398206865
"clustered",30,"slope",0.337814917628098,0.359460946740332
"clustered",30,"slope",0.309663240209958,0.329090455215919
"clustered",30,"slope",0.281511805195767,0.298839672441853
"clustered",30,"slope",0.253360936680144,0.26894780594307
"clustered",30,"slope",0.225208493672614,0.2392268951655
"clustered",30,"slope",0.197057890007013,0.20910832842421
"clustered",30,"slope",0.168907245781463,0.179576465557975
"clustered",30,"slope",0.14075584506493,0.149759434673526
"clustered",30,"slope",0.112604263234583,0.119855131733363
"clustered",30,"slope",0.0844544130018414,0.0897489150663233
"clustered",30,"slope",0.0563021107564213,0.0596351981193077
"clustered",30,"slope",0.0281520807506487,0.0295376235719534
"clustered",30,"slope",5.4286844165136e-07,2.53552275094226e-06
"gradient",30,"slope",5.90308998699194,8
"gradient",30,"slope",5.42596873227228,8
"gradient",30,"slope",5.20411998265593,8
"gradient",30,"slope",5.05799194697769,8
"gradient",30,"slope",4.94884747755262,8
"gradient",30,"slope",4.86169730183372,8
"gradient",30,"slope",4.78914663468511,8
"gradient",30,"slope",4.72699872793626,8
"gradient",30,"slope",4.67264106561367,8
"gradient",30,"slope",4.62433638603911,8
"gradient",30,"slope",4.58087069225802,8
"gradient",30,"slope",4.54136215097435,8
"gradient",30,"slope",4.50514997831991,8
"gradient",30,"slope",4.47172622283296,8
"gradient",30,"slope",4.44069198909299,8
"gradient",30,"slope",4.41172829315767,8
"gradient",30,"slope",4.38457604711406,8
"gradient",30,"slope",4.35902194264167,8
"gradient",30,"slope",4.31202537996544,8
"gradient",30,"slope",4.29030613027221,8
"gradient",30,"slope",4.26962153141236,8
"gradient",30,"slope",4.23099212905623,8
"gradient",30,"slope",4.19551981089401,8
"gradient",30,"slope",4.17881411739115,8
"gradient",30,"slope",4.14721513131945,8
"gradient",30,"slope",4.11776015198118,8
"gradient",30,"slope",4.09017663034909,8
"gradient",30,"slope",4.06424089625469,8
"gradient",30,"slope",4.02802872360024,7.77944742057089
"gradient",30,"slope",4.0054628957015,7.50418093262567
"gradient",30,"slope",3.97367106127765,7.3668915952015
"gradient",30,"slope",3.94404859467085,7.10188800970205
"gradient",30,"slope",3.9163182527257,7.00894074130441
"gradient",30,"slope",3.89025276228677,6.86216926667829
"gradient",30,"slope",3.85776700820529,6.61442844455735
"gradient",30,"slope",3.83490412524578,6.48345662091216
"gradient",30,"slope",3.80617997398389,6.31129132040588
"gradient",30,"slope",3.77275621849694,6.06184602564494
"gradient",30,"slope",3.74775394952688,6.00122856592128
"gradient",30,"slope",3.71839855617434,5.85985023036227
"gradient",30,"slope",3.69090238258799,5.6463962547748
"gradient",30,"slope",3.66005193830565,5.49532626630891
"gradient",30,"slope",3.63591825858893,5.26280714313485
"gradient",30,"slope",3.60423691058224,5.00440773078214
"gradient",30,"slope",3.57880753169425,4.8915413150925
"gradient",30,"slope",3.54706412979882,4.72525979092474
"gradient",30,"slope",3.52107294441708,4.54429747046205
"gradient",30,"slope",3.49315686366065,4.42887983740257
"gradient",30,"slope",3.46375729316168,4.22611012168492
"gradient",30,"slope",3.43622236663783,4.06759262101791
"gradient",30,"slope",3.40754564944549,3.96762308586291
"gradient",30,"slope",3.38064575348562,3.75045605487023
"gradient",30,"slope",3.35042177087975,3.63679879747549
"gradient",30,"slope",3.32216501131632,3.56522522466232
"gradient",30,"slope",3.29563496377728,3.47520093854159
"gradient",30,"slope",3.26660209063858,3.38032933201573
"gradient",30,"slope",3.23750899597399,3.32780689703538
"gradient",30,"slope",3.21024306771471,3.2666099147951
"gradient",30,"slope",3.1812793717794,3.20970817932695
"gradient",30,"slope",3.15412712573578,3.14246675859266
"gradient",30,"slope",3.12566316460263,3.07574446083772
"gradient",30,"slope",3.09758912883354,3.0378480238827
"gradient",30,"slope",3.06866928331041,2.98646089983517
"gradient",30,"slope",3.04036245867397,2.95284602923817
"gradient",30,"slope",3.01266896819103,2.91400471803574
"gradient",30,"slope",2.98453545644167,2.85769085349294
"gradient",30,"slope",2.95614671629412,2.83494801267673
"gradient",30,"slope",2.92857829425462,2.80576171688236
"gradient",30,"slope",2.90006051643833,2.77048540290129
"gradient",30,"slope",2.87168152274032,2.73439914095365
"gradient",30,"slope",2.84352656909068,2.70617660453549
"gradient",30,"slope",2.81566352995566,2.67836033768106
"gradient",30,"slope",2.78747947531764,2.64939017912603
"gradient",30,"slope",2.75913887056798,2.6251345103075
"gradient",30,"slope",2.73077901846999,2.5906685256556
"gradient",30,"slope",2.7025130602371,2.56421950879302
"gradient",30,"slope",2.67443302888301,2.54009350854581
"gradient",30,"slope",2.64661278075027,2.51306723440735
"gradient",30,"slope",2.61820827233649,2.48638212422246
"gradient",30,"slope",2.59027816077986,2.46281725464133
"gradient",30,"slope",2.56205135531442,2.43570354863352
"gradient",30,"slope",2.53368857329532,2.40416764706979
"gradient",30,"slope",2.5056714446406,2.38147229893568
"gradient",30,"slope",2.47739277362935,2.35755773717555
"gradient",30,"slope",2.4493131273015,2.33136941507133
"gradient",30,"slope",2.42121757668128,2.30978332126819
"gradient",30,"slope",2.39294728758937,2.28799244189859
"gradient",30,"slope",2.36489340864249,2.26496928181038
"gradient",30,"slope",2.33665249479687,2.24276012878018
"gradient",30,"slope",2.30858694317185,2.22133644118258
"gradient",30,"slope",2.28035802182722,2.19970945276835
"gradient",30,"slope",2.2521028926085,2.17989328401013
"gradient",30,"slope",2.22393474570859,2.15773481792412
"gradient",30,"slope",2.1959457986495,2.13229491738764
"gradient",30,"slope",2.16773065399023,2.10616435422313
"gradient",30,"slope",2.13958712152435,2.08211689783177
"gradient",30,"slope",2.11132918297904,2.05681243707666
"gradient",30,"slope",2.0832171650414,2.03470391917928
"gradient",30,"slope",2.05508571549468,2.01031147323821
"gradient",30,"slope",2.02692990216632,1.98375405001088
"gradient",30,"slope",1.99875319478945,1.95881768748505
"gradient",30,"slope",1.9706669606152,1.93483554179981
"gradient",30,"slope",1.94247652934403,1.91050048520505
"gradient",30,"slope",1.9143081435383,1.88768566113264
"gradient",30,"slope",1.88618194301987,1.86245563025213
"gradient",30,"slope",1.85804097400298,1.83779143277259
"gradient",30,"slope",1.82984833937994,1.81006262096715
"gradient",30,"slope",1.80172102374269,1.78328661293971
"gradient",30,"slope",1.77356121313317,1.75772822359064
"gradient",30,"slope",1.74542171425317,1.7322629058464
"gradient",30,"slope",1.7172363170578,1.70672786582383
"gradient",30,"slope",1.68906783829151,1.68122658209919
"gradient",30,"slope",1.66092139701828,1.65419148202496
"gradient",30,"slope",1.63280720302673,1.62944017808227
"gradient",30,"slope",1.60465176168118,1.60461673996687
"gradient",30,"slope",1.5764878950283,1.57835766966522
"gradient",30,"slope",1.54830948816067,1.55259063190318
"gradient",30,"slope",1.52019083548511,1.52812998169734
"gradient",30,"slope",1.49202612953102,1.50256775731216
"gradient",30,"slope",1.46386785492008,1.47645318593236
"gradient",30,"slope",1.43570389443959,1.44761625774464
"gradient",30,"slope",1.40755952489021,1.42065922063909
"gradient",30,"slope",1.37940853919119,1.39534538422384
"gradient",30,"slope",1.35126197580041,1.36785337538344
"gradient",30,"slope",1.32311214418506,1.34059495546632
"gradient",30,"slope",1.29495991948164,1.31353136058609
"gradient",30,"slope",1.2668127695399,1.28618389010348
"gradient",30,"slope",1.2386642724811,1.25826968794578
"gradient",30,"slope",1.21049861022394,1.23208829032716
"gradient",30,"slope",1.18236027131292,1.20530549993724
"gradient",30,"slope",1.15419680423665,1.17692299370919
"gradient",30,"slope",1.12604760194209,1.15001397655523
"gradient",30,"slope",1.09789507775913,1.12215732472845
"gradient",30,"slope",1.06974522360231,1.09422660809492
"gradient",30,"slope",1.04159739467129,1.06683881445435
"gradient",30,"slope",1.01344658715668,1.03840568417547
"gradient",30,"slope",0.985295743978522,1.00955672275975
"gradient",30,"slope",0.957144038856946,0.982471765958245
"gradient",30,"slope",0.928988373366829,0.954210435330241
"gradient",30,"slope",0.900841827571228,0.925746391913899
"gradient",30,"slope",0.872688636788261,0.89730240197669
"gradient",30,"slope",0.844538703345904,0.869164339362685
"gradient",30,"slope",0.816384993804243,0.841061101513701
"gradient",30,"slope",0.788235572553884,0.81254586635898
"gradient",30,"slope",0.7600845601012,0.783919277666924
"gradient",30,"slope",0.731928337044966,0.754884535343795
"gradient",30,"slope",0.703776457277857,0.727014800307921
"gradient",30,"slope",0.675627504825393,0.698491490647469
"gradient",30,"slope",0.647477417718898,0.669972360961719
"gradient",30,"slope",0.61932530582297,0.641293132491586
"gradient",30,"slope",0.591173031319814,0.6128059840371
"gradient",30,"slope",0.563024805665326,0.583958384593601
"gradient",30,"slope",0.534871925083772,0.55515321122967
"gradient",30,"slope",0.506721489850023,0.525972725360688
"gradient",30,"slope",0.478569323945867,0.496802244636337
"gradient",30,"slope",0.450418983252957,0.467440439712255
"gradient",30,"slope",0.422268427810497,0.438025522793838
"gradient",30,"slope",0.394117446151734,0.408906632360702
"gradient",30,"slope",0.365965058740219,0.379826152018755
"gradient",30,"slope",0.337814917628098,0.350974323577267
"gradient",30,"slope",0.309663240209958,0.322115955361169
"gradient",30,"slope",0.281511805195767,0.29318921423296
"gradient",30,"slope",0.253360936680144,0.264100172723934
"gradient",30,"slope",0.225208493672614,0.235021032859033
"gradient",30,"slope",0.197057890007013,0.205466954367712
"gradient",30,"slope",0.168907245781463,0.175772725683638
"gradient",30,"slope",0.14075584506493,0.146932111953796
"gradient",30,"slope",0.112604263234583,0.117486757625496
"gradient",30,"slope",0.0844544130018414,0.08797107154587
"gradient",30,"slope",0.0563021107564213,0.0583319675849079
"gradient",30,"slope",0.0281520807506487,0.0290837021723141
"gradient",30,"slope",5.4286844165136e-07,8.90051641218558e-07
