"sweep","S","n_per","beta","layout","method","category","fdr","tpr","tpr_median","tpr_sd","tpr_q1","tpr_q3","tpr_n","power_raw","power_raw_median","power_raw_sd","power_raw_q1","power_raw_q3","power_raw_n","niche_spec","niche_spec_median","niche_spec_sd","niche_spec_q1","niche_spec_q3","niche_spec_n"
"cells",24,100,2,"gradient","fixed","all",0.1,0.18,0.187777777777778,0.0267117377895778,0.166944444444444,0.199166666666667,40,0.325888888888889,0.325,0.013583130143727,0.316666666666667,0.335833333333333,40,0.820666666666667,0.820555555555555,0.0181736549633303,0.812777777777778,0.828888888888889,40
"cells",24,100,2,"gradient","fixed","all",0.05,0.158833333333333,0.166666666666667,0.0292687604033588,0.139166666666667,0.180277777777778,40,0.325888888888889,0.325,0.013583130143727,0.316666666666667,0.335833333333333,40,0.820666666666667,0.820555555555555,0.0181736549633303,0.812777777777778,0.828888888888889,40
"cells",24,100,2,"gradient","fixed","all",0.01,0.113222222222222,0.113888888888889,0.0273809836432846,0.0930555555555556,0.131111111111111,40,0.325888888888889,0.325,0.013583130143727,0.316666666666667,0.335833333333333,40,0.820666666666667,0.820555555555555,0.0181736549633303,0.812777777777778,0.828888888888889,40
"cells",24,100,2,"gradient","fixed","all",0.2,0.204194444444444,0.211111111111111,0.0242173960794955,0.192222222222222,0.220555555555556,40,0.325888888888889,0.325,0.013583130143727,0.316666666666667,0.335833333333333,40,0.820666666666667,0.820555555555555,0.0181736549633303,0.812777777777778,0.828888888888889,40
"cells",24,100,2,"gradient","fixed","background",0.2,0,0,0,0,0,40,0,0,0,0,0,40,0.657416666666667,0.658333333333333,0.0275441887915098,0.64,0.673333333333333,40
"cells",24,100,2,"gradient","fixed","background",0.1,0,0,0,0,0,40,0,0,0,0,0,40,0.657416666666667,0.658333333333333,0.0275441887915098,0.64,0.673333333333333,40
"cells",24,100,2,"gradient","fixed","background",0.01,0,0,0,0,0,40,0,0,0,0,0,40,0.657416666666667,0.658333333333333,0.0275441887915098,0.64,0.673333333333333,40
"cells",24,100,2,"gradient","fixed","background",0.05,0,0,0,0,0,40,0,0,0,0,0,40,0.657416666666667,0.658333333333333,0.0275441887915098,0.64,0.673333333333333,40
"cells",24,100,2,"gradient","fixed","housekeeping",0.1,0.539916666666667,0.563333333333333,0.0801120564924007,0.500833333333333,0.5975,40,0.926,0.931666666666667,0.0266474289582592,0.909166666666667,0.944166666666667,40,0.975333333333333,0.98,0.0145355444095518,0.966666666666667,0.986666666666667,40
"cells",24,100,2,"gradient","fixed","housekeeping",0.01,0.339666666666667,0.341666666666667,0.0821429509298539,0.279166666666667,0.393333333333333,40,0.926,0.931666666666667,0.0266474289582592,0.909166666666667,0.944166666666667,40,0.975333333333333,0.98,0.0145355444095518,0.966666666666667,0.986666666666667,40
"cells",24,100,2,"gradient","fixed","housekeeping",0.05,0.476416666666667,0.498333333333333,0.0877752488005264,0.4175,0.540833333333333,40,0.926,0.931666666666667,0.0266474289582592,0.909166666666667,0.944166666666667,40,0.975333333333333,0.98,0.0145355444095518,0.966666666666667,0.986666666666667,40
"cells",24,100,2,"gradient","fixed","housekeeping",0.2,0.612333333333333,0.633333333333333,0.0723563514519741,0.576666666666667,0.661666666666667,40,0.926,0.931666666666667,0.0266474289582592,0.909166666666667,0.944166666666667,40,0.975333333333333,0.98,0.0145355444095518,0.966666666666667,0.986666666666667,40
"cells",24,100,2,"gradient","fixed","marker",0.1,8.33333333333333e-05,0,0.00052704627669473,0,0,40,0.0516666666666667,0.05,0.0215364264402817,0.0366666666666667,0.06,40,0.82925,0.826666666666667,0.0349887039158269,0.8125,0.85,40
"cells",24,100,2,"gradient","fixed","marker",0.2,0.00025,0,0.00116636137641764,0,0,40,0.0516666666666667,0.05,0.0215364264402817,0.0366666666666667,0.06,40,0.82925,0.826666666666667,0.0349887039158269,0.8125,0.85,40
"cells",24,100,2,"gradient","fixed","marker",0.01,0,0,0,0,0,40,0.0516666666666667,0.05,0.0215364264402817,0.0366666666666667,0.06,40,0.82925,0.826666666666667,0.0349887039158269,0.8125,0.85,40
"cells",24,100,2,"gradient","fixed","marker",0.05,8.33333333333333e-05,0,0.00052704627669473,0,0,40,0.0516666666666667,0.05,0.0215364264402817,0.0366666666666667,0.06,40,0.82925,0.826666666666667,0.0349887039158269,0.8125,0.85,40
"cells",24,100,2,"gradient","intercept","all",0.1,0.201388888888889,0.208888888888889,0.0478553997432236,0.176666666666667,0.227222222222222,40,0.58925,0.592222222222222,0.0319488229378826,0.564166666666667,0.613611111111111,40,0.823333333333333,0.821666666666667,0.0155819881244168,0.81,0.836944444444444,40
"cells",24,100,2,"gradient","intercept","all",0.05,0.151166666666667,0.155555555555556,0.0464245175971137,0.124444444444444,0.175555555555556,40,0.58925,0.592222222222222,0.0319488229378826,0.564166666666667,0.613611111111111,40,0.823333333333333,0.821666666666667,0.0155819881244168,0.81,0.836944444444444,40
"cells",24,100,2,"gradient","intercept","all",0.2,0.260527777777778,0.267222222222222,0.0461777313683481,0.238333333333333,0.288611111111111,40,0.58925,0.592222222222222,0.0319488229378826,0.564166666666667,0.613611111111111,40,0.823333333333333,0.821666666666667,0.0155819881244168,0.81,0.836944444444444,40
"cells",24,100,2,"gradient","intercept","all",0.01,0.0493055555555556,0.0461111111111111,0.0334193453442992,0.0233333333333333,0.0669444444444444,40,0.58925,0.592222222222222,0.0319488229378826,0.564166666666667,0.613611111111111,40,0.823333333333333,0.821666666666667,0.0155819881244168,0.81,0.836944444444444,40
"cells",24,100,2,"gradient","intercept","background",0.2,0.0159166666666667,0.0133333333333333,0.0124833222073827,0.00666666666666667,0.0208333333333333,40,0.25825,0.26,0.0371260078090879,0.23,0.281666666666667,40,0.654166666666667,0.65,0.0228677605579224,0.636666666666667,0.673333333333333,40
"cells",24,100,2,"gradient","intercept","background",0.01,8.33333333333333e-05,0,0.00052704627669473,0,0,40,0.25825,0.26,0.0371260078090879,0.23,0.281666666666667,40,0.654166666666667,0.65,0.0228677605579224,0.636666666666667,0.673333333333333,40
"cells",24,100,2,"gradient","intercept","background",0.1,0.00475,0.00333333333333333,0.00522363137925378,0,0.00666666666666667,40,0.25825,0.26,0.0371260078090879,0.23,0.281666666666667,40,0.654166666666667,0.65,0.0228677605579224,0.636666666666667,0.673333333333333,40
"cells",24,100,2,"gradient","intercept","background",0.05,0.00158333333333333,0,0.00301822573868931,0,0.00333333333333333,40,0.25825,0.26,0.0371260078090879,0.23,0.281666666666667,40,0.654166666666667,0.65,0.0228677605579224,0.636666666666667,0.673333333333333,40
"cells",24,100,2,"gradient","intercept","housekeeping",0.1,0.557583333333333,0.583333333333333,0.12012810707017,0.495833333333333,0.628333333333333,40,0.969,0.973333333333333,0.0169497329564052,0.96,0.98,40,0.990333333333333,0.993333333333333,0.00879652871187933,0.986666666666667,0.996666666666667,40
"cells",24,100,2,"gradient","intercept","housekeeping",0.05,0.432083333333333,0.455,0.125572620049049,0.358333333333333,0.4975,40,0.969,0.973333333333333,0.0169497329564052,0.96,0.98,40,0.990333333333333,0.993333333333333,0.00879652871187933,0.986666666666667,0.996666666666667,40
"cells",24,100,2,"gradient","intercept","housekeeping",0.2,0.686083333333333,0.713333333333333,0.0977201291788117,0.646666666666667,0.7475,40,0.969,0.973333333333333,0.0169497329564052,0.96,0.98,40,0.990333333333333,0.993333333333333,0.00879652871187933,0.986666666666667,0.996666666666667,40
"cells",24,100,2,"gradient","intercept","housekeeping",0.01,0.145833333333333,0.136666666666667,0.0975271165447767,0.07,0.1975,40,0.969,0.973333333333333,0.0169497329564052,0.96,0.98,40,0.990333333333333,0.993333333333333,0.00879652871187933,0.986666666666667,0.996666666666667,40
"cells",24,100,2,"gradient","intercept","marker",0.2,0.0795833333333333,0.075,0.0383430868305136,0.0525,0.100833333333333,40,0.5405,0.55,0.0540894584523594,0.498333333333333,0.574166666666667,40,0.8255,0.823333333333333,0.0325335680249346,0.799166666666667,0.850833333333333,40
"cells",24,100,2,"gradient","intercept","marker",0.1,0.0418333333333333,0.0383333333333333,0.0244244284795511,0.0266666666666667,0.0508333333333333,40,0.5405,0.55,0.0540894584523594,0.498333333333333,0.574166666666667,40,0.8255,0.823333333333333,0.0325335680249346,0.799166666666667,0.850833333333333,40
"cells",24,100,2,"gradient","intercept","marker",0.05,0.0198333333333333,0.0166666666666667,0.0153208793719337,0.01,0.0233333333333333,40,0.5405,0.55,0.0540894584523594,0.498333333333333,0.574166666666667,40,0.8255,0.823333333333333,0.0325335680249346,0.799166666666667,0.850833333333333,40
"cells",24,100,2,"gradient","intercept","marker",0.01,0.002,0,0.00390776857946518,0,0.00333333333333333,40,0.5405,0.55,0.0540894584523594,0.498333333333333,0.574166666666667,40,0.8255,0.823333333333333,0.0325335680249346,0.799166666666667,0.850833333333333,40
"cells",24,100,2,"gradient","slope","all",0.05,0.1505,0.152777777777778,0.0438579175946505,0.120277777777778,0.171111111111111,40,0.592833333333333,0.595555555555556,0.0308310039930177,0.568888888888889,0.615,40,0.822888888888889,0.821111111111111,0.0149427524222453,0.808888888888889,0.833333333333333,40
"cells",24,100,2,"gradient","slope","all",0.01,0.0460555555555556,0.0411111111111111,0.0332924250401233,0.0230555555555556,0.0644444444444444,40,0.592833333333333,0.595555555555556,0.0308310039930177,0.568888888888889,0.615,40,0.822888888888889,0.821111111111111,0.0149427524222453,0.808888888888889,0.833333333333333,40
"cells",24,100,2,"gradient","slope","all",0.1,0.201805555555556,0.209444444444444,0.0458928431758609,0.174444444444444,0.225,40,0.592833333333333,0.595555555555556,0.0308310039930177,0.568888888888889,0.615,40,0.822888888888889,0.821111111111111,0.0149427524222453,0.808888888888889,0.833333333333333,40
"cells",24,100,2,"gradient","slope","all",0.2,0.260583333333333,0.262777777777778,0.0457154358645957,0.236388888888889,0.283888888888889,40,0.592833333333333,0.595555555555556,0.0308310039930177,0.568888888888889,0.615,40,0.822888888888889,0.821111111111111,0.0149427524222453,0.808888888888889,0.833333333333333,40
"cells",24,100,2,"gradient","slope","background",0.05,0.00175,0,0.00337474278855276,0,0.00333333333333333,40,0.264333333333333,0.26,0.0365865480549272,0.245,0.294166666666667,40,0.654583333333333,0.653333333333333,0.021252618407476,0.636666666666667,0.674166666666667,40
"cells",24,100,2,"gradient","slope","background",0.01,8.33333333333333e-05,0,0.00052704627669473,0,0,40,0.264333333333333,0.26,0.0365865480549272,0.245,0.294166666666667,40,0.654583333333333,0.653333333333333,0.021252618407476,0.636666666666667,0.674166666666667,40
"cells",24,100,2,"gradient","slope","background",0.1,0.00566666666666667,0.00333333333333333,0.00618793974523009,0,0.01,40,0.264333333333333,0.26,0.0365865480549272,0.245,0.294166666666667,40,0.654583333333333,0.653333333333333,0.021252618407476,0.636666666666667,0.674166666666667,40
"cells",24,100,2,"gradient","slope","background",0.2,0.0165833333333333,0.0133333333333333,0.0117787654802749,0.00666666666666667,0.0208333333333333,40,0.264333333333333,0.26,0.0365865480549272,0.245,0.294166666666667,40,0.654583333333333,0.653333333333333,0.021252618407476,0.636666666666667,0.674166666666667,40
"cells",24,100,2,"gradient","slope","housekeeping",0.05,0.42975,0.445,0.118555857944648,0.348333333333333,0.4875,40,0.97,0.975,0.0171967001406228,0.9625,0.98,40,0.990666666666667,0.993333333333333,0.00970211596153408,0.99,0.996666666666667,40
"cells",24,100,2,"gradient","slope","housekeeping",0.1,0.55775,0.588333333333333,0.113908514048115,0.495833333333333,0.618333333333333,40,0.97,0.975,0.0171967001406228,0.9625,0.98,40,0.990666666666667,0.993333333333333,0.00970211596153408,0.99,0.996666666666667,40
"cells",24,100,2,"gradient","slope","housekeeping",0.01,0.13625,0.123333333333333,0.0966716400135323,0.0691666666666667,0.193333333333333,40,0.97,0.975,0.0171967001406228,0.9625,0.98,40,0.990666666666667,0.993333333333333,0.00970211596153408,0.99,0.996666666666667,40
"cells",24,100,2,"gradient","slope","housekeeping",0.2,0.68425,0.706666666666667,0.0974752141773352,0.649166666666667,0.739166666666667,40,0.97,0.975,0.0171967001406228,0.9625,0.98,40,0.990666666666667,0.993333333333333,0.00970211596153408,0.99,0.996666666666667,40
"cells",24,100,2,"gradient","slope","marker",0.01,0.00183333333333333,0,0.00439826435593966,0,0,40,0.544166666666667,0.553333333333333,0.0512785255198234,0.5025,0.5775,40,0.823416666666667,0.821666666666667,0.0315279236790178,0.799166666666667,0.840833333333333,40
"cells",24,100,2,"gradient","slope","marker",0.05,0.02,0.0166666666666667,0.0149262193067107,0.01,0.0266666666666667,40,0.544166666666667,0.553333333333333,0.0512785255198234,0.5025,0.5775,40,0.823416666666667,0.821666666666667,0.0315279236790178,0.799166666666667,0.840833333333333,40
"cells",24,100,2,"gradient","slope","marker",0.2,0.0809166666666667,0.0766666666666667,0.0383713115472686,0.05,0.0975,40,0.544166666666667,0.553333333333333,0.0512785255198234,0.5025,0.5775,40,0.823416666666667,0.821666666666667,0.0315279236790178,0.799166666666667,0.840833333333333,40
"cells",24,100,2,"gradient","slope","marker",0.1,0.042,0.0383333333333333,0.024340883970773,0.0283333333333333,0.05,40,0.544166666666667,0.553333333333333,0.0512785255198234,0.5025,0.5775,40,0.823416666666667,0.821666666666667,0.0315279236790178,0.799166666666667,0.840833333333333,40
"cells",24,1000,2,"gradient","fixed","all",0.01,0.288472222222222,0.293888888888889,0.0184894715213371,0.278055555555556,0.302222222222222,40,0.551916666666667,0.58,0.075488065843794,0.557777777777778,0.591666666666667,40,0.869194444444444,0.943333333333333,0.193564061081399,0.925833333333333,0.951388888888889,40
"cells",24,1000,2,"gradient","fixed","all",0.2,0.328944444444444,0.335,0.0297876307209823,0.310555555555556,0.345277777777778,40,0.551916666666667,0.58,0.075488065843794,0.557777777777778,0.591666666666667,40,0.869194444444444,0.943333333333333,0.193564061081399,0.925833333333333,0.951388888888889,40
"cells",24,1000,2,"gradient","fixed","all",0.1,0.312777777777778,0.318333333333333,0.0239538968393281,0.300833333333333,0.325833333333333,40,0.551916666666667,0.58,0.075488065843794,0.557777777777778,0.591666666666667,40,0.869194444444444,0.943333333333333,0.193564061081399,0.925833333333333,0.951388888888889,40
"cells",24,1000,2,"gradient","fixed","all",0.05,0.301472222222222,0.307222222222222,0.0204513606225529,0.291388888888889,0.315833333333333,40,0.551916666666667,0.58,0.075488065843794,0.557777777777778,0.591666666666667,40,0.869194444444444,0.943333333333333,0.193564061081399,0.925833333333333,0.951388888888889,40
"cells",24,1000,2,"gradient","fixed","background",0.01,0,0,0,0,0,40,0.00508333333333333,0.00333333333333333,0.00617814823952256,0,0.01,40,0.87375,0.888333333333333,0.0558191396680059,0.865833333333333,0.91,40
"cells",24,1000,2,"gradient","fixed","background",0.2,0,0,0,0,0,40,0.00508333333333333,0.00333333333333333,0.00617814823952256,0,0.01,40,0.87375,0.888333333333333,0.0558191396680059,0.865833333333333,0.91,40
"cells",24,1000,2,"gradient","fixed","background",0.05,0,0,0,0,0,40,0.00508333333333333,0.00333333333333333,0.00617814823952256,0,0.01,40,0.87375,0.888333333333333,0.0558191396680059,0.865833333333333,0.91,40
"cells",24,1000,2,"gradient","fixed","background",0.1,0,0,0,0,0,40,0.00508333333333333,0.00333333333333333,0.00617814823952256,0,0.01,40,0.87375,0.888333333333333,0.0558191396680059,0.865833333333333,0.91,40
"cells",24,1000,2,"gradient","fixed","housekeeping",0.01,0.852083333333333,0.863333333333333,0.0501887463123981,0.825833333333333,0.885833333333333,40,0.986083333333333,0.986666666666667,0.00819587485704636,0.983333333333333,0.99,40,0.851666666666667,0.965,0.299204072370476,0.931666666666667,0.983333333333333,40
"cells",24,1000,2,"gradient","fixed","housekeeping",0.1,0.867333333333333,0.876666666666667,0.0429947323348687,0.846666666666667,0.896666666666667,40,0.986083333333333,0.986666666666667,0.00819587485704636,0.983333333333333,0.99,40,0.851666666666667,0.965,0.299204072370476,0.931666666666667,0.983333333333333,40
"cells",24,1000,2,"gradient","fixed","housekeeping",0.2,0.871916666666667,0.88,0.0420546889906092,0.851666666666667,0.9,40,0.986083333333333,0.986666666666667,0.00819587485704636,0.983333333333333,0.99,40,0.851666666666667,0.965,0.299204072370476,0.931666666666667,0.983333333333333,40
"cells",24,1000,2,"gradient","fixed","housekeeping",0.05,0.862083333333333,0.873333333333333,0.0438703574422213,0.84,0.890833333333333,40,0.986083333333333,0.986666666666667,0.00819587485704636,0.983333333333333,0.99,40,0.851666666666667,0.965,0.299204072370476,0.931666666666667,0.983333333333333,40
"cells",24,1000,2,"gradient","fixed","marker",0.01,0.0133333333333333,0.01,0.0142024435119243,0,0.02,40,0.664583333333333,0.755,0.224011201770176,0.685,0.783333333333333,40,0.882166666666667,0.97,0.231578935611172,0.955833333333333,0.98,40
"cells",24,1000,2,"gradient","fixed","marker",0.2,0.114916666666667,0.118333333333333,0.0703997033631409,0.08,0.150833333333333,40,0.664583333333333,0.755,0.224011201770176,0.685,0.783333333333333,40,0.882166666666667,0.97,0.231578935611172,0.955833333333333,0.98,40
"cells",24,1000,2,"gradient","fixed","marker",0.05,0.0423333333333333,0.0433333333333333,0.0328442755856548,0.0183333333333333,0.06,40,0.664583333333333,0.755,0.224011201770176,0.685,0.783333333333333,40,0.882166666666667,0.97,0.231578935611172,0.955833333333333,0.98,40
"cells",24,1000,2,"gradient","fixed","marker",0.1,0.071,0.0716666666666667,0.0486876198892935,0.0375,0.0941666666666667,40,0.664583333333333,0.755,0.224011201770176,0.685,0.783333333333333,40,0.882166666666667,0.97,0.231578935611172,0.955833333333333,0.98,40
"cells",24,1000,2,"gradient","intercept","all",0.1,0.679416666666667,0.690555555555556,0.0794819358470164,0.675555555555555,0.720277777777778,40,0.938083333333333,0.938888888888889,0.0108487179823861,0.931388888888889,0.946944444444444,40,0.930638888888889,0.953333333333333,0.0884286115551058,0.930555555555556,0.964444444444444,40
"cells",24,1000,2,"gradient","intercept","all",0.2,0.7175,0.732777777777778,0.0839254368414875,0.718888888888889,0.757777777777778,40,0.938083333333333,0.938888888888889,0.0108487179823861,0.931388888888889,0.946944444444444,40,0.930638888888889,0.953333333333333,0.0884286115551058,0.930555555555556,0.964444444444444,40
"cells",24,1000,2,"gradient","intercept","all",0.05,0.645888888888889,0.658888888888889,0.0724046348592258,0.640833333333333,0.675555555555556,40,0.938083333333333,0.938888888888889,0.0108487179823861,0.931388888888889,0.946944444444444,40,0.930638888888889,0.953333333333333,0.0884286115551058,0.930555555555556,0.964444444444444,40
"cells",24,1000,2,"gradient","intercept","all",0.01,0.582166666666667,0.605,0.0743944425349679,0.596388888888889,0.615555555555556,40,0.938083333333333,0.938888888888889,0.0108487179823861,0.931388888888889,0.946944444444444,40,0.930638888888889,0.953333333333333,0.0884286115551058,0.930555555555556,0.964444444444444,40
"cells",24,1000,2,"gradient","intercept","background",0.01,0.00675,0,0.0134923741255629,0,0.00666666666666667,40,0.85225,0.85,0.026391610296022,0.836666666666667,0.874166666666667,40,0.885666666666667,0.893333333333333,0.0485411095489104,0.859166666666667,0.923333333333333,40
"cells",24,1000,2,"gradient","intercept","background",0.2,0.257583333333333,0.271666666666667,0.121966291873109,0.206666666666667,0.348333333333333,40,0.85225,0.85,0.026391610296022,0.836666666666667,0.874166666666667,40,0.885666666666667,0.893333333333333,0.0485411095489104,0.859166666666667,0.923333333333333,40
"cells",24,1000,2,"gradient","intercept","background",0.1,0.1615,0.161666666666667,0.100346834426838,0.115,0.24,40,0.85225,0.85,0.026391610296022,0.836666666666667,0.874166666666667,40,0.885666666666667,0.893333333333333,0.0485411095489104,0.859166666666667,0.923333333333333,40
"cells",24,1000,2,"gradient","intercept","background",0.05,0.0856666666666667,0.0733333333333333,0.0703276823589609,0.0333333333333333,0.145,40,0.85225,0.85,0.026391610296022,0.836666666666667,0.874166666666667,40,0.885666666666667,0.893333333333333,0.0485411095489104,0.859166666666667,0.923333333333333,40
"cells",24,1000,2,"gradient","intercept","housekeeping",0.1,0.953833333333333,0.963333333333333,0.0319771107596608,0.943333333333333,0.97,40,0.96225,0.966666666666667,0.0150286999890817,0.95,0.973333333333333,40,0.935916666666667,0.975,0.156415487862631,0.96,0.983333333333333,40
"cells",24,1000,2,"gradient","intercept","housekeeping",0.05,0.952083333333333,0.961666666666667,0.0354192432446374,0.943333333333333,0.97,40,0.96225,0.966666666666667,0.0150286999890817,0.95,0.973333333333333,40,0.935916666666667,0.975,0.156415487862631,0.96,0.983333333333333,40
"cells",24,1000,2,"gradient","intercept","housekeeping",0.01,0.946,0.953333333333333,0.0550275766142231,0.9425,0.966666666666667,40,0.96225,0.966666666666667,0.0150286999890817,0.95,0.973333333333333,40,0.935916666666667,0.975,0.156415487862631,0.96,0.983333333333333,40
"cells",24,1000,2,"gradient","intercept","housekeeping",0.2,0.9555,0.963333333333333,0.0255486798628626,0.945833333333333,0.97,40,0.96225,0.966666666666667,0.0150286999890817,0.95,0.973333333333333,40,0.935916666666667,0.975,0.156415487862631,0.96,0.983333333333333,40
"cells",24,1000,2,"gradient","intercept","marker",0.2,0.939416666666667,0.971666666666667,0.153674624819423,0.956666666666667,0.98,40,0.99975,1,0.000889155942789719,1,1,40,0.970333333333333,0.986666666666667,0.0807824978928726,0.976666666666667,0.993333333333333,40
"cells",24,1000,2,"gradient","intercept","marker",0.01,0.79375,0.863333333333333,0.176680675948337,0.8275,0.8775,40,0.99975,1,0.000889155942789719,1,1,40,0.970333333333333,0.986666666666667,0.0807824978928726,0.976666666666667,0.993333333333333,40
"cells",24,1000,2,"gradient","intercept","marker",0.1,0.922916666666667,0.958333333333333,0.155167747662102,0.94,0.97,40,0.99975,1,0.000889155942789719,1,1,40,0.970333333333333,0.986666666666667,0.0807824978928726,0.976666666666667,0.993333333333333,40
"cells",24,1000,2,"gradient","intercept","marker",0.05,0.899916666666667,0.94,0.15485401175709,0.915833333333333,0.950833333333333,40,0.99975,1,0.000889155942789719,1,1,40,0.970333333333333,0.986666666666667,0.0807824978928726,0.976666666666667,0.993333333333333,40
"cells",24,1000,2,"gradient","slope","all",0.1,0.690166666666667,0.698333333333333,0.0753056660318391,0.683888888888889,0.711388888888889,40,0.942,0.943333333333333,0.0105655223600811,0.935555555555556,0.947777777777778,40,0.942861111111111,0.953888888888889,0.0564872796052496,0.938611111111111,0.964722222222222,40
"cells",24,1000,2,"gradient","slope","all",0.01,0.602833333333333,0.615,0.0673022645123008,0.603055555555556,0.620555555555556,40,0.942,0.943333333333333,0.0105655223600811,0.935555555555556,0.947777777777778,40,0.942861111111111,0.953888888888889,0.0564872796052496,0.938611111111111,0.964722222222222,40
"cells",24,1000,2,"gradient","slope","all",0.2,0.732027777777778,0.739444444444444,0.0777085110775549,0.729444444444444,0.755833333333333,40,0.942,0.943333333333333,0.0105655223600811,0.935555555555556,0.947777777777778,40,0.942861111111111,0.953888888888889,0.0564872796052496,0.938611111111111,0.964722222222222,40
"cells",24,1000,2,"gradient","slope","all",0.05,0.654555555555556,0.659444444444444,0.071931168956346,0.65,0.673611111111111,40,0.942,0.943333333333333,0.0105655223600811,0.935555555555556,0.947777777777778,40,0.942861111111111,0.953888888888889,0.0564872796052496,0.938611111111111,0.964722222222222,40
"cells",24,1000,2,"gradient","slope","background",0.1,0.174166666666667,0.17,0.0671425324077046,0.129166666666667,0.2175,40,0.860666666666667,0.858333333333333,0.0235000151542656,0.846666666666667,0.875,40,0.893666666666667,0.895,0.0386362981244779,0.869166666666667,0.9275,40
"cells",24,1000,2,"gradient","slope","background",0.01,0.0045,0,0.00950483457730224,0,0.00333333333333333,40,0.860666666666667,0.858333333333333,0.0235000151542656,0.846666666666667,0.875,40,0.893666666666667,0.895,0.0386362981244779,0.869166666666667,0.9275,40
"cells",24,1000,2,"gradient","slope","background",0.05,0.0843333333333333,0.07,0.0544760068987745,0.0516666666666667,0.0908333333333333,40,0.860666666666667,0.858333333333333,0.0235000151542656,0.846666666666667,0.875,40,0.893666666666667,0.895,0.0386362981244779,0.869166666666667,0.9275,40
"cells",24,1000,2,"gradient","slope","background",0.2,0.285583333333333,0.28,0.0751916355140786,0.245833333333333,0.328333333333333,40,0.860666666666667,0.858333333333333,0.0235000151542656,0.846666666666667,0.875,40,0.893666666666667,0.895,0.0386362981244779,0.869166666666667,0.9275,40
"cells",24,1000,2,"gradient","slope","housekeeping",0.2,0.956583333333333,0.963333333333333,0.0310636466379938,0.949166666666667,0.974166666666667,40,0.9655,0.97,0.0161465863485831,0.955833333333333,0.9775,40,0.95025,0.975,0.146494435587566,0.963333333333333,0.984166666666667,40
"cells",24,1000,2,"gradient","slope","housekeeping",0.1,0.954333333333333,0.963333333333333,0.0397656955340975,0.946666666666667,0.974166666666667,40,0.9655,0.97,0.0161465863485831,0.955833333333333,0.9775,40,0.95025,0.975,0.146494435587566,0.963333333333333,0.984166666666667,40
"cells",24,1000,2,"gradient","slope","housekeeping",0.05,0.952666666666667,0.963333333333333,0.0469600060183361,0.946666666666667,0.973333333333333,40,0.9655,0.97,0.0161465863485831,0.955833333333333,0.9775,40,0.95025,0.975,0.146494435587566,0.963333333333333,0.984166666666667,40
"cells",24,1000,2,"gradient","slope","housekeeping",0.01,0.949083333333333,0.963333333333333,0.0622511570390989,0.9425,0.973333333333333,40,0.9655,0.97,0.0161465863485831,0.955833333333333,0.9775,40,0.95025,0.975,0.146494435587566,0.963333333333333,0.984166666666667,40
"cells",24,1000,2,"gradient","slope","marker",0.2,0.953916666666667,0.98,0.152289062934469,0.97,0.984166666666667,40,0.999833333333333,1,0.00105409255338947,1,1,40,0.984666666666667,0.986666666666667,0.00917695615204323,0.98,0.990833333333333,40
"cells",24,1000,2,"gradient","slope","marker",0.1,0.942,0.968333333333333,0.152707380828643,0.955833333333333,0.974166666666667,40,0.999833333333333,1,0.00105409255338947,1,1,40,0.984666666666667,0.986666666666667,0.00917695615204323,0.98,0.990833333333333,40
"cells",24,1000,2,"gradient","slope","marker",0.01,0.854916666666667,0.881666666666667,0.141350804233828,0.861666666666667,0.894166666666667,40,0.999833333333333,1,0.00105409255338947,1,1,40,0.984666666666667,0.986666666666667,0.00917695615204323,0.98,0.990833333333333,40
"cells",24,1000,2,"gradient","slope","marker",0.05,0.926666666666667,0.95,0.151149442096734,0.939166666666667,0.960833333333333,40,0.999833333333333,1,0.00105409255338947,1,1,40,0.984666666666667,0.986666666666667,0.00917695615204323,0.98,0.990833333333333,40
"cells",24,25,2,"gradient","fixed","all",0.1,0.01525,0.0144444444444444,0.00702272123078228,0.0111111111111111,0.0191666666666667,40,0.122777777777778,0.123333333333333,0.0296021952763449,0.0991666666666667,0.144444444444444,40,0.62075,0.619444444444444,0.0415788343013007,0.588888888888889,0.648333333333333,40
"cells",24,25,2,"gradient","fixed","all",0.2,0.0217222222222222,0.0205555555555556,0.0095943359359198,0.0163888888888889,0.0277777777777778,40,0.122777777777778,0.123333333333333,0.0296021952763449,0.0991666666666667,0.144444444444444,40,0.62075,0.619444444444444,0.0415788343013007,0.588888888888889,0.648333333333333,40
"cells",24,25,2,"gradient","fixed","all",0.05,0.0109444444444444,0.0105555555555556,0.00586084274510168,0.00666666666666667,0.0147222222222222,40,0.122777777777778,0.123333333333333,0.0296021952763449,0.0991666666666667,0.144444444444444,40,0.62075,0.619444444444444,0.0415788343013007,0.588888888888889,0.648333333333333,40
"cells",24,25,2,"gradient","fixed","all",0.01,0.00630555555555556,0.00666666666666667,0.0036927544707007,0.00333333333333333,0.00916666666666667,40,0.122777777777778,0.123333333333333,0.0296021952763449,0.0991666666666667,0.144444444444444,40,0.62075,0.619444444444444,0.0415788343013007,0.588888888888889,0.648333333333333,40
"cells",24,25,2,"gradient","fixed","background",0.2,0,0,0,0,0,40,0,0,0,0,0,40,0.544416666666667,0.551666666666667,0.0375335557370709,0.516666666666667,0.576666666666667,40
"cells",24,25,2,"gradient","fixed","background",0.1,0,0,0,0,0,40,0,0,0,0,0,40,0.544416666666667,0.551666666666667,0.0375335557370709,0.516666666666667,0.576666666666667,40
"cells",24,25,2,"gradient","fixed","background",0.05,0,0,0,0,0,40,0,0,0,0,0,40,0.544416666666667,0.551666666666667,0.0375335557370709,0.516666666666667,0.576666666666667,40
"cells",24,25,2,"gradient","fixed","background",0.01,0,0,0,0,0,40,0,0,0,0,0,40,0.544416666666667,0.551666666666667,0.0375335557370709,0.516666666666667,0.576666666666667,40
"cells",24,25,2,"gradient","fixed","housekeeping",0.01,0.0189166666666667,0.02,0.0110782634121021,0.01,0.0275,40,0.355416666666667,0.353333333333333,0.082485214076891,0.2925,0.414166666666667,40,0.733666666666667,0.736666666666667,0.0715071769354402,0.6775,0.790833333333333,40
"cells",24,25,2,"gradient","fixed","housekeeping",0.1,0.04575,0.0433333333333333,0.0210681636923468,0.0333333333333333,0.0575,40,0.355416666666667,0.353333333333333,0.082485214076891,0.2925,0.414166666666667,40,0.733666666666667,0.736666666666667,0.0715071769354402,0.6775,0.790833333333333,40
"cells",24,25,2,"gradient","fixed","housekeeping",0.2,0.0651666666666667,0.0616666666666667,0.0287830078077594,0.0491666666666667,0.0833333333333333,40,0.355416666666667,0.353333333333333,0.082485214076891,0.2925,0.414166666666667,40,0.733666666666667,0.736666666666667,0.0715071769354402,0.6775,0.790833333333333,40
"cells",24,25,2,"gradient","fixed","housekeeping",0.05,0.0328333333333333,0.0316666666666667,0.017582528235305,0.02,0.0441666666666667,40,0.355416666666667,0.353333333333333,0.082485214076891,0.2925,0.414166666666667,40,0.733666666666667,0.736666666666667,0.0715071769354402,0.6775,0.790833333333333,40
"cells",24,25,2,"gradient","fixed","marker",0.1,0,0,0,0,0,40,0.0129166666666667,0.01,0.0101045108541255,0.00666666666666667,0.0175,40,0.584166666666667,0.588333333333333,0.040718266269295,0.559166666666667,0.604166666666667,40
"cells",24,25,2,"gradient","fixed","marker",0.01,0,0,0,0,0,40,0.0129166666666667,0.01,0.0101045108541255,0.00666666666666667,0.0175,40,0.584166666666667,0.588333333333333,0.040718266269295,0.559166666666667,0.604166666666667,40
"cells",24,25,2,"gradient","fixed","marker",0.2,0,0,0,0,0,40,0.0129166666666667,0.01,0.0101045108541255,0.00666666666666667,0.0175,40,0.584166666666667,0.588333333333333,0.040718266269295,0.559166666666667,0.604166666666667,40
"cells",24,25,2,"gradient","fixed","marker",0.05,0,0,0,0,0,40,0.0129166666666667,0.01,0.0101045108541255,0.00666666666666667,0.0175,40,0.584166666666667,0.588333333333333,0.040718266269295,0.559166666666667,0.604166666666667,40
"cells",24,25,2,"gradient","intercept","all",0.1,0.0128611111111111,0.0122222222222222,0.00696796586349061,0.00861111111111111,0.0177777777777778,40,0.238861111111111,0.233333333333333,0.0480677528449627,0.219166666666667,0.270277777777778,40,0.633111111111111,0.627777777777778,0.0399518545326137,0.613888888888889,0.664166666666667,40
"cells",24,25,2,"gradient","intercept","all",0.05,0.0101944444444444,0.01,0.00579204626506806,0.00638888888888889,0.0144444444444444,40,0.238861111111111,0.233333333333333,0.0480677528449627,0.219166666666667,0.270277777777778,40,0.633111111111111,0.627777777777778,0.0399518545326137,0.613888888888889,0.664166666666667,40
"cells",24,25,2,"gradient","intercept","all",0.2,0.01725,0.0161111111111111,0.00886745100030433,0.0111111111111111,0.0233333333333333,40,0.238861111111111,0.233333333333333,0.0480677528449627,0.219166666666667,0.270277777777778,40,0.633111111111111,0.627777777777778,0.0399518545326137,0.613888888888889,0.664166666666667,40
"cells",24,25,2,"gradient","intercept","all",0.01,0.00594444444444444,0.00555555555555556,0.00358101638913227,0.00333333333333333,0.00888888888888889,40,0.238861111111111,0.233333333333333,0.0480677528449627,0.219166666666667,0.270277777777778,40,0.633111111111111,0.627777777777778,0.0399518545326137,0.613888888888889,0.664166666666667,40
"cells",24,25,2,"gradient","intercept","background",0.01,0,0,0,0,0,40,0.0959166666666667,0.09,0.0273365382736426,0.0791666666666667,0.105,40,0.556,0.56,0.0304215398274,0.535833333333333,0.580833333333333,40
"cells",24,25,2,"gradient","intercept","background",0.2,0,0,0,0,0,40,0.0959166666666667,0.09,0.0273365382736426,0.0791666666666667,0.105,40,0.556,0.56,0.0304215398274,0.535833333333333,0.580833333333333,40
"cells",24,25,2,"gradient","intercept","background",0.1,0,0,0,0,0,40,0.0959166666666667,0.09,0.0273365382736426,0.0791666666666667,0.105,40,0.556,0.56,0.0304215398274,0.535833333333333,0.580833333333333,40
"cells",24,25,2,"gradient","intercept","background",0.05,0,0,0,0,0,40,0.0959166666666667,0.09,0.0273365382736426,0.0791666666666667,0.105,40,0.556,0.56,0.0304215398274,0.535833333333333,0.580833333333333,40
"cells",24,25,2,"gradient","intercept","housekeeping",0.1,0.0378333333333333,0.0366666666666667,0.0206386631338955,0.0258333333333333,0.0533333333333333,40,0.436083333333333,0.436666666666667,0.08816549932176,0.391666666666667,0.4975,40,0.747083333333333,0.745,0.072332673595794,0.715833333333333,0.805,40
"cells",24,25,2,"gradient","intercept","housekeeping",0.05,0.03025,0.0283333333333333,0.0171699648312887,0.0191666666666667,0.0433333333333333,40,0.436083333333333,0.436666666666667,0.08816549932176,0.391666666666667,0.4975,40,0.747083333333333,0.745,0.072332673595794,0.715833333333333,0.805,40
"cells",24,25,2,"gradient","intercept","housekeeping",0.01,0.01775,0.0166666666666667,0.0107387388840828,0.01,0.0266666666666667,40,0.436083333333333,0.436666666666667,0.08816549932176,0.391666666666667,0.4975,40,0.747083333333333,0.745,0.072332673595794,0.715833333333333,0.805,40
"cells",24,25,2,"gradient","intercept","housekeeping",0.2,0.0503333333333333,0.0466666666666667,0.0260155552854272,0.0325,0.0666666666666667,40,0.436083333333333,0.436666666666667,0.08816549932176,0.391666666666667,0.4975,40,0.747083333333333,0.745,0.072332673595794,0.715833333333333,0.805,40
"cells",24,25,2,"gradient","intercept","marker",0.2,0.00141666666666667,0,0.00237358444844567,0,0.00333333333333333,40,0.184583333333333,0.183333333333333,0.0498355557918503,0.145833333333333,0.204166666666667,40,0.59625,0.59,0.0428619163669087,0.566666666666667,0.616666666666667,40
"cells",24,25,2,"gradient","intercept","marker",0.1,0.00075,0,0.00140967353922087,0,0,40,0.184583333333333,0.183333333333333,0.0498355557918503,0.145833333333333,0.204166666666667,40,0.59625,0.59,0.0428619163669087,0.566666666666667,0.616666666666667,40
"cells",24,25,2,"gradient","intercept","marker",0.01,8.33333333333333e-05,0,0.00052704627669473,0,0,40,0.184583333333333,0.183333333333333,0.0498355557918503,0.145833333333333,0.204166666666667,40,0.59625,0.59,0.0428619163669087,0.566666666666667,0.616666666666667,40
"cells",24,25,2,"gradient","intercept","marker",0.05,0.000333333333333333,0,0.00101273936708367,0,0,40,0.184583333333333,0.183333333333333,0.0498355557918503,0.145833333333333,0.204166666666667,40,0.59625,0.59,0.0428619163669087,0.566666666666667,0.616666666666667,40
"cells",24,25,2,"gradient","slope","all",0.05,0.01025,0.00944444444444444,0.00572387468187874,0.00666666666666667,0.0144444444444444,40,0.237805555555556,0.233888888888889,0.0472192809541522,0.218333333333333,0.271666666666667,40,0.63275,0.627222222222222,0.039075245388258,0.615277777777778,0.664166666666667,40
"cells",24,25,2,"gradient","slope","all",0.1,0.0128888888888889,0.0122222222222222,0.00689449271203125,0.00888888888888889,0.0177777777777778,40,0.237805555555556,0.233888888888889,0.0472192809541522,0.218333333333333,0.271666666666667,40,0.63275,0.627222222222222,0.039075245388258,0.615277777777778,0.664166666666667,40
"cells",24,25,2,"gradient","slope","all",0.01,0.00602777777777778,0.00555555555555556,0.00362789219419664,0.00333333333333333,0.00888888888888889,40,0.237805555555556,0.233888888888889,0.0472192809541522,0.218333333333333,0.271666666666667,40,0.63275,0.627222222222222,0.039075245388258,0.615277777777778,0.664166666666667,40
"cells",24,25,2,"gradient","slope","all",0.2,0.0169444444444444,0.0161111111111111,0.00869718492622904,0.0111111111111111,0.0222222222222222,40,0.237805555555556,0.233888888888889,0.0472192809541522,0.218333333333333,0.271666666666667,40,0.63275,0.627222222222222,0.039075245388258,0.615277777777778,0.664166666666667,40
"cells",24,25,2,"gradient","slope","background",0.1,0,0,0,0,0,40,0.0948333333333333,0.0933333333333333,0.0242957794747339,0.0791666666666667,0.105,40,0.555916666666667,0.556666666666667,0.0297806558757101,0.533333333333333,0.58,40
"cells",24,25,2,"gradient","slope","background",0.01,0,0,0,0,0,40,0.0948333333333333,0.0933333333333333,0.0242957794747339,0.0791666666666667,0.105,40,0.555916666666667,0.556666666666667,0.0297806558757101,0.533333333333333,0.58,40
"cells",24,25,2,"gradient","slope","background",0.05,0,0,0,0,0,40,0.0948333333333333,0.0933333333333333,0.0242957794747339,0.0791666666666667,0.105,40,0.555916666666667,0.556666666666667,0.0297806558757101,0.533333333333333,0.58,40
"cells",24,25,2,"gradient","slope","background",0.2,8.33333333333333e-05,0,0.00052704627669473,0,0,40,0.0948333333333333,0.0933333333333333,0.0242957794747339,0.0791666666666667,0.105,40,0.555916666666667,0.556666666666667,0.0297806558757101,0.533333333333333,0.58,40
"cells",24,25,2,"gradient","slope","housekeeping",0.05,0.0304166666666667,0.0266666666666667,0.0169663232715909,0.02,0.0433333333333333,40,0.4345,0.435,0.0882742101767905,0.389166666666667,0.495,40,0.747916666666667,0.745,0.0722045507637652,0.716666666666667,0.804166666666667,40
"cells",24,25,2,"gradient","slope","housekeeping",0.1,0.038,0.0366666666666667,0.0203221911464156,0.0266666666666667,0.0533333333333333,40,0.4345,0.435,0.0882742101767905,0.389166666666667,0.495,40,0.747916666666667,0.745,0.0722045507637652,0.716666666666667,0.804166666666667,40
"cells",24,25,2,"gradient","slope","housekeeping",0.01,0.018,0.0166666666666667,0.0108813858678276,0.01,0.0266666666666667,40,0.4345,0.435,0.0882742101767905,0.389166666666667,0.495,40,0.747916666666667,0.745,0.0722045507637652,0.716666666666667,0.804166666666667,40
"cells",24,25,2,"gradient","slope","housekeeping",0.2,0.04925,0.045,0.0254362226854033,0.0333333333333333,0.0666666666666667,40,0.4345,0.435,0.0882742101767905,0.389166666666667,0.495,40,0.747916666666667,0.745,0.0722045507637652,0.716666666666667,0.804166666666667,40
"cells",24,25,2,"gradient","slope","marker",0.1,0.000666666666666667,0,0.00135031915611156,0,0,40,0.184083333333333,0.185,0.0484429202692873,0.143333333333333,0.206666666666667,40,0.594416666666667,0.593333333333333,0.0404066755648053,0.566666666666667,0.616666666666667,40
"cells",24,25,2,"gradient","slope","marker",0.05,0.000333333333333333,0,0.00101273936708367,0,0,40,0.184083333333333,0.185,0.0484429202692873,0.143333333333333,0.206666666666667,40,0.594416666666667,0.593333333333333,0.0404066755648053,0.566666666666667,0.616666666666667,40
"cells",24,25,2,"gradient","slope","marker",0.01,8.33333333333333e-05,0,0.00052704627669473,0,0,40,0.184083333333333,0.185,0.0484429202692873,0.143333333333333,0.206666666666667,40,0.594416666666667,0.593333333333333,0.0404066755648053,0.566666666666667,0.616666666666667,40
"cells",24,25,2,"gradient","slope","marker",0.2,0.0015,0,0.00238107447794387,0,0.00333333333333333,40,0.184083333333333,0.185,0.0484429202692873,0.143333333333333,0.206666666666667,40,0.594416666666667,0.593333333333333,0.0404066755648053,0.566666666666667,0.616666666666667,40
"cells",24,250,2,"gradient","fixed","all",0.1,0.309194444444444,0.31,0.00764844649432233,0.304444444444444,0.313611111111111,40,0.385305555555556,0.387777777777778,0.0154565172433124,0.37,0.397777777777778,40,0.898972222222222,0.9,0.0129903353657817,0.894166666666667,0.907777777777778,40
"cells",24,250,2,"gradient","fixed","all",0.05,0.302194444444444,0.303888888888889,0.00821709049065952,0.295555555555556,0.307777777777778,40,0.385305555555556,0.387777777777778,0.0154565172433124,0.37,0.397777777777778,40,0.898972222222222,0.9,0.0129903353657817,0.894166666666667,0.907777777777778,40
"cells",24,250,2,"gradient","fixed","all",0.2,0.315694444444444,0.315555555555556,0.00565544109053028,0.312222222222222,0.318888888888889,40,0.385305555555556,0.387777777777778,0.0154565172433124,0.37,0.397777777777778,40,0.898972222222222,0.9,0.0129903353657817,0.894166666666667,0.907777777777778,40
"cells",24,250,2,"gradient","fixed","all",0.01,0.28625,0.285555555555556,0.0102815308462899,0.282222222222222,0.293333333333333,40,0.385305555555556,0.387777777777778,0.0154565172433124,0.37,0.397777777777778,40,0.898972222222222,0.9,0.0129903353657817,0.894166666666667,0.907777777777778,40
"cells",24,250,2,"gradient","fixed","background",0.2,0,0,0,0,0,40,0.000166666666666667,0,0.000735738092877174,0,0,40,0.776916666666667,0.773333333333333,0.0294139093402775,0.763333333333333,0.803333333333333,40
"cells",24,250,2,"gradient","fixed","background",0.1,0,0,0,0,0,40,0.000166666666666667,0,0.000735738092877174,0,0,40,0.776916666666667,0.773333333333333,0.0294139093402775,0.763333333333333,0.803333333333333,40
"cells",24,250,2,"gradient","fixed","background",0.05,0,0,0,0,0,40,0.000166666666666667,0,0.000735738092877174,0,0,40,0.776916666666667,0.773333333333333,0.0294139093402775,0.763333333333333,0.803333333333333,40
"cells",24,250,2,"gradient","fixed","background",0.01,0,0,0,0,0,40,0.000166666666666667,0,0.000735738092877174,0,0,40,0.776916666666667,0.773333333333333,0.0294139093402775,0.763333333333333,0.803333333333333,40
"cells",24,250,2,"gradient","fixed","housekeeping",0.1,0.92575,0.928333333333333,0.0226956514026937,0.9125,0.94,40,0.993416666666667,0.993333333333333,0.00509105130781488,0.99,0.996666666666667,40,0.987416666666667,0.99,0.011029292776298,0.985833333333333,0.994166666666667,40
"cells",24,250,2,"gradient","fixed","housekeeping",0.01,0.8585,0.856666666666667,0.0308562515887504,0.846666666666667,0.876666666666667,40,0.993416666666667,0.993333333333333,0.00509105130781488,0.99,0.996666666666667,40,0.987416666666667,0.99,0.011029292776298,0.985833333333333,0.994166666666667,40
"cells",24,250,2,"gradient","fixed","housekeeping",0.2,0.944166666666667,0.946666666666667,0.0161677460208902,0.933333333333333,0.956666666666667,40,0.993416666666667,0.993333333333333,0.00509105130781488,0.99,0.996666666666667,40,0.987416666666667,0.99,0.011029292776298,0.985833333333333,0.994166666666667,40
"cells",24,250,2,"gradient","fixed","housekeeping",0.05,0.9055,0.91,0.0247672930175827,0.886666666666667,0.923333333333333,40,0.993416666666667,0.993333333333333,0.00509105130781488,0.99,0.996666666666667,40,0.987416666666667,0.99,0.011029292776298,0.985833333333333,0.994166666666667,40
"cells",24,250,2,"gradient","fixed","marker",0.1,0.00183333333333333,0,0.00271641627496917,0,0.00333333333333333,40,0.162333333333333,0.166666666666667,0.0455495097093024,0.119166666666667,0.196666666666667,40,0.932583333333333,0.936666666666667,0.0224241361113841,0.916666666666667,0.95,40
"cells",24,250,2,"gradient","fixed","marker",0.01,0.00025,0,0.000889155942789728,0,0,40,0.162333333333333,0.166666666666667,0.0455495097093024,0.119166666666667,0.196666666666667,40,0.932583333333333,0.936666666666667,0.0224241361113841,0.916666666666667,0.95,40
"cells",24,250,2,"gradient","fixed","marker",0.2,0.00291666666666667,0.00333333333333333,0.00355562232843284,0,0.00333333333333333,40,0.162333333333333,0.166666666666667,0.0455495097093024,0.119166666666667,0.196666666666667,40,0.932583333333333,0.936666666666667,0.0224241361113841,0.916666666666667,0.95,40
"cells",24,250,2,"gradient","fixed","marker",0.05,0.00108333333333333,0,0.00205168265319023,0,0.00333333333333333,40,0.162333333333333,0.166666666666667,0.0455495097093024,0.119166666666667,0.196666666666667,40,0.932583333333333,0.936666666666667,0.0224241361113841,0.916666666666667,0.95,40
"cells",24,250,2,"gradient","intercept","all",0.1,0.419805555555556,0.418888888888889,0.0196452996101136,0.409722222222222,0.430277777777778,40,0.759777777777778,0.76,0.017537911722276,0.749722222222222,0.770277777777778,40,0.90475,0.907222222222222,0.0133759705265711,0.896666666666667,0.913611111111111,40
"cells",24,250,2,"gradient","intercept","all",0.05,0.383055555555556,0.382777777777778,0.0180108475632377,0.370555555555556,0.392222222222222,40,0.759777777777778,0.76,0.017537911722276,0.749722222222222,0.770277777777778,40,0.90475,0.907222222222222,0.0133759705265711,0.896666666666667,0.913611111111111,40
"cells",24,250,2,"gradient","intercept","all",0.01,0.322888888888889,0.322222222222222,0.014521599766064,0.311944444444444,0.333888888888889,40,0.759777777777778,0.76,0.017537911722276,0.749722222222222,0.770277777777778,40,0.90475,0.907222222222222,0.0133759705265711,0.896666666666667,0.913611111111111,40
"cells",24,250,2,"gradient","intercept","all",0.2,0.466138888888889,0.465,0.0221093823144109,0.453055555555556,0.479444444444444,40,0.759777777777778,0.76,0.017537911722276,0.749722222222222,0.770277777777778,40,0.90475,0.907222222222222,0.0133759705265711,0.896666666666667,0.913611111111111,40
"cells",24,250,2,"gradient","intercept","background",0.2,0.0410833333333333,0.0366666666666667,0.0169360705103186,0.03,0.0466666666666667,40,0.412833333333333,0.413333333333333,0.0380923304751185,0.389166666666667,0.4325,40,0.788333333333333,0.791666666666667,0.0258970127747443,0.766666666666667,0.806666666666667,40
"cells",24,250,2,"gradient","intercept","background",0.01,0,0,0,0,0,40,0.412833333333333,0.413333333333333,0.0380923304751185,0.389166666666667,0.4325,40,0.788333333333333,0.791666666666667,0.0258970127747443,0.766666666666667,0.806666666666667,40
"cells",24,250,2,"gradient","intercept","background",0.1,0.018,0.0166666666666667,0.0108813858678276,0.0125,0.0233333333333333,40,0.412833333333333,0.413333333333333,0.0380923304751185,0.389166666666667,0.4325,40,0.788333333333333,0.791666666666667,0.0258970127747443,0.766666666666667,0.806666666666667,40
"cells",24,250,2,"gradient","intercept","background",0.05,0.00625,0.00333333333333333,0.00570836842587005,0.00333333333333333,0.01,40,0.412833333333333,0.413333333333333,0.0380923304751185,0.389166666666667,0.4325,40,0.788333333333333,0.791666666666667,0.0258970127747443,0.766666666666667,0.806666666666667,40
"cells",24,250,2,"gradient","intercept","housekeeping",0.1,0.976583333333333,0.98,0.011509626838934,0.973333333333333,0.983333333333333,40,0.994333333333333,0.996666666666667,0.00460397449999251,0.99,0.996666666666667,40,0.99225,0.993333333333333,0.00744925855313487,0.986666666666667,1,40
"cells",24,250,2,"gradient","intercept","housekeeping",0.05,0.962833333333333,0.963333333333333,0.0161642213323764,0.953333333333333,0.974166666666667,40,0.994333333333333,0.996666666666667,0.00460397449999251,0.99,0.996666666666667,40,0.99225,0.993333333333333,0.00744925855313487,0.986666666666667,1,40
"cells",24,250,2,"gradient","intercept","housekeeping",0.01,0.907083333333333,0.906666666666667,0.0303182314242628,0.886666666666667,0.9275,40,0.994333333333333,0.996666666666667,0.00460397449999251,0.99,0.996666666666667,40,0.99225,0.993333333333333,0.00744925855313487,0.986666666666667,1,40
"cells",24,250,2,"gradient","intercept","housekeeping",0.2,0.984833333333333,0.986666666666667,0.00886588904757941,0.98,0.99,40,0.994333333333333,0.996666666666667,0.00460397449999251,0.99,0.996666666666667,40,0.99225,0.993333333333333,0.00744925855313487,0.986666666666667,1,40
"cells",24,250,2,"gradient","intercept","marker",0.2,0.3725,0.378333333333333,0.0537788549726121,0.335833333333333,0.410833333333333,40,0.872166666666667,0.871666666666667,0.0283099450980215,0.853333333333333,0.890833333333333,40,0.933666666666667,0.94,0.0248161329751526,0.926666666666667,0.95,40
"cells",24,250,2,"gradient","intercept","marker",0.1,0.264833333333333,0.261666666666667,0.0466419348384057,0.233333333333333,0.290833333333333,40,0.872166666666667,0.871666666666667,0.0283099450980215,0.853333333333333,0.890833333333333,40,0.933666666666667,0.94,0.0248161329751526,0.926666666666667,0.95,40
"cells",24,250,2,"gradient","intercept","marker",0.05,0.180083333333333,0.178333333333333,0.0396026381175414,0.146666666666667,0.2,40,0.872166666666667,0.871666666666667,0.0283099450980215,0.853333333333333,0.890833333333333,40,0.933666666666667,0.94,0.0248161329751526,0.926666666666667,0.95,40
"cells",24,250,2,"gradient","intercept","marker",0.01,0.0615833333333333,0.0583333333333333,0.020782245052008,0.0433333333333333,0.0775,40,0.872166666666667,0.871666666666667,0.0283099450980215,0.853333333333333,0.890833333333333,40,0.933666666666667,0.94,0.0248161329751526,0.926666666666667,0.95,40
"cells",24,250,2,"gradient","slope","all",0.1,0.434194444444444,0.433333333333333,0.0212366748717277,0.425277777777778,0.446666666666667,40,0.772888888888889,0.774444444444444,0.015729189661499,0.760555555555556,0.784722222222222,40,0.90275,0.901111111111111,0.0115360000540033,0.894166666666667,0.9125,40
"cells",24,250,2,"gradient","slope","all",0.01,0.328416666666667,0.325555555555556,0.0152200021256247,0.315277777777778,0.3425,40,0.772888888888889,0.774444444444444,0.015729189661499,0.760555555555556,0.784722222222222,40,0.90275,0.901111111111111,0.0115360000540033,0.894166666666667,0.9125,40
"cells",24,250,2,"gradient","slope","all",0.05,0.393944444444444,0.392222222222222,0.0190581489684054,0.384444444444444,0.403888888888889,40,0.772888888888889,0.774444444444444,0.015729189661499,0.760555555555556,0.784722222222222,40,0.90275,0.901111111111111,0.0115360000540033,0.894166666666667,0.9125,40
"cells",24,250,2,"gradient","slope","all",0.2,0.484972222222222,0.482222222222222,0.024254621030686,0.473333333333333,0.499166666666667,40,0.772888888888889,0.774444444444444,0.015729189661499,0.760555555555556,0.784722222222222,40,0.90275,0.901111111111111,0.0115360000540033,0.894166666666667,0.9125,40
"cells",24,250,2,"gradient","slope","background",0.2,0.0584166666666667,0.0583333333333333,0.0192448239239347,0.0466666666666667,0.0675,40,0.441916666666667,0.443333333333333,0.0340427709860736,0.415833333333333,0.463333333333333,40,0.78525,0.79,0.0262780172013451,0.765833333333333,0.800833333333333,40
"cells",24,250,2,"gradient","slope","background",0.1,0.0265,0.0266666666666667,0.0139586283295783,0.0166666666666667,0.0333333333333333,40,0.441916666666667,0.443333333333333,0.0340427709860736,0.415833333333333,0.463333333333333,40,0.78525,0.79,0.0262780172013451,0.765833333333333,0.800833333333333,40
"cells",24,250,2,"gradient","slope","background",0.05,0.0105833333333333,0.01,0.00856972408775049,0.00333333333333333,0.0166666666666667,40,0.441916666666667,0.443333333333333,0.0340427709860736,0.415833333333333,0.463333333333333,40,0.78525,0.79,0.0262780172013451,0.765833333333333,0.800833333333333,40
"cells",24,250,2,"gradient","slope","background",0.01,0.000666666666666667,0,0.00172132593164774,0,0,40,0.441916666666667,0.443333333333333,0.0340427709860736,0.415833333333333,0.463333333333333,40,0.78525,0.79,0.0262780172013451,0.765833333333333,0.800833333333333,40
"cells",24,250,2,"gradient","slope","housekeeping",0.1,0.97825,0.98,0.0109385098231431,0.973333333333333,0.986666666666667,40,0.995416666666667,0.996666666666667,0.004249182927994,0.993333333333333,1,40,0.99475,0.996666666666667,0.00683077917660527,0.993333333333333,1,40
"cells",24,250,2,"gradient","slope","housekeeping",0.01,0.91075,0.911666666666667,0.028599678240176,0.893333333333333,0.93,40,0.995416666666667,0.996666666666667,0.004249182927994,0.993333333333333,1,40,0.99475,0.996666666666667,0.00683077917660527,0.993333333333333,1,40
"cells",24,250,2,"gradient","slope","housekeeping",0.2,0.986333333333333,0.986666666666667,0.00843274042711568,0.98,0.993333333333333,40,0.995416666666667,0.996666666666667,0.004249182927994,0.993333333333333,1,40,0.99475,0.996666666666667,0.00683077917660527,0.993333333333333,1,40
"cells",24,250,2,"gradient","slope","housekeeping",0.05,0.964666666666667,0.965,0.0152435124680853,0.956666666666667,0.976666666666667,40,0.995416666666667,0.996666666666667,0.004249182927994,0.993333333333333,1,40,0.99475,0.996666666666667,0.00683077917660527,0.993333333333333,1,40
"cells",24,250,2,"gradient","slope","marker",0.2,0.410166666666667,0.405,0.0562399721989127,0.379166666666667,0.448333333333333,40,0.881333333333333,0.875,0.0262553752466943,0.865,0.898333333333333,40,0.92825,0.931666666666667,0.0211760696524621,0.916666666666667,0.940833333333333,40
"cells",24,250,2,"gradient","slope","marker",0.01,0.0738333333333333,0.0683333333333333,0.0246057228189215,0.0591666666666667,0.085,40,0.881333333333333,0.875,0.0262553752466943,0.865,0.898333333333333,40,0.92825,0.931666666666667,0.0211760696524621,0.916666666666667,0.940833333333333,40
"cells",24,250,2,"gradient","slope","marker",0.1,0.297833333333333,0.301666666666667,0.0485900931363292,0.269166666666667,0.321666666666667,40,0.881333333333333,0.875,0.0262553752466943,0.865,0.898333333333333,40,0.92825,0.931666666666667,0.0211760696524621,0.916666666666667,0.940833333333333,40
"cells",24,250,2,"gradient","slope","marker",0.05,0.206583333333333,0.203333333333333,0.0417050250786295,0.183333333333333,0.234166666666667,40,0.881333333333333,0.875,0.0262553752466943,0.865,0.898333333333333,40,0.92825,0.931666666666667,0.0211760696524621,0.916666666666667,0.940833333333333,40
"cells",24,500,2,"gradient","fixed","all",0.05,0.325222222222222,0.325555555555556,0.00435958880647821,0.322222222222222,0.327777777777778,40,0.459527777777778,0.46,0.0242192260098326,0.439722222222222,0.476666666666667,40,0.926194444444444,0.927777777777778,0.0123878635887104,0.917777777777778,0.934444444444444,40
"cells",24,500,2,"gradient","fixed","all",0.01,0.318944444444444,0.318333333333333,0.00528365993999489,0.315555555555556,0.323611111111111,40,0.459527777777778,0.46,0.0242192260098326,0.439722222222222,0.476666666666667,40,0.926194444444444,0.927777777777778,0.0123878635887104,0.917777777777778,0.934444444444444,40
"cells",24,500,2,"gradient","fixed","all",0.1,0.3285,0.328888888888889,0.00403019624807991,0.325277777777778,0.330277777777778,40,0.459527777777778,0.46,0.0242192260098326,0.439722222222222,0.476666666666667,40,0.926194444444444,0.927777777777778,0.0123878635887104,0.917777777777778,0.934444444444444,40
"cells",24,500,2,"gradient","fixed","all",0.2,0.332416666666667,0.333333333333333,0.00472000115355092,0.327777777777778,0.335555555555556,40,0.459527777777778,0.46,0.0242192260098326,0.439722222222222,0.476666666666667,40,0.926194444444444,0.927777777777778,0.0123878635887104,0.917777777777778,0.934444444444444,40
"cells",24,500,2,"gradient","fixed","background",0.01,0,0,0,0,0,40,0.00108333333333333,0,0.00205168265319023,0,0.000833333333333333,40,0.846916666666667,0.853333333333333,0.0303013121113511,0.825833333333333,0.860833333333333,40
"cells",24,500,2,"gradient","fixed","background",0.2,0,0,0,0,0,40,0.00108333333333333,0,0.00205168265319023,0,0.000833333333333333,40,0.846916666666667,0.853333333333333,0.0303013121113511,0.825833333333333,0.860833333333333,40
"cells",24,500,2,"gradient","fixed","background",0.05,0,0,0,0,0,40,0.00108333333333333,0,0.00205168265319023,0,0.000833333333333333,40,0.846916666666667,0.853333333333333,0.0303013121113511,0.825833333333333,0.860833333333333,40
"cells",24,500,2,"gradient","fixed","background",0.1,0,0,0,0,0,40,0.00108333333333333,0,0.00205168265319023,0,0.000833333333333333,40,0.846916666666667,0.853333333333333,0.0303013121113511,0.825833333333333,0.860833333333333,40
"cells",24,500,2,"gradient","fixed","housekeeping",0.01,0.956166666666667,0.953333333333333,0.0154799751172161,0.945833333333333,0.970833333333333,40,0.994083333333333,0.993333333333333,0.00596702715809248,0.993333333333333,0.996666666666667,40,0.97775,0.98,0.0179010814742774,0.97,0.990833333333333,40
"cells",24,500,2,"gradient","fixed","housekeeping",0.05,0.97125,0.97,0.0116864910933126,0.965833333333333,0.9775,40,0.994083333333333,0.993333333333333,0.00596702715809248,0.993333333333333,0.996666666666667,40,0.97775,0.98,0.0179010814742774,0.97,0.990833333333333,40
"cells",24,500,2,"gradient","fixed","housekeeping",0.2,0.980416666666667,0.981666666666667,0.00867873912619297,0.973333333333333,0.986666666666667,40,0.994083333333333,0.993333333333333,0.00596702715809248,0.993333333333333,0.996666666666667,40,0.97775,0.98,0.0179010814742774,0.97,0.990833333333333,40
"cells",24,500,2,"gradient","fixed","housekeeping",0.1,0.977083333333333,0.976666666666667,0.00906411163093877,0.97,0.983333333333333,40,0.994083333333333,0.993333333333333,0.00596702715809248,0.993333333333333,0.996666666666667,40,0.97775,0.98,0.0179010814742774,0.97,0.990833333333333,40
"cells",24,500,2,"gradient","fixed","marker",0.01,0.000666666666666667,0,0.00135031915611156,0,0,40,0.383416666666667,0.381666666666667,0.0719943314482728,0.336666666666667,0.428333333333333,40,0.953916666666667,0.956666666666667,0.0141398690742134,0.946666666666667,0.963333333333333,40
"cells",24,500,2,"gradient","fixed","marker",0.05,0.00441666666666667,0.00333333333333333,0.00497214463005877,0,0.00666666666666667,40,0.383416666666667,0.381666666666667,0.0719943314482728,0.336666666666667,0.428333333333333,40,0.953916666666667,0.956666666666667,0.0141398690742134,0.946666666666667,0.963333333333333,40
"cells",24,500,2,"gradient","fixed","marker",0.2,0.0168333333333333,0.0133333333333333,0.0107536517351561,0.00916666666666667,0.0233333333333333,40,0.383416666666667,0.381666666666667,0.0719943314482728,0.336666666666667,0.428333333333333,40,0.953916666666667,0.956666666666667,0.0141398690742134,0.946666666666667,0.963333333333333,40
"cells",24,500,2,"gradient","fixed","marker",0.1,0.00841666666666667,0.01,0.00635993065596772,0.00333333333333333,0.0108333333333333,40,0.383416666666667,0.381666666666667,0.0719943314482728,0.336666666666667,0.428333333333333,40,0.953916666666667,0.956666666666667,0.0141398690742134,0.946666666666667,0.963333333333333,40
"cells",24,500,2,"gradient","intercept","all",0.2,0.627194444444444,0.625,0.0261257914723551,0.615277777777778,0.646388888888889,40,0.868888888888889,0.871111111111111,0.0161956227305877,0.859722222222222,0.881111111111111,40,0.934916666666667,0.933333333333333,0.0111761274432626,0.9275,0.941666666666667,40
"cells",24,500,2,"gradient","intercept","all",0.1,0.577055555555556,0.578333333333333,0.0258389464845015,0.565277777777778,0.593333333333333,40,0.868888888888889,0.871111111111111,0.0161956227305877,0.859722222222222,0.881111111111111,40,0.934916666666667,0.933333333333333,0.0111761274432626,0.9275,0.941666666666667,40
"cells",24,500,2,"gradient","intercept","all",0.05,0.531638888888889,0.533888888888889,0.0265786623593849,0.518055555555555,0.546944444444444,40,0.868888888888889,0.871111111111111,0.0161956227305877,0.859722222222222,0.881111111111111,40,0.934916666666667,0.933333333333333,0.0111761274432626,0.9275,0.941666666666667,40
"cells",24,500,2,"gradient","intercept","all",0.01,0.441666666666667,0.441666666666667,0.0238757997666729,0.424166666666667,0.461666666666667,40,0.868888888888889,0.871111111111111,0.0161956227305877,0.859722222222222,0.881111111111111,40,0.934916666666667,0.933333333333333,0.0111761274432626,0.9275,0.941666666666667,40
"cells",24,500,2,"gradient","intercept","background",0.2,0.115166666666667,0.115,0.040445876747438,0.095,0.1375,40,0.637416666666667,0.636666666666667,0.0418278080595377,0.615833333333333,0.664166666666667,40,0.860333333333333,0.855,0.0257845555486866,0.845833333333333,0.8775,40
"cells",24,500,2,"gradient","intercept","background",0.01,0.000583333333333333,0,0.00166880205084374,0,0,40,0.637416666666667,0.636666666666667,0.0418278080595377,0.615833333333333,0.664166666666667,40,0.860333333333333,0.855,0.0257845555486866,0.845833333333333,0.8775,40
"cells",24,500,2,"gradient","intercept","background",0.1,0.0546666666666667,0.0566666666666667,0.0281509970068314,0.0358333333333333,0.0666666666666667,40,0.637416666666667,0.636666666666667,0.0418278080595377,0.615833333333333,0.664166666666667,40,0.860333333333333,0.855,0.0257845555486866,0.845833333333333,0.8775,40
"cells",24,500,2,"gradient","intercept","background",0.05,0.01975,0.0166666666666667,0.0147222625382451,0.01,0.0275,40,0.637416666666667,0.636666666666667,0.0418278080595377,0.615833333333333,0.664166666666667,40,0.860333333333333,0.855,0.0257845555486866,0.845833333333333,0.8775,40
"cells",24,500,2,"gradient","intercept","housekeeping",0.1,0.982083333333333,0.983333333333333,0.0111628070890911,0.973333333333333,0.99,40,0.9835,0.985,0.0104308877284447,0.973333333333333,0.990833333333333,40,0.979416666666667,0.978333333333333,0.0152077259567277,0.97,0.993333333333333,40
"cells",24,500,2,"gradient","intercept","housekeeping",0.05,0.98125,0.981666666666667,0.0117351470043487,0.9725,0.99,40,0.9835,0.985,0.0104308877284447,0.973333333333333,0.990833333333333,40,0.979416666666667,0.978333333333333,0.0152077259567277,0.97,0.993333333333333,40
"cells",24,500,2,"gradient","intercept","housekeeping",0.2,0.982666666666667,0.983333333333333,0.0109959847631615,0.973333333333333,0.99,40,0.9835,0.985,0.0104308877284447,0.973333333333333,0.990833333333333,40,0.979416666666667,0.978333333333333,0.0152077259567277,0.97,0.993333333333333,40
"cells",24,500,2,"gradient","intercept","housekeeping",0.01,0.97775,0.98,0.0129735101577008,0.97,0.9875,40,0.9835,0.985,0.0104308877284447,0.973333333333333,0.990833333333333,40,0.979416666666667,0.978333333333333,0.0152077259567277,0.97,0.993333333333333,40
"cells",24,500,2,"gradient","intercept","marker",0.2,0.78375,0.78,0.0488277832965252,0.745833333333333,0.813333333333333,40,0.98575,0.986666666666667,0.00812955986445413,0.9825,0.993333333333333,40,0.965,0.966666666666667,0.012030350981137,0.956666666666667,0.976666666666667,40
"cells",24,500,2,"gradient","intercept","marker",0.01,0.346666666666667,0.34,0.0681041602119624,0.293333333333333,0.393333333333333,40,0.98575,0.986666666666667,0.00812955986445413,0.9825,0.993333333333333,40,0.965,0.966666666666667,0.012030350981137,0.956666666666667,0.976666666666667,40
"cells",24,500,2,"gradient","intercept","marker",0.1,0.694416666666667,0.696666666666667,0.0579929630272826,0.654166666666667,0.723333333333333,40,0.98575,0.986666666666667,0.00812955986445413,0.9825,0.993333333333333,40,0.965,0.966666666666667,0.012030350981137,0.956666666666667,0.976666666666667,40
"cells",24,500,2,"gradient","intercept","marker",0.05,0.593916666666667,0.601666666666667,0.0701641847420236,0.5525,0.6275,40,0.98575,0.986666666666667,0.00812955986445413,0.9825,0.993333333333333,40,0.965,0.966666666666667,0.012030350981137,0.956666666666667,0.976666666666667,40
"cells",24,500,2,"gradient","slope","all",0.1,0.588527777777778,0.592777777777778,0.0254797432405863,0.573888888888889,0.602222222222222,40,0.875083333333333,0.877222222222222,0.0148749935159235,0.865277777777778,0.884722222222222,40,0.934972222222222,0.934444444444444,0.0110367526111079,0.926666666666667,0.943333333333333,40
"cells",24,500,2,"gradient","slope","all",0.2,0.638083333333333,0.636666666666667,0.0248209638594793,0.6175,0.654166666666667,40,0.875083333333333,0.877222222222222,0.0148749935159235,0.865277777777778,0.884722222222222,40,0.934972222222222,0.934444444444444,0.0110367526111079,0.926666666666667,0.943333333333333,40
"cells",24,500,2,"gradient","slope","all",0.01,0.449833333333333,0.448888888888889,0.0236941977021451,0.431111111111111,0.463888888888889,40,0.875083333333333,0.877222222222222,0.0148749935159235,0.865277777777778,0.884722222222222,40,0.934972222222222,0.934444444444444,0.0110367526111079,0.926666666666667,0.943333333333333,40
"cells",24,500,2,"gradient","slope","all",0.05,0.541305555555556,0.542222222222222,0.027118544938513,0.520555555555556,0.555555555555556,40,0.875083333333333,0.877222222222222,0.0148749935159235,0.865277777777778,0.884722222222222,40,0.934972222222222,0.934444444444444,0.0110367526111079,0.926666666666667,0.943333333333333,40
"cells",24,500,2,"gradient","slope","background",0.01,0.00116666666666667,0,0.00287933990535996,0,0,40,0.651916666666667,0.66,0.0384817824216548,0.6275,0.6775,40,0.858833333333333,0.855,0.0271489507544127,0.844166666666667,0.8775,40
"cells",24,500,2,"gradient","slope","background",0.1,0.0685833333333333,0.0666666666666667,0.0291169906635137,0.0525,0.0866666666666667,40,0.651916666666667,0.66,0.0384817824216548,0.6275,0.6775,40,0.858833333333333,0.855,0.0271489507544127,0.844166666666667,0.8775,40
"cells",24,500,2,"gradient","slope","background",0.2,0.132,0.13,0.0388935284167759,0.113333333333333,0.164166666666667,40,0.651916666666667,0.66,0.0384817824216548,0.6275,0.6775,40,0.858833333333333,0.855,0.0271489507544127,0.844166666666667,0.8775,40
"cells",24,500,2,"gradient","slope","background",0.05,0.02725,0.0233333333333333,0.0173597349881961,0.0166666666666667,0.0375,40,0.651916666666667,0.66,0.0384817824216548,0.6275,0.6775,40,0.858833333333333,0.855,0.0271489507544127,0.844166666666667,0.8775,40
"cells",24,500,2,"gradient","slope","housekeeping",0.1,0.984583333333333,0.985,0.00879288432852467,0.979166666666667,0.99,40,0.9865,0.986666666666667,0.00798681249242611,0.98,0.993333333333333,40,0.983166666666667,0.985,0.0120764421847022,0.976666666666667,0.993333333333333,40
"cells",24,500,2,"gradient","slope","housekeeping",0.2,0.985,0.985,0.00837170652169975,0.98,0.99,40,0.9865,0.986666666666667,0.00798681249242611,0.98,0.993333333333333,40,0.983166666666667,0.985,0.0120764421847022,0.976666666666667,0.993333333333333,40
"cells",24,500,2,"gradient","slope","housekeeping",0.05,0.984166666666667,0.985,0.00911309130034551,0.976666666666667,0.99,40,0.9865,0.986666666666667,0.00798681249242611,0.98,0.993333333333333,40,0.983166666666667,0.985,0.0120764421847022,0.976666666666667,0.993333333333333,40
"cells",24,500,2,"gradient","slope","housekeeping",0.01,0.9815,0.98,0.0102100447719398,0.975833333333333,0.99,40,0.9865,0.986666666666667,0.00798681249242611,0.98,0.993333333333333,40,0.983166666666667,0.985,0.0120764421847022,0.976666666666667,0.993333333333333,40
"cells",24,500,2,"gradient","slope","marker",0.01,0.366833333333333,0.366666666666667,0.0670881972542579,0.315,0.405,40,0.986833333333333,0.986666666666667,0.00908804668741268,0.98,0.993333333333333,40,0.962916666666667,0.961666666666667,0.0142062042543474,0.953333333333333,0.976666666666667,40
"cells",24,500,2,"gradient","slope","marker",0.2,0.79725,0.796666666666667,0.0492096364453988,0.756666666666667,0.826666666666667,40,0.986833333333333,0.986666666666667,0.00908804668741268,0.98,0.993333333333333,40,0.962916666666667,0.961666666666667,0.0142062042543474,0.953333333333333,0.976666666666667,40
"cells",24,500,2,"gradient","slope","marker",0.1,0.712416666666667,0.718333333333333,0.0549954025532526,0.669166666666667,0.743333333333333,40,0.986833333333333,0.986666666666667,0.00908804668741268,0.98,0.993333333333333,40,0.962916666666667,0.961666666666667,0.0142062042543474,0.953333333333333,0.976666666666667,40
"cells",24,500,2,"gradient","slope","marker",0.05,0.6125,0.62,0.0705604345846518,0.5525,0.651666666666667,40,0.986833333333333,0.986666666666667,0.00908804668741268,0.98,0.993333333333333,40,0.962916666666667,0.961666666666667,0.0142062042543474,0.953333333333333,0.976666666666667,40
"effect",24,300,1,"gradient","fixed","all",0.01,0.0516111111111111,0.0516666666666667,0.013425488744233,0.0416666666666667,0.0608333333333333,40,0.275138888888889,0.277222222222222,0.0125018200637594,0.269444444444444,0.283611111111111,40,0.760138888888889,0.763333333333333,0.0176673699442524,0.754166666666667,0.767777777777778,40
"effect",24,300,1,"gradient","fixed","all",0.1,0.105083333333333,0.106111111111111,0.0201731779023368,0.0911111111111111,0.116666666666667,40,0.275138888888889,0.277222222222222,0.0125018200637594,0.269444444444444,0.283611111111111,40,0.760138888888889,0.763333333333333,0.0176673699442524,0.754166666666667,0.767777777777778,40
"effect",24,300,1,"gradient","fixed","all",0.2,0.127083333333333,0.128888888888889,0.0184363204227754,0.111666666666667,0.138333333333333,40,0.275138888888889,0.277222222222222,0.0125018200637594,0.269444444444444,0.283611111111111,40,0.760138888888889,0.763333333333333,0.0176673699442524,0.754166666666667,0.767777777777778,40
"effect",24,300,1,"gradient","fixed","all",0.05,0.0851111111111111,0.085,0.0176792139499453,0.0727777777777778,0.0980555555555556,40,0.275138888888889,0.277222222222222,0.0125018200637594,0.269444444444444,0.283611111111111,40,0.760138888888889,0.763333333333333,0.0176673699442524,0.754166666666667,0.767777777777778,40
"effect",24,300,1,"gradient","fixed","background",0.01,0,0,0,0,0,40,0,0,0,0,0,40,0.601083333333333,0.601666666666667,0.0322595201169614,0.579166666666667,0.620833333333333,40
"effect",24,300,1,"gradient","fixed","background",0.2,0,0,0,0,0,40,0,0,0,0,0,40,0.601083333333333,0.601666666666667,0.0322595201169614,0.579166666666667,0.620833333333333,40
"effect",24,300,1,"gradient","fixed","background",0.05,0,0,0,0,0,40,0,0,0,0,0,40,0.601083333333333,0.601666666666667,0.0322595201169614,0.579166666666667,0.620833333333333,40
"effect",24,300,1,"gradient","fixed","background",0.1,0,0,0,0,0,40,0,0,0,0,0,40,0.601083333333333,0.601666666666667,0.0322595201169614,0.579166666666667,0.620833333333333,40
"effect",24,300,1,"gradient","fixed","housekeeping",0.1,0.31525,0.318333333333333,0.0605195337070103,0.273333333333333,0.35,40,0.819,0.825,0.035124524106843,0.805833333333333,0.838333333333333,40,0.938083333333333,0.941666666666667,0.0187635990570213,0.928333333333333,0.95,40
"effect",24,300,1,"gradient","fixed","housekeeping",0.01,0.154833333333333,0.155,0.0402764662326989,0.125,0.1825,40,0.819,0.825,0.035124524106843,0.805833333333333,0.838333333333333,40,0.938083333333333,0.941666666666667,0.0187635990570213,0.928333333333333,0.95,40
"effect",24,300,1,"gradient","fixed","housekeeping",0.2,0.38125,0.386666666666667,0.0553089612683261,0.335,0.415,40,0.819,0.825,0.035124524106843,0.805833333333333,0.838333333333333,40,0.938083333333333,0.941666666666667,0.0187635990570213,0.928333333333333,0.95,40
"effect",24,300,1,"gradient","fixed","housekeeping",0.05,0.255333333333333,0.255,0.0530376418498358,0.218333333333333,0.294166666666667,40,0.819,0.825,0.035124524106843,0.805833333333333,0.838333333333333,40,0.938083333333333,0.941666666666667,0.0187635990570213,0.928333333333333,0.95,40
"effect",24,300,1,"gradient","fixed","marker",0.01,0,0,0,0,0,40,0.00641666666666667,0.00666666666666667,0.0053048115556564,0.0025,0.01,40,0.74125,0.74,0.0330387625231308,0.725,0.763333333333333,40
"effect",24,300,1,"gradient","fixed","marker",0.1,0,0,0,0,0,40,0.00641666666666667,0.00666666666666667,0.0053048115556564,0.0025,0.01,40,0.74125,0.74,0.0330387625231308,0.725,0.763333333333333,40
"effect",24,300,1,"gradient","fixed","marker",0.2,0,0,0,0,0,40,0.00641666666666667,0.00666666666666667,0.0053048115556564,0.0025,0.01,40,0.74125,0.74,0.0330387625231308,0.725,0.763333333333333,40
"effect",24,300,1,"gradient","fixed","marker",0.05,0,0,0,0,0,40,0.00641666666666667,0.00666666666666667,0.0053048115556564,0.0025,0.01,40,0.74125,0.74,0.0330387625231308,0.725,0.763333333333333,40
"effect",24,300,1,"gradient","intercept","all",0.1,0.0839722222222222,0.0833333333333333,0.0262694628551059,0.0630555555555556,0.105833333333333,40,0.485638888888889,0.487222222222222,0.0267003437632369,0.468333333333333,0.501944444444444,40,0.776666666666667,0.778333333333333,0.0155270393894027,0.771944444444445,0.786666666666667,40
"effect",24,300,1,"gradient","intercept","all",0.05,0.0443611111111111,0.0427777777777778,0.0225297629464571,0.0269444444444444,0.0613888888888889,40,0.485638888888889,0.487222222222222,0.0267003437632369,0.468333333333333,0.501944444444444,40,0.776666666666667,0.778333333333333,0.0155270393894027,0.771944444444445,0.786666666666667,40
"effect",24,300,1,"gradient","intercept","all",0.01,0.0103333333333333,0.00888888888888889,0.00869154148127196,0.00416666666666667,0.0141666666666667,40,0.485638888888889,0.487222222222222,0.0267003437632369,0.468333333333333,0.501944444444444,40,0.776666666666667,0.778333333333333,0.0155270393894027,0.771944444444445,0.786666666666667,40
"effect",24,300,1,"gradient","intercept","all",0.2,0.129,0.134444444444444,0.0304631339892496,0.105555555555556,0.145833333333333,40,0.485638888888889,0.487222222222222,0.0267003437632369,0.468333333333333,0.501944444444444,40,0.776666666666667,0.778333333333333,0.0155270393894027,0.771944444444445,0.786666666666667,40
"effect",24,300,1,"gradient","intercept","background",0.2,0.000583333333333333,0,0.00128269214751598,0,0,40,0.144416666666667,0.136666666666667,0.0362044487357853,0.12,0.164166666666667,40,0.60925,0.606666666666667,0.0302080865006125,0.589166666666667,0.634166666666667,40
"effect",24,300,1,"gradient","intercept","background",0.01,0,0,0,0,0,40,0.144416666666667,0.136666666666667,0.0362044487357853,0.12,0.164166666666667,40,0.60925,0.606666666666667,0.0302080865006125,0.589166666666667,0.634166666666667,40
"effect",24,300,1,"gradient","intercept","background",0.1,8.33333333333333e-05,0,0.00052704627669473,0,0,40,0.144416666666667,0.136666666666667,0.0362044487357853,0.12,0.164166666666667,40,0.60925,0.606666666666667,0.0302080865006125,0.589166666666667,0.634166666666667,40
"effect",24,300,1,"gradient","intercept","background",0.05,0,0,0,0,0,40,0.144416666666667,0.136666666666667,0.0362044487357853,0.12,0.164166666666667,40,0.60925,0.606666666666667,0.0302080865006125,0.589166666666667,0.634166666666667,40
"effect",24,300,1,"gradient","intercept","housekeeping",0.1,0.246166666666667,0.245,0.0760999118343549,0.1825,0.313333333333333,40,0.920083333333333,0.923333333333333,0.0246281461755769,0.903333333333333,0.936666666666667,40,0.966333333333333,0.966666666666667,0.0140369881754256,0.956666666666667,0.971666666666667,40
"effect",24,300,1,"gradient","intercept","housekeeping",0.05,0.131916666666667,0.128333333333333,0.0668454333953485,0.0808333333333333,0.183333333333333,40,0.920083333333333,0.923333333333333,0.0246281461755769,0.903333333333333,0.936666666666667,40,0.966333333333333,0.966666666666667,0.0140369881754256,0.956666666666667,0.971666666666667,40
"effect",24,300,1,"gradient","intercept","housekeeping",0.01,0.031,0.0266666666666667,0.0260746244438159,0.0125,0.0425,40,0.920083333333333,0.923333333333333,0.0246281461755769,0.903333333333333,0.936666666666667,40,0.966333333333333,0.966666666666667,0.0140369881754256,0.956666666666667,0.971666666666667,40
"effect",24,300,1,"gradient","intercept","housekeeping",0.2,0.370166666666667,0.383333333333333,0.084953313808618,0.310833333333333,0.4225,40,0.920083333333333,0.923333333333333,0.0246281461755769,0.903333333333333,0.936666666666667,40,0.966333333333333,0.966666666666667,0.0140369881754256,0.956666666666667,0.971666666666667,40
"effect",24,300,1,"gradient","intercept","marker",0.2,0.01625,0.0166666666666667,0.00921993072138411,0.01,0.0233333333333333,40,0.392416666666667,0.391666666666667,0.0434350384379082,0.3675,0.4175,40,0.754416666666667,0.758333333333333,0.0320112827331587,0.7375,0.773333333333333,40
"effect",24,300,1,"gradient","intercept","marker",0.1,0.00566666666666667,0.00333333333333333,0.00490362968071449,0.00333333333333333,0.0075,40,0.392416666666667,0.391666666666667,0.0434350384379082,0.3675,0.4175,40,0.754416666666667,0.758333333333333,0.0320112827331587,0.7375,0.773333333333333,40
"effect",24,300,1,"gradient","intercept","marker",0.05,0.00116666666666667,0,0.00193188864383891,0,0.00333333333333333,40,0.392416666666667,0.391666666666667,0.0434350384379082,0.3675,0.4175,40,0.754416666666667,0.758333333333333,0.0320112827331587,0.7375,0.773333333333333,40
"effect",24,300,1,"gradient","intercept","marker",0.01,0,0,0,0,0,40,0.392416666666667,0.391666666666667,0.0434350384379082,0.3675,0.4175,40,0.754416666666667,0.758333333333333,0.0320112827331587,0.7375,0.773333333333333,40
"effect",24,300,1,"gradient","slope","all",0.2,0.125555555555556,0.131111111111111,0.0317745699972822,0.101944444444444,0.144444444444444,40,0.494805555555556,0.497222222222222,0.0256765222010176,0.477222222222222,0.509166666666667,40,0.773583333333333,0.776111111111111,0.0161574390402877,0.7675,0.784722222222222,40
"effect",24,300,1,"gradient","slope","all",0.1,0.0778055555555556,0.0788888888888889,0.0273320217182351,0.0608333333333333,0.0877777777777778,40,0.494805555555556,0.497222222222222,0.0256765222010176,0.477222222222222,0.509166666666667,40,0.773583333333333,0.776111111111111,0.0161574390402877,0.7675,0.784722222222222,40
"effect",24,300,1,"gradient","slope","all",0.05,0.0388888888888889,0.0388888888888889,0.0208569192225392,0.0252777777777778,0.0547222222222222,40,0.494805555555556,0.497222222222222,0.0256765222010176,0.477222222222222,0.509166666666667,40,0.773583333333333,0.776111111111111,0.0161574390402877,0.7675,0.784722222222222,40
"effect",24,300,1,"gradient","slope","all",0.01,0.00613888888888889,0.005,0.00577069201711908,0.00111111111111111,0.01,40,0.494805555555556,0.497222222222222,0.0256765222010176,0.477222222222222,0.509166666666667,40,0.773583333333333,0.776111111111111,0.0161574390402877,0.7675,0.784722222222222,40
"effect",24,300,1,"gradient","slope","background",0.2,0.00125,0,0.00195206078556517,0,0.00333333333333333,40,0.164833333333333,0.165,0.036623517734948,0.145833333333333,0.184166666666667,40,0.605833333333333,0.6,0.0305201815440453,0.586666666666667,0.630833333333333,40
"effect",24,300,1,"gradient","slope","background",0.1,8.33333333333333e-05,0,0.00052704627669473,0,0,40,0.164833333333333,0.165,0.036623517734948,0.145833333333333,0.184166666666667,40,0.605833333333333,0.6,0.0305201815440453,0.586666666666667,0.630833333333333,40
"effect",24,300,1,"gradient","slope","background",0.01,0,0,0,0,0,40,0.164833333333333,0.165,0.036623517734948,0.145833333333333,0.184166666666667,40,0.605833333333333,0.6,0.0305201815440453,0.586666666666667,0.630833333333333,40
"effect",24,300,1,"gradient","slope","background",0.05,0,0,0,0,0,40,0.164833333333333,0.165,0.036623517734948,0.145833333333333,0.184166666666667,40,0.605833333333333,0.6,0.0305201815440453,0.586666666666667,0.630833333333333,40
"effect",24,300,1,"gradient","slope","housekeeping",0.1,0.227333333333333,0.23,0.0783126904969909,0.179166666666667,0.2625,40,0.91975,0.923333333333333,0.0236834237052956,0.903333333333333,0.935,40,0.96875,0.97,0.0138713564554635,0.959166666666667,0.976666666666667,40
"effect",24,300,1,"gradient","slope","housekeeping",0.05,0.115583333333333,0.116666666666667,0.0619456038372202,0.0758333333333333,0.164166666666667,40,0.91975,0.923333333333333,0.0236834237052956,0.903333333333333,0.935,40,0.96875,0.97,0.0138713564554635,0.959166666666667,0.976666666666667,40
"effect",24,300,1,"gradient","slope","housekeeping",0.2,0.357083333333333,0.368333333333333,0.0865389838540743,0.285833333333333,0.403333333333333,40,0.91975,0.923333333333333,0.0236834237052956,0.903333333333333,0.935,40,0.96875,0.97,0.0138713564554635,0.959166666666667,0.976666666666667,40
"effect",24,300,1,"gradient","slope","housekeeping",0.01,0.0184166666666667,0.015,0.0173120760513573,0.00333333333333333,0.03,40,0.91975,0.923333333333333,0.0236834237052956,0.903333333333333,0.935,40,0.96875,0.97,0.0138713564554635,0.959166666666667,0.976666666666667,40
"effect",24,300,1,"gradient","slope","marker",0.2,0.0183333333333333,0.0166666666666667,0.0109127594625887,0.01,0.0266666666666667,40,0.399833333333333,0.398333333333333,0.0441310532114276,0.363333333333333,0.426666666666667,40,0.746166666666667,0.751666666666667,0.0324722103412201,0.7325,0.7675,40
"effect",24,300,1,"gradient","slope","marker",0.01,0,0,0,0,0,40,0.399833333333333,0.398333333333333,0.0441310532114276,0.363333333333333,0.426666666666667,40,0.746166666666667,0.751666666666667,0.0324722103412201,0.7325,0.7675,40
"effect",24,300,1,"gradient","slope","marker",0.1,0.006,0.00333333333333333,0.00540127662444622,0.00333333333333333,0.00666666666666667,40,0.399833333333333,0.398333333333333,0.0441310532114276,0.363333333333333,0.426666666666667,40,0.746166666666667,0.751666666666667,0.0324722103412201,0.7325,0.7675,40
"effect",24,300,1,"gradient","slope","marker",0.05,0.00108333333333333,0,0.00175208463545588,0,0.00333333333333333,40,0.399833333333333,0.398333333333333,0.0441310532114276,0.363333333333333,0.426666666666667,40,0.746166666666667,0.751666666666667,0.0324722103412201,0.7325,0.7675,40
"effect",24,300,1.5,"gradient","fixed","all",0.1,0.263027777777778,0.261111111111111,0.0143222698528734,0.256388888888889,0.271388888888889,40,0.34175,0.341111111111111,0.00776713761416107,0.334444444444444,0.345555555555556,40,0.854666666666667,0.853333333333333,0.0147431314186163,0.845555555555556,0.864444444444444,40
"effect",24,300,1.5,"gradient","fixed","all",0.01,0.217638888888889,0.215555555555556,0.0185194088105081,0.208611111111111,0.229444444444444,40,0.34175,0.341111111111111,0.00776713761416107,0.334444444444444,0.345555555555556,40,0.854666666666667,0.853333333333333,0.0147431314186163,0.845555555555556,0.864444444444444,40
"effect",24,300,1.5,"gradient","fixed","all",0.05,0.250388888888889,0.249444444444444,0.0154730207663725,0.243333333333333,0.262222222222222,40,0.34175,0.341111111111111,0.00776713761416107,0.334444444444444,0.345555555555556,40,0.854666666666667,0.853333333333333,0.0147431314186163,0.845555555555556,0.864444444444444,40
"effect",24,300,1.5,"gradient","fixed","all",0.2,0.276416666666667,0.275555555555556,0.0121650761946817,0.270833333333333,0.281388888888889,40,0.34175,0.341111111111111,0.00776713761416107,0.334444444444444,0.345555555555556,40,0.854666666666667,0.853333333333333,0.0147431314186163,0.845555555555556,0.864444444444444,40
"effect",24,300,1.5,"gradient","fixed","background",0.2,0,0,0,0,0,40,0.000166666666666667,0,0.000735738092877174,0,0,40,0.7075,0.708333333333333,0.0283923467879173,0.693333333333333,0.725,40
"effect",24,300,1.5,"gradient","fixed","background",0.1,0,0,0,0,0,40,0.000166666666666667,0,0.000735738092877174,0,0,40,0.7075,0.708333333333333,0.0283923467879173,0.693333333333333,0.725,40
"effect",24,300,1.5,"gradient","fixed","background",0.05,0,0,0,0,0,40,0.000166666666666667,0,0.000735738092877174,0,0,40,0.7075,0.708333333333333,0.0283923467879173,0.693333333333333,0.725,40
"effect",24,300,1.5,"gradient","fixed","background",0.01,0,0,0,0,0,40,0.000166666666666667,0,0.000735738092877174,0,0,40,0.7075,0.708333333333333,0.0283923467879173,0.693333333333333,0.725,40
"effect",24,300,1.5,"gradient","fixed","housekeeping",0.1,0.789,0.783333333333333,0.0428619994534902,0.769166666666667,0.814166666666667,40,0.976916666666667,0.976666666666667,0.00961917304286029,0.97,0.984166666666667,40,0.98375,0.985,0.0109956608898492,0.98,0.993333333333333,40
"effect",24,300,1.5,"gradient","fixed","housekeeping",0.01,0.652916666666667,0.646666666666667,0.0555582264315243,0.625833333333333,0.688333333333333,40,0.976916666666667,0.976666666666667,0.00961917304286029,0.97,0.984166666666667,40,0.98375,0.985,0.0109956608898492,0.98,0.993333333333333,40
"effect",24,300,1.5,"gradient","fixed","housekeeping",0.2,0.829083333333333,0.826666666666667,0.0363661930919364,0.8125,0.844166666666667,40,0.976916666666667,0.976666666666667,0.00961917304286029,0.97,0.984166666666667,40,0.98375,0.985,0.0109956608898492,0.98,0.993333333333333,40
"effect",24,300,1.5,"gradient","fixed","housekeeping",0.05,0.751166666666667,0.748333333333333,0.0464190622991174,0.73,0.786666666666667,40,0.976916666666667,0.976666666666667,0.00961917304286029,0.97,0.984166666666667,40,0.98375,0.985,0.0109956608898492,0.98,0.993333333333333,40
"effect",24,300,1.5,"gradient","fixed","marker",0.2,0.000166666666666667,0,0.000735738092877174,0,0,40,0.0481666666666667,0.0433333333333333,0.0192146371082641,0.0333333333333333,0.0575,40,0.87275,0.873333333333333,0.0234476746670847,0.8625,0.885,40
"effect",24,300,1.5,"gradient","fixed","marker",0.1,8.33333333333333e-05,0,0.00052704627669473,0,0,40,0.0481666666666667,0.0433333333333333,0.0192146371082641,0.0333333333333333,0.0575,40,0.87275,0.873333333333333,0.0234476746670847,0.8625,0.885,40
"effect",24,300,1.5,"gradient","fixed","marker",0.05,0,0,0,0,0,40,0.0481666666666667,0.0433333333333333,0.0192146371082641,0.0333333333333333,0.0575,40,0.87275,0.873333333333333,0.0234476746670847,0.8625,0.885,40
"effect",24,300,1.5,"gradient","fixed","marker",0.01,0,0,0,0,0,40,0.0481666666666667,0.0433333333333333,0.0192146371082641,0.0333333333333333,0.0575,40,0.87275,0.873333333333333,0.0234476746670847,0.8625,0.885,40
"effect",24,300,1.5,"gradient","intercept","all",0.1,0.333166666666667,0.333333333333333,0.0156094913537529,0.321666666666667,0.345,40,0.671,0.67,0.0133399793502899,0.660833333333333,0.680277777777778,40,0.862222222222222,0.860555555555556,0.0149643450886306,0.853055555555556,0.873333333333333,40
"effect",24,300,1.5,"gradient","intercept","all",0.05,0.300222222222222,0.3,0.0167853325380838,0.290833333333333,0.312222222222222,40,0.671,0.67,0.0133399793502899,0.660833333333333,0.680277777777778,40,0.862222222222222,0.860555555555556,0.0149643450886306,0.853055555555556,0.873333333333333,40
"effect",24,300,1.5,"gradient","intercept","all",0.2,0.372777777777778,0.374444444444444,0.0160384943706617,0.361944444444444,0.382777777777778,40,0.671,0.67,0.0133399793502899,0.660833333333333,0.680277777777778,40,0.862222222222222,0.860555555555556,0.0149643450886306,0.853055555555556,0.873333333333333,40
"effect",24,300,1.5,"gradient","intercept","all",0.01,0.225777777777778,0.226666666666667,0.022515444384558,0.211944444444444,0.236111111111111,40,0.671,0.67,0.0133399793502899,0.660833333333333,0.680277777777778,40,0.862222222222222,0.860555555555556,0.0149643450886306,0.853055555555556,0.873333333333333,40
"effect",24,300,1.5,"gradient","intercept","background",0.2,0.0134166666666667,0.0116666666666667,0.00878640169243671,0.00666666666666667,0.0166666666666667,40,0.291833333333333,0.293333333333333,0.0319182538490897,0.2725,0.313333333333333,40,0.713333333333333,0.71,0.0301279323501017,0.695833333333333,0.733333333333333,40
"effect",24,300,1.5,"gradient","intercept","background",0.01,8.33333333333333e-05,0,0.00052704627669473,0,0,40,0.291833333333333,0.293333333333333,0.0319182538490897,0.2725,0.313333333333333,40,0.713333333333333,0.71,0.0301279323501017,0.695833333333333,0.733333333333333,40
"effect",24,300,1.5,"gradient","intercept","background",0.1,0.00508333333333333,0.00333333333333333,0.00517431196136301,0,0.00666666666666667,40,0.291833333333333,0.293333333333333,0.0319182538490897,0.2725,0.313333333333333,40,0.713333333333333,0.71,0.0301279323501017,0.695833333333333,0.733333333333333,40
"effect",24,300,1.5,"gradient","intercept","background",0.05,0.00116666666666667,0,0.00177831188557946,0,0.00333333333333333,40,0.291833333333333,0.293333333333333,0.0319182538490897,0.2725,0.313333333333333,40,0.713333333333333,0.71,0.0301279323501017,0.695833333333333,0.733333333333333,40
"effect",24,300,1.5,"gradient","intercept","housekeeping",0.1,0.8875,0.886666666666667,0.0270142939898876,0.87,0.904166666666667,40,0.993416666666667,0.993333333333333,0.00486205729497311,0.99,0.996666666666667,40,0.992666666666667,0.993333333333333,0.0076683387251359,0.99,0.9975,40
"effect",24,300,1.5,"gradient","intercept","housekeeping",0.2,0.927333333333333,0.93,0.0215919157605532,0.915833333333333,0.940833333333333,40,0.993416666666667,0.993333333333333,0.00486205729497311,0.99,0.996666666666667,40,0.992666666666667,0.993333333333333,0.0076683387251359,0.99,0.9975,40
"effect",24,300,1.5,"gradient","intercept","housekeeping",0.05,0.836916666666667,0.843333333333333,0.0377982913133759,0.816666666666667,0.851666666666667,40,0.993416666666667,0.993333333333333,0.00486205729497311,0.99,0.996666666666667,40,0.992666666666667,0.993333333333333,0.0076683387251359,0.99,0.9975,40
"effect",24,300,1.5,"gradient","intercept","housekeeping",0.01,0.66425,0.668333333333333,0.0646665234820866,0.625833333333333,0.693333333333333,40,0.993416666666667,0.993333333333333,0.00486205729497311,0.99,0.996666666666667,40,0.992666666666667,0.993333333333333,0.0076683387251359,0.99,0.9975,40
"effect",24,300,1.5,"gradient","intercept","marker",0.2,0.177583333333333,0.175,0.0301844991444945,0.153333333333333,0.204166666666667,40,0.72775,0.725,0.034890038905321,0.699166666666667,0.756666666666667,40,0.880666666666667,0.883333333333333,0.0247517589809204,0.865833333333333,0.893333333333333,40
"effect",24,300,1.5,"gradient","intercept","marker",0.1,0.106916666666667,0.1,0.0270420954952631,0.0883333333333333,0.125,40,0.72775,0.725,0.034890038905321,0.699166666666667,0.756666666666667,40,0.880666666666667,0.883333333333333,0.0247517589809204,0.865833333333333,0.893333333333333,40
"effect",24,300,1.5,"gradient","intercept","marker",0.05,0.0625833333333333,0.0566666666666667,0.0204992877369141,0.0491666666666667,0.0733333333333333,40,0.72775,0.725,0.034890038905321,0.699166666666667,0.756666666666667,40,0.880666666666667,0.883333333333333,0.0247517589809204,0.865833333333333,0.893333333333333,40
"effect",24,300,1.5,"gradient","intercept","marker",0.01,0.013,0.0133333333333333,0.00853349358823881,0.00666666666666667,0.0166666666666667,40,0.72775,0.725,0.034890038905321,0.699166666666667,0.756666666666667,40,0.880666666666667,0.883333333333333,0.0247517589809204,0.865833333333333,0.893333333333333,40
"effect",24,300,1.5,"gradient","slope","all",0.2,0.379583333333333,0.381666666666667,0.018275939688836,0.368055555555556,0.390277777777778,40,0.678416666666667,0.677777777777778,0.0134371256950747,0.669722222222222,0.686944444444444,40,0.861305555555556,0.86,0.0143264686845687,0.852222222222222,0.870555555555556,40
"effect",24,300,1.5,"gradient","slope","all",0.1,0.337277777777778,0.338888888888889,0.0165397829223958,0.327222222222222,0.346666666666667,40,0.678416666666667,0.677777777777778,0.0134371256950747,0.669722222222222,0.686944444444444,40,0.861305555555556,0.86,0.0143264686845687,0.852222222222222,0.870555555555556,40
"effect",24,300,1.5,"gradient","slope","all",0.05,0.302472222222222,0.303333333333333,0.0185147930725619,0.288888888888889,0.313611111111111,40,0.678416666666667,0.677777777777778,0.0134371256950747,0.669722222222222,0.686944444444444,40,0.861305555555556,0.86,0.0143264686845687,0.852222222222222,0.870555555555556,40
"effect",24,300,1.5,"gradient","slope","all",0.01,0.225805555555556,0.224444444444444,0.0233346730045481,0.211111111111111,0.239444444444444,40,0.678416666666667,0.677777777777778,0.0134371256950747,0.669722222222222,0.686944444444444,40,0.861305555555556,0.86,0.0143264686845687,0.852222222222222,0.870555555555556,40
"effect",24,300,1.5,"gradient","slope","background",0.01,8.33333333333333e-05,0,0.00052704627669473,0,0,40,0.307833333333333,0.305,0.0325773241884912,0.285833333333333,0.334166666666667,40,0.711166666666667,0.708333333333333,0.0285504501738275,0.69,0.730833333333333,40
"effect",24,300,1.5,"gradient","slope","background",0.1,0.00575,0.00666666666666667,0.00517431196136301,0.0025,0.0075,40,0.307833333333333,0.305,0.0325773241884912,0.285833333333333,0.334166666666667,40,0.711166666666667,0.708333333333333,0.0285504501738275,0.69,0.730833333333333,40
"effect",24,300,1.5,"gradient","slope","background",0.2,0.01825,0.0166666666666667,0.0104591867224267,0.01,0.0233333333333333,40,0.307833333333333,0.305,0.0325773241884912,0.285833333333333,0.334166666666667,40,0.711166666666667,0.708333333333333,0.0285504501738275,0.69,0.730833333333333,40
"effect",24,300,1.5,"gradient","slope","background",0.05,0.00183333333333333,0,0.00281934707844174,0,0.00333333333333333,40,0.307833333333333,0.305,0.0325773241884912,0.285833333333333,0.334166666666667,40,0.711166666666667,0.708333333333333,0.0285504501738275,0.69,0.730833333333333,40
"effect",24,300,1.5,"gradient","slope","housekeeping",0.1,0.887916666666667,0.888333333333333,0.0265347968071256,0.8725,0.906666666666667,40,0.993166666666667,0.993333333333333,0.00506088288864064,0.99,0.996666666666667,40,0.99425,0.996666666666667,0.00691781217988213,0.993333333333333,1,40
"effect",24,300,1.5,"gradient","slope","housekeeping",0.05,0.8365,0.843333333333333,0.0386374041939803,0.815,0.853333333333333,40,0.993166666666667,0.993333333333333,0.00506088288864064,0.99,0.996666666666667,40,0.99425,0.996666666666667,0.00691781217988213,0.993333333333333,1,40
"effect",24,300,1.5,"gradient","slope","housekeeping",0.2,0.928166666666667,0.93,0.0221101876713066,0.92,0.944166666666667,40,0.993166666666667,0.993333333333333,0.00506088288864064,0.99,0.996666666666667,40,0.99425,0.996666666666667,0.00691781217988213,0.993333333333333,1,40
"effect",24,300,1.5,"gradient","slope","housekeeping",0.01,0.661583333333333,0.661666666666667,0.0663023700443979,0.625833333333333,0.696666666666667,40,0.993166666666667,0.993333333333333,0.00506088288864064,0.99,0.996666666666667,40,0.99425,0.996666666666667,0.00691781217988213,0.993333333333333,1,40
"effect",24,300,1.5,"gradient","slope","marker",0.2,0.192333333333333,0.193333333333333,0.0333435881661658,0.17,0.216666666666667,40,0.73425,0.731666666666667,0.0296512252140642,0.71,0.754166666666667,40,0.8785,0.88,0.0239056788542279,0.863333333333333,0.893333333333333,40
"effect",24,300,1.5,"gradient","slope","marker",0.1,0.118166666666667,0.12,0.0289999508792196,0.095,0.135,40,0.73425,0.731666666666667,0.0296512252140642,0.71,0.754166666666667,40,0.8785,0.88,0.0239056788542279,0.863333333333333,0.893333333333333,40
"effect",24,300,1.5,"gradient","slope","marker",0.01,0.01575,0.015,0.00995681558723353,0.00666666666666667,0.02,40,0.73425,0.731666666666667,0.0296512252140642,0.71,0.754166666666667,40,0.8785,0.88,0.0239056788542279,0.863333333333333,0.893333333333333,40
"effect",24,300,1.5,"gradient","slope","marker",0.05,0.0690833333333333,0.065,0.0235095603999613,0.0525,0.0866666666666667,40,0.73425,0.731666666666667,0.0296512252140642,0.71,0.754166666666667,40,0.8785,0.88,0.0239056788542279,0.863333333333333,0.893333333333333,40
"effect",24,300,2,"gradient","fixed","all",0.1,0.317666666666667,0.317777777777778,0.00598510338157404,0.314166666666667,0.3225,40,0.399611111111111,0.4,0.0165466715489217,0.386388888888889,0.41,40,0.911111111111111,0.911111111111111,0.00926552494555053,0.905555555555556,0.918055555555556,40
"effect",24,300,2,"gradient","fixed","all",0.05,0.312444444444444,0.312777777777778,0.00688254463863142,0.307777777777778,0.318055555555556,40,0.399611111111111,0.4,0.0165466715489217,0.386388888888889,0.41,40,0.911111111111111,0.911111111111111,0.00926552494555053,0.905555555555556,0.918055555555556,40
"effect",24,300,2,"gradient","fixed","all",0.2,0.32225,0.322222222222222,0.00545775743103384,0.318888888888889,0.325833333333333,40,0.399611111111111,0.4,0.0165466715489217,0.386388888888889,0.41,40,0.911111111111111,0.911111111111111,0.00926552494555053,0.905555555555556,0.918055555555556,40
"effect",24,300,2,"gradient","fixed","all",0.01,0.298916666666667,0.3,0.0097564111923507,0.294444444444444,0.305555555555556,40,0.399611111111111,0.4,0.0165466715489217,0.386388888888889,0.41,40,0.911111111111111,0.911111111111111,0.00926552494555053,0.905555555555556,0.918055555555556,40
"effect",24,300,2,"gradient","fixed","background",0.2,0,0,0,0,0,40,5e-04,0,0.00120540095113263,0,0,40,0.800333333333333,0.801666666666667,0.0244576498907119,0.785833333333333,0.82,40
"effect",24,300,2,"gradient","fixed","background",0.1,0,0,0,0,0,40,5e-04,0,0.00120540095113263,0,0,40,0.800333333333333,0.801666666666667,0.0244576498907119,0.785833333333333,0.82,40
"effect",24,300,2,"gradient","fixed","background",0.05,0,0,0,0,0,40,5e-04,0,0.00120540095113263,0,0,40,0.800333333333333,0.801666666666667,0.0244576498907119,0.785833333333333,0.82,40
"effect",24,300,2,"gradient","fixed","background",0.01,0,0,0,0,0,40,5e-04,0,0.00120540095113263,0,0,40,0.800333333333333,0.801666666666667,0.0244576498907119,0.785833333333333,0.82,40
"effect",24,300,2,"gradient","fixed","housekeeping",0.1,0.9515,0.951666666666667,0.0175240981820468,0.9425,0.964166666666667,40,0.995166666666667,0.996666666666667,0.00528126290689434,0.993333333333333,1,40,0.987166666666667,0.99,0.0124390250714976,0.983333333333333,0.996666666666667,40
"effect",24,300,2,"gradient","fixed","housekeeping",0.01,0.89675,0.9,0.0292692335770521,0.883333333333333,0.916666666666667,40,0.995166666666667,0.996666666666667,0.00528126290689434,0.993333333333333,1,40,0.987166666666667,0.99,0.0124390250714976,0.983333333333333,0.996666666666667,40
"effect",24,300,2,"gradient","fixed","housekeeping",0.2,0.963583333333333,0.966666666666667,0.0155687520336744,0.956666666666667,0.976666666666667,40,0.995166666666667,0.996666666666667,0.00528126290689434,0.993333333333333,1,40,0.987166666666667,0.99,0.0124390250714976,0.983333333333333,0.996666666666667,40
"effect",24,300,2,"gradient","fixed","housekeeping",0.05,0.936583333333333,0.936666666666667,0.0207067092090416,0.923333333333333,0.953333333333333,40,0.995166666666667,0.996666666666667,0.00528126290689434,0.993333333333333,1,40,0.987166666666667,0.99,0.0124390250714976,0.983333333333333,0.996666666666667,40
"effect",24,300,2,"gradient","fixed","marker",0.1,0.0015,0,0.00212835958660996,0,0.00333333333333333,40,0.203166666666667,0.205,0.0495216433733086,0.165833333333333,0.234166666666667,40,0.945833333333333,0.943333333333333,0.0169421674244188,0.935833333333333,0.96,40
"effect",24,300,2,"gradient","fixed","marker",0.01,0,0,0,0,0,40,0.203166666666667,0.205,0.0495216433733086,0.165833333333333,0.234166666666667,40,0.945833333333333,0.943333333333333,0.0169421674244188,0.935833333333333,0.96,40
"effect",24,300,2,"gradient","fixed","marker",0.2,0.00316666666666667,0.00333333333333333,0.0033715755022721,0,0.00416666666666667,40,0.203166666666667,0.205,0.0495216433733086,0.165833333333333,0.234166666666667,40,0.945833333333333,0.943333333333333,0.0169421674244188,0.935833333333333,0.96,40
"effect",24,300,2,"gradient","fixed","marker",0.05,0.00075,0,0.00140967353922087,0,0,40,0.203166666666667,0.205,0.0495216433733086,0.165833333333333,0.234166666666667,40,0.945833333333333,0.943333333333333,0.0169421674244188,0.935833333333333,0.96,40
"effect",24,300,2,"gradient","intercept","all",0.05,0.422555555555556,0.42,0.0178811099506554,0.408888888888889,0.434444444444444,40,0.795222222222222,0.795555555555556,0.0158042793360153,0.786388888888889,0.805833333333333,40,0.917138888888889,0.916666666666667,0.0101675968313299,0.910833333333333,0.923611111111111,40
"effect",24,300,2,"gradient","intercept","all",0.1,0.4635,0.462222222222222,0.0191188449202818,0.449722222222222,0.475555555555556,40,0.795222222222222,0.795555555555556,0.0158042793360153,0.786388888888889,0.805833333333333,40,0.917138888888889,0.916666666666667,0.0101675968313299,0.910833333333333,0.923611111111111,40
"effect",24,300,2,"gradient","intercept","all",0.01,0.351138888888889,0.351666666666667,0.0119921032896878,0.343055555555556,0.357777777777778,40,0.795222222222222,0.795555555555556,0.0158042793360153,0.786388888888889,0.805833333333333,40,0.917138888888889,0.916666666666667,0.0101675968313299,0.910833333333333,0.923611111111111,40
"effect",24,300,2,"gradient","intercept","all",0.2,0.515111111111111,0.515,0.0196998689582882,0.503055555555555,0.528333333333333,40,0.795222222222222,0.795555555555556,0.0158042793360153,0.786388888888889,0.805833333333333,40,0.917138888888889,0.916666666666667,0.0101675968313299,0.910833333333333,0.923611111111111,40
"effect",24,300,2,"gradient","intercept","background",0.01,0.000166666666666667,0,0.000735738092877174,0,0,40,0.467333333333333,0.463333333333333,0.0406373721024873,0.445833333333333,0.4975,40,0.807916666666667,0.811666666666667,0.0244563393747416,0.788333333333333,0.830833333333333,40
"effect",24,300,2,"gradient","intercept","background",0.05,0.0095,0.00666666666666667,0.00956459520740326,0.00333333333333333,0.0133333333333333,40,0.467333333333333,0.463333333333333,0.0406373721024873,0.445833333333333,0.4975,40,0.807916666666667,0.811666666666667,0.0244563393747416,0.788333333333333,0.830833333333333,40
"effect",24,300,2,"gradient","intercept","background",0.2,0.05775,0.0533333333333333,0.0218044599321899,0.0425,0.0708333333333333,40,0.467333333333333,0.463333333333333,0.0406373721024873,0.445833333333333,0.4975,40,0.807916666666667,0.811666666666667,0.0244563393747416,0.788333333333333,0.830833333333333,40
"effect",24,300,2,"gradient","intercept","background",0.1,0.0256666666666667,0.02,0.015891369120866,0.0133333333333333,0.0341666666666667,40,0.467333333333333,0.463333333333333,0.0406373721024873,0.445833333333333,0.4975,40,0.807916666666667,0.811666666666667,0.0244563393747416,0.788333333333333,0.830833333333333,40
"effect",24,300,2,"gradient","intercept","housekeeping",0.01,0.95025,0.95,0.016664743478784,0.94,0.963333333333333,40,0.993083333333333,0.993333333333333,0.00525083089341345,0.99,0.996666666666667,40,0.990333333333333,0.993333333333333,0.00879652871187933,0.983333333333333,0.996666666666667,40
"effect",24,300,2,"gradient","intercept","housekeeping",0.2,0.990833333333333,0.993333333333333,0.00652630006915041,0.985833333333333,0.996666666666667,40,0.993083333333333,0.993333333333333,0.00525083089341345,0.99,0.996666666666667,40,0.990333333333333,0.993333333333333,0.00879652871187933,0.983333333333333,0.996666666666667,40
"effect",24,300,2,"gradient","intercept","housekeeping",0.1,0.988166666666667,0.99,0.00731660874536581,0.983333333333333,0.993333333333333,40,0.993083333333333,0.993333333333333,0.00525083089341345,0.99,0.996666666666667,40,0.990333333333333,0.993333333333333,0.00879652871187933,0.983333333333333,0.996666666666667,40
"effect",24,300,2,"gradient","intercept","housekeeping",0.05,0.982083333333333,0.98,0.00926616551556377,0.976666666666667,0.99,40,0.993083333333333,0.993333333333333,0.00525083089341345,0.99,0.996666666666667,40,0.990333333333333,0.993333333333333,0.00879652871187933,0.983333333333333,0.996666666666667,40
"effect",24,300,2,"gradient","intercept","marker",0.01,0.103,0.103333333333333,0.0277842727449507,0.0858333333333333,0.116666666666667,40,0.92525,0.928333333333333,0.0217455827783568,0.913333333333333,0.940833333333333,40,0.953166666666667,0.953333333333333,0.016100644994247,0.9425,0.964166666666667,40
"effect",24,300,2,"gradient","intercept","marker",0.2,0.49675,0.498333333333333,0.0451555557658658,0.469166666666667,0.525,40,0.92525,0.928333333333333,0.0217455827783568,0.913333333333333,0.940833333333333,40,0.953166666666667,0.953333333333333,0.016100644994247,0.9425,0.964166666666667,40
"effect",24,300,2,"gradient","intercept","marker",0.05,0.276083333333333,0.271666666666667,0.0457098959405355,0.245833333333333,0.308333333333333,40,0.92525,0.928333333333333,0.0217455827783568,0.913333333333333,0.940833333333333,40,0.953166666666667,0.953333333333333,0.016100644994247,0.9425,0.964166666666667,40
"effect",24,300,2,"gradient","intercept","marker",0.1,0.376666666666667,0.371666666666667,0.0483988650946501,0.346666666666667,0.405,40,0.92525,0.928333333333333,0.0217455827783568,0.913333333333333,0.940833333333333,40,0.953166666666667,0.953333333333333,0.016100644994247,0.9425,0.964166666666667,40
"effect",24,300,2,"gradient","slope","all",0.1,0.472361111111111,0.473333333333333,0.0187858552393822,0.461666666666667,0.478888888888889,40,0.802388888888889,0.806666666666667,0.0158509798199847,0.791944444444445,0.812222222222222,40,0.916972222222222,0.916666666666667,0.0096503858050081,0.912222222222222,0.923333333333333,40
"effect",24,300,2,"gradient","slope","all",0.2,0.523666666666667,0.523888888888889,0.0191546578672664,0.5125,0.531388888888889,40,0.802388888888889,0.806666666666667,0.0158509798199847,0.791944444444445,0.812222222222222,40,0.916972222222222,0.916666666666667,0.0096503858050081,0.912222222222222,0.923333333333333,40
"effect",24,300,2,"gradient","slope","all",0.01,0.355027777777778,0.355555555555556,0.0109387992151076,0.348611111111111,0.360277777777778,40,0.802388888888889,0.806666666666667,0.0158509798199847,0.791944444444445,0.812222222222222,40,0.916972222222222,0.916666666666667,0.0096503858050081,0.912222222222222,0.923333333333333,40
"effect",24,300,2,"gradient","slope","all",0.05,0.428805555555556,0.426111111111111,0.016363602589648,0.419722222222222,0.436111111111111,40,0.802388888888889,0.806666666666667,0.0158509798199847,0.791944444444445,0.812222222222222,40,0.916972222222222,0.916666666666667,0.0096503858050081,0.912222222222222,0.923333333333333,40
"effect",24,300,2,"gradient","slope","background",0.01,0.00075,0,0.00192264952515564,0,0,40,0.484166666666667,0.488333333333333,0.0395036873031026,0.459166666666667,0.514166666666667,40,0.808083333333333,0.813333333333333,0.0232647037106953,0.793333333333333,0.826666666666667,40
"effect",24,300,2,"gradient","slope","background",0.1,0.03125,0.0283333333333333,0.0186692229629379,0.0166666666666667,0.0433333333333333,40,0.484166666666667,0.488333333333333,0.0395036873031026,0.459166666666667,0.514166666666667,40,0.808083333333333,0.813333333333333,0.0232647037106953,0.793333333333333,0.826666666666667,40
"effect",24,300,2,"gradient","slope","background",0.2,0.0703333333333333,0.0666666666666667,0.0279784206629328,0.0541666666666667,0.0908333333333333,40,0.484166666666667,0.488333333333333,0.0395036873031026,0.459166666666667,0.514166666666667,40,0.808083333333333,0.813333333333333,0.0232647037106953,0.793333333333333,0.826666666666667,40
"effect",24,300,2,"gradient","slope","background",0.05,0.0133333333333333,0.01,0.012854655391809,0.00333333333333333,0.0175,40,0.484166666666667,0.488333333333333,0.0395036873031026,0.459166666666667,0.514166666666667,40,0.808083333333333,0.813333333333333,0.0232647037106953,0.793333333333333,0.826666666666667,40
"effect",24,300,2,"gradient","slope","housekeeping",0.1,0.989,0.99,0.00627934705444757,0.986666666666667,0.993333333333333,40,0.99325,0.993333333333333,0.00520176936805205,0.99,0.996666666666667,40,0.990416666666667,0.993333333333333,0.0114774025472129,0.986666666666667,1,40
"effect",24,300,2,"gradient","slope","housekeeping",0.2,0.991666666666667,0.993333333333333,0.00594370552161153,0.986666666666667,0.996666666666667,40,0.99325,0.993333333333333,0.00520176936805205,0.99,0.996666666666667,40,0.990416666666667,0.993333333333333,0.0114774025472129,0.986666666666667,1,40
"effect",24,300,2,"gradient","slope","housekeeping",0.05,0.983416666666667,0.983333333333333,0.00825130568964969,0.976666666666667,0.99,40,0.99325,0.993333333333333,0.00520176936805205,0.99,0.996666666666667,40,0.990416666666667,0.993333333333333,0.0114774025472129,0.986666666666667,1,40
"effect",24,300,2,"gradient","slope","housekeeping",0.01,0.951583333333333,0.95,0.0148302359197653,0.943333333333333,0.963333333333333,40,0.99325,0.993333333333333,0.00520176936805205,0.99,0.996666666666667,40,0.990416666666667,0.993333333333333,0.0114774025472129,0.986666666666667,1,40
"effect",24,300,2,"gradient","slope","marker",0.01,0.11275,0.113333333333333,0.0241657087932773,0.0991666666666667,0.123333333333333,40,0.92975,0.933333333333333,0.0189072936980879,0.92,0.943333333333333,40,0.952416666666667,0.955,0.0168956492317686,0.9425,0.966666666666667,40
"effect",24,300,2,"gradient","slope","marker",0.2,0.509,0.51,0.0376231122516277,0.485,0.5275,40,0.92975,0.933333333333333,0.0189072936980879,0.92,0.943333333333333,40,0.952416666666667,0.955,0.0168956492317686,0.9425,0.966666666666667,40
"effect",24,300,2,"gradient","slope","marker",0.1,0.396833333333333,0.398333333333333,0.0446572894864154,0.365833333333333,0.418333333333333,40,0.92975,0.933333333333333,0.0189072936980879,0.92,0.943333333333333,40,0.952416666666667,0.955,0.0168956492317686,0.9425,0.966666666666667,40
"effect",24,300,2,"gradient","slope","marker",0.05,0.289666666666667,0.286666666666667,0.0382658268468552,0.265,0.305833333333333,40,0.92975,0.933333333333333,0.0189072936980879,0.92,0.943333333333333,40,0.952416666666667,0.955,0.0168956492317686,0.9425,0.966666666666667,40
"effect",24,300,3,"gradient","fixed","all",0.1,0.293833333333333,0.283888888888889,0.0409741693969682,0.265277777777778,0.337222222222222,40,0.462555555555556,0.418888888888889,0.092420649468845,0.385833333333333,0.572777777777778,40,0.880083333333333,0.944444444444444,0.1083694183455,0.815277777777778,0.965555555555556,40
"effect",24,300,3,"gradient","fixed","all",0.2,0.307166666666667,0.292222222222222,0.0431212943593279,0.276666666666667,0.351111111111111,40,0.462555555555556,0.418888888888889,0.092420649468845,0.385833333333333,0.572777777777778,40,0.880083333333333,0.944444444444444,0.1083694183455,0.815277777777778,0.965555555555556,40
"effect",24,300,3,"gradient","fixed","all",0.05,0.283416666666667,0.274444444444444,0.0406339347201188,0.253888888888889,0.323888888888889,40,0.462555555555556,0.418888888888889,0.092420649468845,0.385833333333333,0.572777777777778,40,0.880083333333333,0.944444444444444,0.1083694183455,0.815277777777778,0.965555555555556,40
"effect",24,300,3,"gradient","fixed","all",0.01,0.261916666666667,0.250555555555556,0.0485959805512348,0.231944444444444,0.314722222222222,40,0.462555555555556,0.418888888888889,0.092420649468845,0.385833333333333,0.572777777777778,40,0.880083333333333,0.944444444444444,0.1083694183455,0.815277777777778,0.965555555555556,40
"effect",24,300,3,"gradient","fixed","background",0.2,0,0,0,0,0,40,0.00158333333333333,0,0.00328923825818202,0,0.000833333333333333,40,0.910833333333333,0.916666666666667,0.0335357104389317,0.895833333333333,0.9375,40
"effect",24,300,3,"gradient","fixed","background",0.01,0,0,0,0,0,40,0.00158333333333333,0,0.00328923825818202,0,0.000833333333333333,40,0.910833333333333,0.916666666666667,0.0335357104389317,0.895833333333333,0.9375,40
"effect",24,300,3,"gradient","fixed","background",0.1,0,0,0,0,0,40,0.00158333333333333,0,0.00328923825818202,0,0.000833333333333333,40,0.910833333333333,0.916666666666667,0.0335357104389317,0.895833333333333,0.9375,40
"effect",24,300,3,"gradient","fixed","background",0.05,0,0,0,0,0,40,0.00158333333333333,0,0.00328923825818202,0,0.000833333333333333,40,0.910833333333333,0.916666666666667,0.0335357104389317,0.895833333333333,0.9375,40
"effect",24,300,3,"gradient","fixed","housekeeping",0.1,0.857333333333333,0.851666666666667,0.0939788422573017,0.795833333333333,0.953333333333333,40,0.989416666666667,0.993333333333333,0.00911738891496796,0.983333333333333,0.996666666666667,40,0.842833333333333,0.941666666666667,0.168897126429787,0.738333333333333,0.9675,40
"effect",24,300,3,"gradient","fixed","housekeeping",0.01,0.781416666666667,0.751666666666667,0.140582604403847,0.695833333333333,0.93,40,0.989416666666667,0.993333333333333,0.00911738891496796,0.983333333333333,0.996666666666667,40,0.842833333333333,0.941666666666667,0.168897126429787,0.738333333333333,0.9675,40
"effect",24,300,3,"gradient","fixed","housekeeping",0.05,0.837166666666667,0.823333333333333,0.106296231771822,0.761666666666667,0.945833333333333,40,0.989416666666667,0.993333333333333,0.00911738891496796,0.983333333333333,0.996666666666667,40,0.842833333333333,0.941666666666667,0.168897126429787,0.738333333333333,0.9675,40
"effect",24,300,3,"gradient","fixed","housekeeping",0.2,0.880583333333333,0.876666666666667,0.079481537572035,0.83,0.954166666666667,40,0.989416666666667,0.993333333333333,0.00911738891496796,0.983333333333333,0.996666666666667,40,0.842833333333333,0.941666666666667,0.168897126429787,0.738333333333333,0.9675,40
"effect",24,300,3,"gradient","fixed","marker",0.2,0.0409166666666667,0,0.0609515593942648,0,0.0858333333333333,40,0.396666666666667,0.263333333333333,0.279183792050308,0.165833333333333,0.723333333333333,40,0.886583333333333,0.988333333333333,0.134466313471774,0.783333333333333,0.996666666666667,40
"effect",24,300,3,"gradient","fixed","marker",0.1,0.0241666666666667,0,0.0369626746358988,0,0.0475,40,0.396666666666667,0.263333333333333,0.279183792050308,0.165833333333333,0.723333333333333,40,0.886583333333333,0.988333333333333,0.134466313471774,0.783333333333333,0.996666666666667,40
"effect",24,300,3,"gradient","fixed","marker",0.05,0.0130833333333333,0,0.0205949610743119,0,0.0241666666666667,40,0.396666666666667,0.263333333333333,0.279183792050308,0.165833333333333,0.723333333333333,40,0.886583333333333,0.988333333333333,0.134466313471774,0.783333333333333,0.996666666666667,40
"effect",24,300,3,"gradient","fixed","marker",0.01,0.00433333333333333,0,0.00813700351547338,0,0.0075,40,0.396666666666667,0.263333333333333,0.279183792050308,0.165833333333333,0.723333333333333,40,0.886583333333333,0.988333333333333,0.134466313471774,0.783333333333333,0.996666666666667,40
"effect",24,300,3,"gradient","intercept","all",0.2,0.495583333333333,0.580555555555555,0.209230563673018,0.259166666666667,0.671944444444444,40,0.859222222222222,0.888888888888889,0.0624026687524372,0.791944444444444,0.905833333333333,40,0.919861111111111,0.965555555555556,0.111999917328012,0.951944444444444,0.9725,40
"effect",24,300,3,"gradient","intercept","all",0.1,0.445138888888889,0.515,0.195027402478811,0.226111111111111,0.608888888888889,40,0.859222222222222,0.888888888888889,0.0624026687524372,0.791944444444444,0.905833333333333,40,0.919861111111111,0.965555555555556,0.111999917328012,0.951944444444444,0.9725,40
"effect",24,300,3,"gradient","intercept","all",0.05,0.404138888888889,0.461666666666667,0.182546093170156,0.202222222222222,0.560277777777778,40,0.859222222222222,0.888888888888889,0.0624026687524372,0.791944444444444,0.905833333333333,40,0.919861111111111,0.965555555555556,0.111999917328012,0.951944444444444,0.9725,40
"effect",24,300,3,"gradient","intercept","all",0.01,0.333305555555556,0.39,0.159457271886405,0.149166666666667,0.461944444444444,40,0.859222222222222,0.888888888888889,0.0624026687524372,0.791944444444444,0.905833333333333,40,0.919861111111111,0.965555555555556,0.111999917328012,0.951944444444444,0.9725,40
"effect",24,300,3,"gradient","intercept","background",0.2,0.133833333333333,0.153333333333333,0.104457764198859,0.00333333333333333,0.224166666666667,40,0.74225,0.763333333333333,0.0679424404453889,0.69,0.790833333333333,40,0.924083333333333,0.936666666666667,0.0348663504422587,0.916666666666667,0.943333333333333,40
"effect",24,300,3,"gradient","intercept","background",0.1,0.06675,0.0683333333333333,0.0566816847871814,0.0025,0.11,40,0.74225,0.763333333333333,0.0679424404453889,0.69,0.790833333333333,40,0.924083333333333,0.936666666666667,0.0348663504422587,0.916666666666667,0.943333333333333,40
"effect",24,300,3,"gradient","intercept","background",0.01,0.000166666666666667,0,0.000735738092877174,0,0,40,0.74225,0.763333333333333,0.0679424404453889,0.69,0.790833333333333,40,0.924083333333333,0.936666666666667,0.0348663504422587,0.916666666666667,0.943333333333333,40
"effect",24,300,3,"gradient","intercept","background",0.05,0.0255,0.0183333333333333,0.0256488449615816,0,0.0475,40,0.74225,0.763333333333333,0.0679424404453889,0.69,0.790833333333333,40,0.924083333333333,0.936666666666667,0.0348663504422587,0.916666666666667,0.943333333333333,40
"effect",24,300,3,"gradient","intercept","housekeeping",0.1,0.7965,0.935,0.223373449643636,0.613333333333333,0.943333333333333,40,0.92075,0.938333333333333,0.0454824564656951,0.904166666666667,0.9475,40,0.880666666666667,0.965,0.204466089526801,0.934166666666667,0.983333333333333,40
"effect",24,300,3,"gradient","intercept","housekeeping",0.05,0.778416666666667,0.935,0.247787919956469,0.561666666666667,0.940833333333333,40,0.92075,0.938333333333333,0.0454824564656951,0.904166666666667,0.9475,40,0.880666666666667,0.965,0.204466089526801,0.934166666666667,0.983333333333333,40
"effect",24,300,3,"gradient","intercept","housekeeping",0.2,0.813416666666667,0.936666666666667,0.199969353065019,0.659166666666667,0.943333333333333,40,0.92075,0.938333333333333,0.0454824564656951,0.904166666666667,0.9475,40,0.880666666666667,0.965,0.204466089526801,0.934166666666667,0.983333333333333,40
"effect",24,300,3,"gradient","intercept","housekeeping",0.01,0.744,0.933333333333333,0.292402563701585,0.4375,0.94,40,0.92075,0.938333333333333,0.0454824564656951,0.904166666666667,0.9475,40,0.880666666666667,0.965,0.204466089526801,0.934166666666667,0.983333333333333,40
"effect",24,300,3,"gradient","intercept","marker",0.2,0.5395,0.643333333333333,0.34093515604405,0.111666666666667,0.854166666666667,40,0.914666666666667,0.953333333333333,0.0887738571922935,0.853333333333333,0.9875,40,0.954833333333333,0.995,0.104513388774111,0.989166666666667,0.996666666666667,40
"effect",24,300,3,"gradient","intercept","marker",0.01,0.25575,0.233333333333333,0.209357975984346,0.0125,0.451666666666667,40,0.914666666666667,0.953333333333333,0.0887738571922935,0.853333333333333,0.9875,40,0.954833333333333,0.995,0.104513388774111,0.989166666666667,0.996666666666667,40
"effect",24,300,3,"gradient","intercept","marker",0.1,0.472166666666667,0.536666666666667,0.324735746174185,0.0625,0.765833333333333,40,0.914666666666667,0.953333333333333,0.0887738571922935,0.853333333333333,0.9875,40,0.954833333333333,0.995,0.104513388774111,0.989166666666667,0.996666666666667,40
"effect",24,300,3,"gradient","intercept","marker",0.05,0.4085,0.438333333333333,0.296927235995258,0.0466666666666667,0.689166666666667,40,0.914666666666667,0.953333333333333,0.0887738571922935,0.853333333333333,0.9875,40,0.954833333333333,0.995,0.104513388774111,0.989166666666667,0.996666666666667,40
"effect",24,300,3,"gradient","slope","all",0.2,0.503,0.562222222222222,0.21051711305922,0.240277777777778,0.671111111111111,40,0.860972222222222,0.887777777777778,0.0642920821449063,0.790555555555556,0.908888888888889,40,0.925555555555556,0.966111111111111,0.107311382559559,0.957222222222222,0.973333333333333,40
"effect",24,300,3,"gradient","slope","all",0.1,0.452416666666667,0.51,0.197265716884434,0.212777777777778,0.611111111111111,40,0.860972222222222,0.887777777777778,0.0642920821449063,0.790555555555556,0.908888888888889,40,0.925555555555556,0.966111111111111,0.107311382559559,0.957222222222222,0.973333333333333,40
"effect",24,300,3,"gradient","slope","all",0.05,0.410416666666667,0.461111111111111,0.184241759967331,0.193888888888889,0.556944444444444,40,0.860972222222222,0.887777777777778,0.0642920821449063,0.790555555555556,0.908888888888889,40,0.925555555555556,0.966111111111111,0.107311382559559,0.957222222222222,0.973333333333333,40
"effect",24,300,3,"gradient","slope","all",0.01,0.339916666666667,0.383888888888889,0.162443237706026,0.144722222222222,0.462222222222222,40,0.860972222222222,0.887777777777778,0.0642920821449063,0.790555555555556,0.908888888888889,40,0.925555555555556,0.966111111111111,0.107311382559559,0.957222222222222,0.973333333333333,40
"effect",24,300,3,"gradient","slope","background",0.1,0.0705833333333333,0.0716666666666667,0.060707544695087,0.00333333333333333,0.115,40,0.747416666666667,0.771666666666667,0.0725815682221323,0.688333333333333,0.803333333333333,40,0.925166666666667,0.935,0.0352682031559045,0.919166666666667,0.946666666666667,40
"effect",24,300,3,"gradient","slope","background",0.01,0.000166666666666667,0,0.000735738092877174,0,0,40,0.747416666666667,0.771666666666667,0.0725815682221323,0.688333333333333,0.803333333333333,40,0.925166666666667,0.935,0.0352682031559045,0.919166666666667,0.946666666666667,40
"effect",24,300,3,"gradient","slope","background",0.2,0.141583333333333,0.156666666666667,0.108732630338298,0.00583333333333333,0.238333333333333,40,0.747416666666667,0.771666666666667,0.0725815682221323,0.688333333333333,0.803333333333333,40,0.925166666666667,0.935,0.0352682031559045,0.919166666666667,0.946666666666667,40
"effect",24,300,3,"gradient","slope","background",0.05,0.0275,0.0233333333333333,0.0253156708558788,0,0.045,40,0.747416666666667,0.771666666666667,0.0725815682221323,0.688333333333333,0.803333333333333,40,0.925166666666667,0.935,0.0352682031559045,0.919166666666667,0.946666666666667,40
"effect",24,300,3,"gradient","slope","housekeeping",0.2,0.816333333333333,0.931666666666667,0.200697927542011,0.646666666666667,0.9475,40,0.922,0.935,0.0461806190154438,0.909166666666667,0.95,40,0.892666666666667,0.966666666666667,0.192245984401544,0.948333333333333,0.98,40
"effect",24,300,3,"gradient","slope","housekeeping",0.1,0.798666666666667,0.93,0.225446439018444,0.601666666666667,0.946666666666667,40,0.922,0.935,0.0461806190154438,0.909166666666667,0.95,40,0.892666666666667,0.966666666666667,0.192245984401544,0.948333333333333,0.98,40
"effect",24,300,3,"gradient","slope","housekeeping",0.05,0.78125,0.926666666666667,0.249615872984039,0.549166666666667,0.946666666666667,40,0.922,0.935,0.0461806190154438,0.909166666666667,0.95,40,0.892666666666667,0.966666666666667,0.192245984401544,0.948333333333333,0.98,40
"effect",24,300,3,"gradient","slope","housekeeping",0.01,0.74875,0.923333333333333,0.294266859042068,0.426666666666667,0.943333333333333,40,0.922,0.935,0.0461806190154438,0.909166666666667,0.95,40,0.892666666666667,0.966666666666667,0.192245984401544,0.948333333333333,0.98,40
"effect",24,300,3,"gradient","slope","marker",0.01,0.270833333333333,0.215,0.222274886921859,0.0133333333333333,0.469166666666667,40,0.9135,0.951666666666667,0.0898303243870753,0.838333333333333,0.99,40,0.958833333333333,0.995,0.103035274572681,0.99,0.996666666666667,40
"effect",24,300,3,"gradient","slope","marker",0.1,0.488,0.518333333333333,0.331063898429449,0.0625,0.781666666666667,40,0.9135,0.951666666666667,0.0898303243870753,0.838333333333333,0.99,40,0.958833333333333,0.995,0.103035274572681,0.99,0.996666666666667,40
"effect",24,300,3,"gradient","slope","marker",0.2,0.551083333333333,0.598333333333333,0.344051930337894,0.105833333333333,0.845,40,0.9135,0.951666666666667,0.0898303243870753,0.838333333333333,0.99,40,0.958833333333333,0.995,0.103035274572681,0.99,0.996666666666667,40
"effect",24,300,3,"gradient","slope","marker",0.05,0.4225,0.413333333333333,0.302640563278141,0.0408333333333333,0.693333333333333,40,0.9135,0.951666666666667,0.0898303243870753,0.838333333333333,0.99,40,0.958833333333333,0.995,0.103035274572681,0.99,0.996666666666667,40
"layout",24,300,2,"clustered","fixed","all",0.01,0.190305555555556,0.193888888888889,0.0276194777145484,0.176388888888889,0.210277777777778,40,0.354666666666667,0.356111111111111,0.0157962654014521,0.341944444444444,0.365,40,0.832,0.835,0.019636132879633,0.818055555555556,0.845555555555556,40
"layout",24,300,2,"clustered","fixed","all",0.05,0.224166666666667,0.228888888888889,0.0250794874367839,0.210555555555556,0.240277777777778,40,0.354666666666667,0.356111111111111,0.0157962654014521,0.341944444444444,0.365,40,0.832,0.835,0.019636132879633,0.818055555555556,0.845555555555556,40
"layout",24,300,2,"clustered","fixed","all",0.2,0.256194444444444,0.258888888888889,0.0215377309038107,0.241111111111111,0.271388888888889,40,0.354666666666667,0.356111111111111,0.0157962654014521,0.341944444444444,0.365,40,0.832,0.835,0.019636132879633,0.818055555555556,0.845555555555556,40
"layout",24,300,2,"clustered","fixed","all",0.1,0.239944444444444,0.243333333333333,0.0240026773857434,0.224444444444444,0.257777777777778,40,0.354666666666667,0.356111111111111,0.0157962654014521,0.341944444444444,0.365,40,0.832,0.835,0.019636132879633,0.818055555555556,0.845555555555556,40
"layout",24,300,2,"clustered","fixed","background",0.01,0,0,0,0,0,40,0,0,0,0,0,40,0.676416666666667,0.68,0.0293168903020095,0.659166666666667,0.693333333333333,40
"layout",24,300,2,"clustered","fixed","background",0.05,0,0,0,0,0,40,0,0,0,0,0,40,0.676416666666667,0.68,0.0293168903020095,0.659166666666667,0.693333333333333,40
"layout",24,300,2,"clustered","fixed","background",0.2,0,0,0,0,0,40,0,0,0,0,0,40,0.676416666666667,0.68,0.0293168903020095,0.659166666666667,0.693333333333333,40
"layout",24,300,2,"clustered","fixed","background",0.1,0,0,0,0,0,40,0,0,0,0,0,40,0.676416666666667,0.68,0.0293168903020095,0.659166666666667,0.693333333333333,40
"layout",24,300,2,"clustered","fixed","housekeeping",0.05,0.672416666666667,0.686666666666667,0.0752923551659712,0.631666666666667,0.720833333333333,40,0.959666666666667,0.961666666666667,0.0196812201692483,0.949166666666667,0.974166666666667,40,0.963166666666667,0.966666666666667,0.0172949937587965,0.95,0.974166666666667,40
"layout",24,300,2,"clustered","fixed","housekeeping",0.01,0.570916666666667,0.581666666666667,0.0828584331436453,0.529166666666667,0.630833333333333,40,0.959666666666667,0.961666666666667,0.0196812201692483,0.949166666666667,0.974166666666667,40,0.963166666666667,0.966666666666667,0.0172949937587965,0.95,0.974166666666667,40
"layout",24,300,2,"clustered","fixed","housekeeping",0.1,0.719416666666667,0.73,0.0719206887486867,0.673333333333333,0.770833333333333,40,0.959666666666667,0.961666666666667,0.0196812201692483,0.949166666666667,0.974166666666667,40,0.963166666666667,0.966666666666667,0.0172949937587965,0.95,0.974166666666667,40
"layout",24,300,2,"clustered","fixed","housekeeping",0.2,0.767666666666667,0.776666666666667,0.0641232787043432,0.723333333333333,0.814166666666667,40,0.959666666666667,0.961666666666667,0.0196812201692483,0.949166666666667,0.974166666666667,40,0.963166666666667,0.966666666666667,0.0172949937587965,0.95,0.974166666666667,40
"layout",24,300,2,"clustered","fixed","marker",0.1,0.000416666666666667,0,0.00111644021176181,0,0,40,0.104333333333333,0.101666666666667,0.0345520788643195,0.0766666666666667,0.130833333333333,40,0.856416666666667,0.855,0.0343717526308651,0.838333333333333,0.8775,40
"layout",24,300,2,"clustered","fixed","marker",0.01,0,0,0,0,0,40,0.104333333333333,0.101666666666667,0.0345520788643195,0.0766666666666667,0.130833333333333,40,0.856416666666667,0.855,0.0343717526308651,0.838333333333333,0.8775,40
"layout",24,300,2,"clustered","fixed","marker",0.05,8.33333333333333e-05,0,0.00052704627669473,0,0,40,0.104333333333333,0.101666666666667,0.0345520788643195,0.0766666666666667,0.130833333333333,40,0.856416666666667,0.855,0.0343717526308651,0.838333333333333,0.8775,40
"layout",24,300,2,"clustered","fixed","marker",0.2,0.000916666666666667,0,0.00184707360754273,0,0,40,0.104333333333333,0.101666666666667,0.0345520788643195,0.0766666666666667,0.130833333333333,40,0.856416666666667,0.855,0.0343717526308651,0.838333333333333,0.8775,40
"layout",24,300,2,"clustered","intercept","all",0.1,0.317,0.326666666666667,0.0307994153938673,0.295833333333333,0.339444444444444,40,0.661555555555556,0.666666666666667,0.0253244848844526,0.645277777777778,0.677777777777778,40,0.840805555555556,0.842222222222222,0.0158018505413706,0.827777777777778,0.851111111111111,40
"layout",24,300,2,"clustered","intercept","all",0.05,0.276444444444444,0.287777777777778,0.0346941596000159,0.254166666666667,0.300833333333333,40,0.661555555555556,0.666666666666667,0.0253244848844526,0.645277777777778,0.677777777777778,40,0.840805555555556,0.842222222222222,0.0158018505413706,0.827777777777778,0.851111111111111,40
"layout",24,300,2,"clustered","intercept","all",0.2,0.361944444444444,0.367222222222222,0.0292988120270799,0.342777777777778,0.388888888888889,40,0.661555555555556,0.666666666666667,0.0253244848844526,0.645277777777778,0.677777777777778,40,0.840805555555556,0.842222222222222,0.0158018505413706,0.827777777777778,0.851111111111111,40
"layout",24,300,2,"clustered","intercept","all",0.01,0.183555555555556,0.191666666666667,0.0417413006785388,0.162222222222222,0.211388888888889,40,0.661555555555556,0.666666666666667,0.0253244848844526,0.645277777777778,0.677777777777778,40,0.840805555555556,0.842222222222222,0.0158018505413706,0.827777777777778,0.851111111111111,40
"layout",24,300,2,"clustered","intercept","background",0.2,0.011,0.01,0.00781553715893035,0.00583333333333333,0.0166666666666667,40,0.269083333333333,0.265,0.0471282876686126,0.245833333333333,0.293333333333333,40,0.67625,0.68,0.0291101405853748,0.655,0.693333333333333,40
"layout",24,300,2,"clustered","intercept","background",0.01,0,0,0,0,0,40,0.269083333333333,0.265,0.0471282876686126,0.245833333333333,0.293333333333333,40,0.67625,0.68,0.0291101405853748,0.655,0.693333333333333,40
"layout",24,300,2,"clustered","intercept","background",0.1,0.00241666666666667,0,0.00328923825818202,0,0.00333333333333333,40,0.269083333333333,0.265,0.0471282876686126,0.245833333333333,0.293333333333333,40,0.67625,0.68,0.0291101405853748,0.655,0.693333333333333,40
"layout",24,300,2,"clustered","intercept","background",0.05,0.000666666666666667,0,0.00135031915611156,0,0,40,0.269083333333333,0.265,0.0471282876686126,0.245833333333333,0.293333333333333,40,0.67625,0.68,0.0291101405853748,0.655,0.693333333333333,40
"layout",24,300,2,"clustered","intercept","housekeeping",0.1,0.83075,0.853333333333333,0.0645584939825825,0.7975,0.88,40,0.9925,0.993333333333333,0.00516121852261427,0.99,0.996666666666667,40,0.98725,0.986666666666667,0.0067044867402466,0.983333333333333,0.993333333333333,40
"layout",24,300,2,"clustered","intercept","housekeeping",0.05,0.759833333333333,0.786666666666667,0.0820150427450187,0.7,0.820833333333333,40,0.9925,0.993333333333333,0.00516121852261427,0.99,0.996666666666667,40,0.98725,0.986666666666667,0.0067044867402466,0.983333333333333,0.993333333333333,40
"layout",24,300,2,"clustered","intercept","housekeeping",0.2,0.885083333333333,0.898333333333333,0.0468189669847133,0.865833333333333,0.914166666666667,40,0.9925,0.993333333333333,0.00516121852261427,0.99,0.996666666666667,40,0.98725,0.986666666666667,0.0067044867402466,0.983333333333333,0.993333333333333,40
"layout",24,300,2,"clustered","intercept","housekeeping",0.01,0.538,0.565,0.118113856896146,0.4725,0.623333333333333,40,0.9925,0.993333333333333,0.00516121852261427,0.99,0.996666666666667,40,0.98725,0.986666666666667,0.0067044867402466,0.983333333333333,0.993333333333333,40
"layout",24,300,2,"clustered","intercept","marker",0.2,0.18975,0.188333333333333,0.0439138466309423,0.159166666666667,0.224166666666667,40,0.723083333333333,0.725,0.0466140576475635,0.696666666666667,0.755833333333333,40,0.858916666666667,0.861666666666667,0.0329584690748931,0.835833333333333,0.880833333333333,40
"layout",24,300,2,"clustered","intercept","marker",0.1,0.117833333333333,0.118333333333333,0.0322962603570202,0.0958333333333333,0.146666666666667,40,0.723083333333333,0.725,0.0466140576475635,0.696666666666667,0.755833333333333,40,0.858916666666667,0.861666666666667,0.0329584690748931,0.835833333333333,0.880833333333333,40
"layout",24,300,2,"clustered","intercept","marker",0.05,0.0688333333333333,0.07,0.0251100143471249,0.05,0.09,40,0.723083333333333,0.725,0.0466140576475635,0.696666666666667,0.755833333333333,40,0.858916666666667,0.861666666666667,0.0329584690748931,0.835833333333333,0.880833333333333,40
"layout",24,300,2,"clustered","intercept","marker",0.01,0.0126666666666667,0.01,0.0106538384399367,0.00666666666666667,0.0166666666666667,40,0.723083333333333,0.725,0.0466140576475635,0.696666666666667,0.755833333333333,40,0.858916666666667,0.861666666666667,0.0329584690748931,0.835833333333333,0.880833333333333,40
"layout",24,300,2,"clustered","slope","all",0.1,0.318694444444444,0.325,0.0302944163488642,0.296666666666667,0.341666666666667,40,0.667305555555556,0.667777777777778,0.0231294682463992,0.653888888888889,0.681666666666667,40,0.839583333333333,0.838333333333333,0.0171038344315938,0.828055555555556,0.848611111111111,40
"layout",24,300,2,"clustered","slope","all",0.2,0.364333333333333,0.371111111111111,0.0304901397665205,0.342222222222222,0.385555555555556,40,0.667305555555556,0.667777777777778,0.0231294682463992,0.653888888888889,0.681666666666667,40,0.839583333333333,0.838333333333333,0.0171038344315938,0.828055555555556,0.848611111111111,40
"layout",24,300,2,"clustered","slope","all",0.05,0.276277777777778,0.287222222222222,0.0352655103510907,0.251944444444444,0.301111111111111,40,0.667305555555556,0.667777777777778,0.0231294682463992,0.653888888888889,0.681666666666667,40,0.839583333333333,0.838333333333333,0.0171038344315938,0.828055555555556,0.848611111111111,40
"layout",24,300,2,"clustered","slope","all",0.01,0.178305555555556,0.188888888888889,0.0446193052332005,0.158611111111111,0.207777777777778,40,0.667305555555556,0.667777777777778,0.0231294682463992,0.653888888888889,0.681666666666667,40,0.839583333333333,0.838333333333333,0.0171038344315938,0.828055555555556,0.848611111111111,40
"layout",24,300,2,"clustered","slope","background",0.01,0,0,0,0,0,40,0.281416666666667,0.278333333333333,0.0409425105946029,0.258333333333333,0.301666666666667,40,0.675833333333333,0.676666666666667,0.0313581462037113,0.658333333333333,0.688333333333333,40
"layout",24,300,2,"clustered","slope","background",0.2,0.0141666666666667,0.0133333333333333,0.00843105100699913,0.00666666666666667,0.02,40,0.281416666666667,0.278333333333333,0.0409425105946029,0.258333333333333,0.301666666666667,40,0.675833333333333,0.676666666666667,0.0313581462037113,0.658333333333333,0.688333333333333,40
"layout",24,300,2,"clustered","slope","background",0.1,0.00358333333333333,0.00333333333333333,0.00349093249528112,0,0.00666666666666667,40,0.281416666666667,0.278333333333333,0.0409425105946029,0.258333333333333,0.301666666666667,40,0.675833333333333,0.676666666666667,0.0313581462037113,0.658333333333333,0.688333333333333,40
"layout",24,300,2,"clustered","slope","background",0.05,0.000916666666666667,0,0.00168578775113605,0,0.000833333333333333,40,0.281416666666667,0.278333333333333,0.0409425105946029,0.258333333333333,0.301666666666667,40,0.675833333333333,0.676666666666667,0.0313581462037113,0.658333333333333,0.688333333333333,40
"layout",24,300,2,"clustered","slope","housekeeping",0.1,0.82625,0.845,0.0630975706252104,0.784166666666667,0.870833333333333,40,0.991666666666667,0.991666666666667,0.00627026628750641,0.99,0.996666666666667,40,0.987666666666667,0.988333333333333,0.00806667373030701,0.985833333333333,0.993333333333333,40
"layout",24,300,2,"clustered","slope","housekeeping",0.05,0.7525,0.781666666666667,0.083913365988101,0.703333333333333,0.811666666666667,40,0.991666666666667,0.991666666666667,0.00627026628750641,0.99,0.996666666666667,40,0.987666666666667,0.988333333333333,0.00806667373030701,0.985833333333333,0.993333333333333,40
"layout",24,300,2,"clustered","slope","housekeeping",0.01,0.521083333333333,0.556666666666667,0.126128834554129,0.4625,0.61,40,0.991666666666667,0.991666666666667,0.00627026628750641,0.99,0.996666666666667,40,0.987666666666667,0.988333333333333,0.00806667373030701,0.985833333333333,0.993333333333333,40
"layout",24,300,2,"clustered","slope","housekeeping",0.2,0.88175,0.896666666666667,0.0481568395618026,0.859166666666667,0.913333333333333,40,0.991666666666667,0.991666666666667,0.00627026628750641,0.99,0.996666666666667,40,0.987666666666667,0.988333333333333,0.00806667373030701,0.985833333333333,0.993333333333333,40
"layout",24,300,2,"clustered","slope","marker",0.2,0.197083333333333,0.195,0.0461644990080145,0.16,0.228333333333333,40,0.728833333333333,0.728333333333333,0.0453259797957468,0.699166666666667,0.77,40,0.85525,0.855,0.0326588818562817,0.836666666666667,0.8725,40
"layout",24,300,2,"clustered","slope","marker",0.01,0.0138333333333333,0.0116666666666667,0.0113617040574167,0.00666666666666667,0.02,40,0.728833333333333,0.728333333333333,0.0453259797957468,0.699166666666667,0.77,40,0.85525,0.855,0.0326588818562817,0.836666666666667,0.8725,40
"layout",24,300,2,"clustered","slope","marker",0.1,0.12625,0.123333333333333,0.0329048312596786,0.103333333333333,0.15,40,0.728833333333333,0.728333333333333,0.0453259797957468,0.699166666666667,0.77,40,0.85525,0.855,0.0326588818562817,0.836666666666667,0.8725,40
"layout",24,300,2,"clustered","slope","marker",0.05,0.0754166666666667,0.07,0.0251115743849558,0.0591666666666667,0.0966666666666667,40,0.728833333333333,0.728333333333333,0.0453259797957468,0.699166666666667,0.77,40,0.85525,0.855,0.0326588818562817,0.836666666666667,0.8725,40
"layout",24,300,2,"gradient","fixed","all",0.1,0.316638888888889,0.316666666666667,0.00763394686030978,0.311111111111111,0.3225,40,0.399305555555556,0.396111111111111,0.0199947563559731,0.388611111111111,0.410833333333333,40,0.909972222222222,0.909444444444444,0.0151001458036729,0.902222222222222,0.92,40
"layout",24,300,2,"gradient","fixed","all",0.05,0.311722222222222,0.312222222222222,0.00784040718364283,0.306666666666667,0.316944444444444,40,0.399305555555556,0.396111111111111,0.0199947563559731,0.388611111111111,0.410833333333333,40,0.909972222222222,0.909444444444444,0.0151001458036729,0.902222222222222,0.92,40
"layout",24,300,2,"gradient","fixed","all",0.01,0.298888888888889,0.298888888888889,0.00999208296922841,0.291944444444444,0.307777777777778,40,0.399305555555556,0.396111111111111,0.0199947563559731,0.388611111111111,0.410833333333333,40,0.909972222222222,0.909444444444444,0.0151001458036729,0.902222222222222,0.92,40
"layout",24,300,2,"gradient","fixed","all",0.2,0.321611111111111,0.322777777777778,0.00677009045161242,0.318333333333333,0.326666666666667,40,0.399305555555556,0.396111111111111,0.0199947563559731,0.388611111111111,0.410833333333333,40,0.909972222222222,0.909444444444444,0.0151001458036729,0.902222222222222,0.92,40
"layout",24,300,2,"gradient","fixed","background",0.2,0,0,0,0,0,40,8.33333333333333e-05,0,0.00052704627669473,0,0,40,0.7995,0.801666666666667,0.0266083764631685,0.7825,0.8175,40
"layout",24,300,2,"gradient","fixed","background",0.1,0,0,0,0,0,40,8.33333333333333e-05,0,0.00052704627669473,0,0,40,0.7995,0.801666666666667,0.0266083764631685,0.7825,0.8175,40
"layout",24,300,2,"gradient","fixed","background",0.05,0,0,0,0,0,40,8.33333333333333e-05,0,0.00052704627669473,0,0,40,0.7995,0.801666666666667,0.0266083764631685,0.7825,0.8175,40
"layout",24,300,2,"gradient","fixed","background",0.01,0,0,0,0,0,40,8.33333333333333e-05,0,0.00052704627669473,0,0,40,0.7995,0.801666666666667,0.0266083764631685,0.7825,0.8175,40
"layout",24,300,2,"gradient","fixed","housekeeping",0.1,0.948166666666667,0.948333333333333,0.0222898543476086,0.9325,0.965,40,0.99425,0.995,0.00500640615253124,0.993333333333333,0.996666666666667,40,0.983083333333333,0.986666666666667,0.0171367468081924,0.979166666666667,0.993333333333333,40
"layout",24,300,2,"gradient","fixed","housekeeping",0.01,0.896416666666667,0.896666666666667,0.0298465925746824,0.873333333333333,0.923333333333333,40,0.99425,0.995,0.00500640615253124,0.993333333333333,0.996666666666667,40,0.983083333333333,0.986666666666667,0.0171367468081924,0.979166666666667,0.993333333333333,40
"layout",24,300,2,"gradient","fixed","housekeeping",0.2,0.961,0.965,0.0188743030663205,0.951666666666667,0.976666666666667,40,0.99425,0.995,0.00500640615253124,0.993333333333333,0.996666666666667,40,0.983083333333333,0.986666666666667,0.0171367468081924,0.979166666666667,0.993333333333333,40
"layout",24,300,2,"gradient","fixed","housekeeping",0.05,0.934416666666667,0.936666666666667,0.0230864533977034,0.92,0.950833333333333,40,0.99425,0.995,0.00500640615253124,0.993333333333333,0.996666666666667,40,0.983083333333333,0.986666666666667,0.0171367468081924,0.979166666666667,0.993333333333333,40
"layout",24,300,2,"gradient","fixed","marker",0.2,0.00383333333333333,0.00333333333333333,0.0040333368651535,0,0.00666666666666667,40,0.203583333333333,0.195,0.0583992911598866,0.175833333333333,0.238333333333333,40,0.947333333333333,0.948333333333333,0.020948995175435,0.9325,0.964166666666667,40
"layout",24,300,2,"gradient","fixed","marker",0.1,0.00175,0,0.00261351952938644,0,0.00333333333333333,40,0.203583333333333,0.195,0.0583992911598866,0.175833333333333,0.238333333333333,40,0.947333333333333,0.948333333333333,0.020948995175435,0.9325,0.964166666666667,40
"layout",24,300,2,"gradient","fixed","marker",0.05,0.00075,0,0.00192264952515564,0,0,40,0.203583333333333,0.195,0.0583992911598866,0.175833333333333,0.238333333333333,40,0.947333333333333,0.948333333333333,0.020948995175435,0.9325,0.964166666666667,40
"layout",24,300,2,"gradient","fixed","marker",0.01,0.00025,0,0.00116636137641764,0,0,40,0.203583333333333,0.195,0.0583992911598866,0.175833333333333,0.238333333333333,40,0.947333333333333,0.948333333333333,0.020948995175435,0.9325,0.964166666666667,40
"layout",24,300,2,"gradient","intercept","all",0.1,0.462833333333333,0.462222222222222,0.0208538076031203,0.45,0.474722222222222,40,0.799333333333333,0.800555555555556,0.0159668856438461,0.794166666666667,0.808888888888889,40,0.91725,0.917222222222222,0.0141823414762838,0.906388888888889,0.927222222222222,40
"layout",24,300,2,"gradient","intercept","all",0.01,0.352166666666667,0.352222222222222,0.0148453033854231,0.34,0.361111111111111,40,0.799333333333333,0.800555555555556,0.0159668856438461,0.794166666666667,0.808888888888889,40,0.91725,0.917222222222222,0.0141823414762838,0.906388888888889,0.927222222222222,40
"layout",24,300,2,"gradient","intercept","all",0.2,0.514611111111111,0.511111111111111,0.0229931104370856,0.501666666666667,0.530833333333333,40,0.799333333333333,0.800555555555556,0.0159668856438461,0.794166666666667,0.808888888888889,40,0.91725,0.917222222222222,0.0141823414762838,0.906388888888889,0.927222222222222,40
"layout",24,300,2,"gradient","intercept","all",0.05,0.420666666666667,0.421666666666667,0.0189295690652284,0.413333333333333,0.431111111111111,40,0.799333333333333,0.800555555555556,0.0159668856438461,0.794166666666667,0.808888888888889,40,0.91725,0.917222222222222,0.0141823414762838,0.906388888888889,0.927222222222222,40
"layout",24,300,2,"gradient","intercept","background",0.2,0.0623333333333333,0.0583333333333333,0.0224077723593458,0.0466666666666667,0.0775,40,0.481083333333333,0.483333333333333,0.0393058537936799,0.465,0.506666666666667,40,0.80975,0.806666666666667,0.026830559393701,0.796666666666667,0.829166666666667,40
"layout",24,300,2,"gradient","intercept","background",0.01,0.000416666666666667,0,0.00171925578546081,0,0,40,0.481083333333333,0.483333333333333,0.0393058537936799,0.465,0.506666666666667,40,0.80975,0.806666666666667,0.026830559393701,0.796666666666667,0.829166666666667,40
"layout",24,300,2,"gradient","intercept","background",0.1,0.02675,0.0266666666666667,0.0132580674789486,0.0191666666666667,0.0333333333333333,40,0.481083333333333,0.483333333333333,0.0393058537936799,0.465,0.506666666666667,40,0.80975,0.806666666666667,0.026830559393701,0.796666666666667,0.829166666666667,40
"layout",24,300,2,"gradient","intercept","background",0.05,0.0105,0.00833333333333333,0.00950483457730224,0.00333333333333333,0.0166666666666667,40,0.481083333333333,0.483333333333333,0.0393058537936799,0.465,0.506666666666667,40,0.80975,0.806666666666667,0.026830559393701,0.796666666666667,0.829166666666667,40
"layout",24,300,2,"gradient","intercept","housekeeping",0.1,0.98675,0.986666666666667,0.00793447165574624,0.98,0.993333333333333,40,0.994083333333333,0.993333333333333,0.0048031032228967,0.99,0.9975,40,0.992416666666667,0.993333333333333,0.00754804176412231,0.989166666666667,1,40
"layout",24,300,2,"gradient","intercept","housekeeping",0.2,0.9905,0.99,0.00601754320390194,0.986666666666667,0.996666666666667,40,0.994083333333333,0.993333333333333,0.0048031032228967,0.99,0.9975,40,0.992416666666667,0.993333333333333,0.00754804176412231,0.989166666666667,1,40
"layout",24,300,2,"gradient","intercept","housekeeping",0.05,0.980416666666667,0.98,0.0107334315438518,0.975833333333333,0.986666666666667,40,0.994083333333333,0.993333333333333,0.0048031032228967,0.99,0.9975,40,0.992416666666667,0.993333333333333,0.00754804176412231,0.989166666666667,1,40
"layout",24,300,2,"gradient","intercept","housekeeping",0.01,0.950166666666667,0.953333333333333,0.0183965499057037,0.9425,0.960833333333333,40,0.994083333333333,0.993333333333333,0.0048031032228967,0.99,0.9975,40,0.992416666666667,0.993333333333333,0.00754804176412231,0.989166666666667,1,40
"layout",24,300,2,"gradient","intercept","marker",0.2,0.491,0.493333333333333,0.0543293742986325,0.46,0.528333333333333,40,0.922833333333333,0.926666666666667,0.0250986657004515,0.9025,0.940833333333333,40,0.949583333333333,0.95,0.0211248830472664,0.93,0.97,40
"layout",24,300,2,"gradient","intercept","marker",0.01,0.105916666666667,0.106666666666667,0.0311552266585905,0.085,0.120833333333333,40,0.922833333333333,0.926666666666667,0.0250986657004515,0.9025,0.940833333333333,40,0.949583333333333,0.95,0.0211248830472664,0.93,0.97,40
"layout",24,300,2,"gradient","intercept","marker",0.1,0.375,0.375,0.0544435722937296,0.34,0.405,40,0.922833333333333,0.926666666666667,0.0250986657004515,0.9025,0.940833333333333,40,0.949583333333333,0.95,0.0211248830472664,0.93,0.97,40
"layout",24,300,2,"gradient","intercept","marker",0.05,0.271083333333333,0.273333333333333,0.0483363541643671,0.246666666666667,0.300833333333333,40,0.922833333333333,0.926666666666667,0.0250986657004515,0.9025,0.940833333333333,40,0.949583333333333,0.95,0.0211248830472664,0.93,0.97,40
"layout",24,300,2,"gradient","slope","all",0.1,0.473888888888889,0.471111111111111,0.0237014778157173,0.458611111111111,0.489166666666667,40,0.806638888888889,0.807222222222222,0.0179081535242025,0.799722222222222,0.816944444444444,40,0.916416666666667,0.917222222222222,0.0145514065115938,0.905555555555556,0.925555555555556,40
"layout",24,300,2,"gradient","slope","all",0.01,0.357444444444444,0.355,0.0163341957638078,0.345555555555556,0.368055555555556,40,0.806638888888889,0.807222222222222,0.0179081535242025,0.799722222222222,0.816944444444444,40,0.916416666666667,0.917222222222222,0.0145514065115938,0.905555555555556,0.925555555555556,40
"layout",24,300,2,"gradient","slope","all",0.2,0.528,0.526111111111111,0.0254882055661429,0.51,0.546388888888889,40,0.806638888888889,0.807222222222222,0.0179081535242025,0.799722222222222,0.816944444444444,40,0.916416666666667,0.917222222222222,0.0145514065115938,0.905555555555556,0.925555555555556,40
"layout",24,300,2,"gradient","slope","all",0.05,0.432027777777778,0.433333333333333,0.0211206868371344,0.4175,0.440833333333333,40,0.806638888888889,0.807222222222222,0.0179081535242025,0.799722222222222,0.816944444444444,40,0.916416666666667,0.917222222222222,0.0145514065115938,0.905555555555556,0.925555555555556,40
"layout",24,300,2,"gradient","slope","background",0.1,0.0363333333333333,0.0383333333333333,0.0193454132611587,0.02,0.0466666666666667,40,0.500333333333333,0.495,0.0424653369621017,0.48,0.524166666666667,40,0.808833333333333,0.808333333333333,0.0282293214033669,0.7925,0.833333333333333,40
"layout",24,300,2,"gradient","slope","background",0.01,0.00125,0,0.00279269498856307,0,0.000833333333333333,40,0.500333333333333,0.495,0.0424653369621017,0.48,0.524166666666667,40,0.808833333333333,0.808333333333333,0.0282293214033669,0.7925,0.833333333333333,40
"layout",24,300,2,"gradient","slope","background",0.05,0.0165833333333333,0.015,0.013555573069906,0.00666666666666667,0.0233333333333333,40,0.500333333333333,0.495,0.0424653369621017,0.48,0.524166666666667,40,0.808833333333333,0.808333333333333,0.0282293214033669,0.7925,0.833333333333333,40
"layout",24,300,2,"gradient","slope","background",0.2,0.0776666666666667,0.08,0.0285070091845773,0.0533333333333333,0.0933333333333333,40,0.500333333333333,0.495,0.0424653369621017,0.48,0.524166666666667,40,0.808833333333333,0.808333333333333,0.0282293214033669,0.7925,0.833333333333333,40
"layout",24,300,2,"gradient","slope","housekeeping",0.2,0.990916666666667,0.993333333333333,0.00658010036380303,0.986666666666667,0.996666666666667,40,0.994,0.995,0.00478601952628518,0.99,0.996666666666667,40,0.99375,0.996666666666667,0.00921993072138412,0.99,1,40
"layout",24,300,2,"gradient","slope","housekeeping",0.1,0.9865,0.988333333333333,0.00939630769454675,0.9825,0.993333333333333,40,0.994,0.995,0.00478601952628518,0.99,0.996666666666667,40,0.99375,0.996666666666667,0.00921993072138412,0.99,1,40
"layout",24,300,2,"gradient","slope","housekeeping",0.05,0.98075,0.983333333333333,0.0118511061909308,0.976666666666667,0.99,40,0.994,0.995,0.00478601952628518,0.99,0.996666666666667,40,0.99375,0.996666666666667,0.00921993072138412,0.99,1,40
"layout",24,300,2,"gradient","slope","housekeeping",0.01,0.950916666666667,0.951666666666667,0.0194656172881894,0.939166666666667,0.966666666666667,40,0.994,0.995,0.00478601952628518,0.99,0.996666666666667,40,0.99375,0.996666666666667,0.00921993072138412,0.99,1,40
"layout",24,300,2,"gradient","slope","marker",0.2,0.515416666666667,0.521666666666667,0.0559338615339301,0.475833333333333,0.56,40,0.925583333333333,0.928333333333333,0.0236111362493582,0.91,0.943333333333333,40,0.946666666666667,0.946666666666667,0.0187501187080763,0.9325,0.96,40
"layout",24,300,2,"gradient","slope","marker",0.1,0.398833333333333,0.395,0.0574012219808976,0.365,0.44,40,0.925583333333333,0.928333333333333,0.0236111362493582,0.91,0.943333333333333,40,0.946666666666667,0.946666666666667,0.0187501187080763,0.9325,0.96,40
"layout",24,300,2,"gradient","slope","marker",0.01,0.120166666666667,0.12,0.0361143325321819,0.0958333333333333,0.133333333333333,40,0.925583333333333,0.928333333333333,0.0236111362493582,0.91,0.943333333333333,40,0.946666666666667,0.946666666666667,0.0187501187080763,0.9325,0.96,40
"layout",24,300,2,"gradient","slope","marker",0.05,0.29875,0.298333333333333,0.0499668693654909,0.263333333333333,0.326666666666667,40,0.925583333333333,0.928333333333333,0.0236111362493582,0.91,0.943333333333333,40,0.946666666666667,0.946666666666667,0.0187501187080763,0.9325,0.96,40
"layout",24,300,2,"multiniche","fixed","all",0.1,0.23125,0.231111111111111,0.0202956737172382,0.2175,0.247777777777778,40,0.368805555555556,0.368333333333333,0.015460408032268,0.3575,0.378055555555556,40,0.760666666666667,0.758333333333333,0.0256992122318642,0.743333333333333,0.78,40
"layout",24,300,2,"multiniche","fixed","all",0.05,0.215,0.213333333333333,0.0211538029870923,0.204166666666667,0.2325,40,0.368805555555556,0.368333333333333,0.015460408032268,0.3575,0.378055555555556,40,0.760666666666667,0.758333333333333,0.0256992122318642,0.743333333333333,0.78,40
"layout",24,300,2,"multiniche","fixed","all",0.2,0.246722222222222,0.245555555555556,0.0194559591465475,0.233333333333333,0.259444444444444,40,0.368805555555556,0.368333333333333,0.015460408032268,0.3575,0.378055555555556,40,0.760666666666667,0.758333333333333,0.0256992122318642,0.743333333333333,0.78,40
"layout",24,300,2,"multiniche","fixed","all",0.01,0.180027777777778,0.18,0.0228161201850263,0.163333333333333,0.196388888888889,40,0.368805555555556,0.368333333333333,0.015460408032268,0.3575,0.378055555555556,40,0.760666666666667,0.758333333333333,0.0256992122318642,0.743333333333333,0.78,40
"layout",24,300,2,"multiniche","fixed","background",0.2,0,0,0,0,0,40,0,0,0,0,0,40,0.543333333333333,0.55,0.0444786193394936,0.5025,0.57,40
"layout",24,300,2,"multiniche","fixed","background",0.01,0,0,0,0,0,40,0,0,0,0,0,40,0.543333333333333,0.55,0.0444786193394936,0.5025,0.57,40
"layout",24,300,2,"multiniche","fixed","background",0.1,0,0,0,0,0,40,0,0,0,0,0,40,0.543333333333333,0.55,0.0444786193394936,0.5025,0.57,40
"layout",24,300,2,"multiniche","fixed","background",0.05,0,0,0,0,0,40,0,0,0,0,0,40,0.543333333333333,0.55,0.0444786193394936,0.5025,0.57,40
"layout",24,300,2,"multiniche","fixed","housekeeping",0.1,0.692416666666667,0.693333333333333,0.0604776217707239,0.6525,0.740833333333333,40,0.9595,0.96,0.0159869961401148,0.95,0.97,40,0.941,0.941666666666667,0.0253769305470265,0.925833333333333,0.963333333333333,40
"layout",24,300,2,"multiniche","fixed","housekeeping",0.2,0.738,0.735,0.057783365936205,0.6975,0.775833333333333,40,0.9595,0.96,0.0159869961401148,0.95,0.97,40,0.941,0.941666666666667,0.0253769305470265,0.925833333333333,0.963333333333333,40
"layout",24,300,2,"multiniche","fixed","housekeeping",0.05,0.644416666666667,0.64,0.0631390971114221,0.6125,0.695,40,0.9595,0.96,0.0159869961401148,0.95,0.97,40,0.941,0.941666666666667,0.0253769305470265,0.925833333333333,0.963333333333333,40
"layout",24,300,2,"multiniche","fixed","housekeeping",0.01,0.539916666666667,0.54,0.0684525226945499,0.49,0.589166666666667,40,0.9595,0.96,0.0159869961401148,0.95,0.97,40,0.941,0.941666666666667,0.0253769305470265,0.925833333333333,0.963333333333333,40
"layout",24,300,2,"multiniche","fixed","marker",0.2,0.00216666666666667,0,0.00287933990535996,0,0.00333333333333333,40,0.146916666666667,0.145,0.037457573340645,0.121666666666667,0.171666666666667,40,0.797666666666667,0.795,0.0370585122924995,0.7825,0.826666666666667,40
"layout",24,300,2,"multiniche","fixed","marker",0.1,0.00133333333333333,0,0.00223925099402568,0,0.00333333333333333,40,0.146916666666667,0.145,0.037457573340645,0.121666666666667,0.171666666666667,40,0.797666666666667,0.795,0.0370585122924995,0.7825,0.826666666666667,40
"layout",24,300,2,"multiniche","fixed","marker",0.05,0.000583333333333333,0,0.00148832110617962,0,0,40,0.146916666666667,0.145,0.037457573340645,0.121666666666667,0.171666666666667,40,0.797666666666667,0.795,0.0370585122924995,0.7825,0.826666666666667,40
"layout",24,300,2,"multiniche","fixed","marker",0.01,0.000166666666666667,0,0.000735738092877174,0,0,40,0.146916666666667,0.145,0.037457573340645,0.121666666666667,0.171666666666667,40,0.797666666666667,0.795,0.0370585122924995,0.7825,0.826666666666667,40
"layout",24,300,2,"multiniche","intercept","all",0.2,0.318694444444444,0.316111111111111,0.0255399277126167,0.297777777777778,0.335,40,0.659916666666667,0.659444444444444,0.0224156644624991,0.645277777777778,0.671666666666667,40,0.787444444444444,0.782777777777778,0.0222964572028533,0.77,0.798333333333333,40
"layout",24,300,2,"multiniche","intercept","all",0.1,0.278472222222222,0.276111111111111,0.0274708830286112,0.253055555555556,0.296944444444444,40,0.659916666666667,0.659444444444444,0.0224156644624991,0.645277777777778,0.671666666666667,40,0.787444444444444,0.782777777777778,0.0222964572028533,0.77,0.798333333333333,40
"layout",24,300,2,"multiniche","intercept","all",0.05,0.24125,0.24,0.0269631987482255,0.216666666666667,0.255555555555556,40,0.659916666666667,0.659444444444444,0.0224156644624991,0.645277777777778,0.671666666666667,40,0.787444444444444,0.782777777777778,0.0222964572028533,0.77,0.798333333333333,40
"layout",24,300,2,"multiniche","intercept","all",0.01,0.154361111111111,0.145,0.0307399383755514,0.132777777777778,0.174166666666667,40,0.659916666666667,0.659444444444444,0.0224156644624991,0.645277777777778,0.671666666666667,40,0.787444444444444,0.782777777777778,0.0222964572028533,0.77,0.798333333333333,40
"layout",24,300,2,"multiniche","intercept","background",0.01,0,0,0,0,0,40,0.2625,0.271666666666667,0.0420673046398045,0.23,0.29,40,0.562833333333333,0.558333333333333,0.0443731265404452,0.534166666666667,0.590833333333333,40
"layout",24,300,2,"multiniche","intercept","background",0.2,0.00308333333333333,0,0.00508545212953808,0,0.00333333333333333,40,0.2625,0.271666666666667,0.0420673046398045,0.23,0.29,40,0.562833333333333,0.558333333333333,0.0443731265404452,0.534166666666667,0.590833333333333,40
"layout",24,300,2,"multiniche","intercept","background",0.1,0.000666666666666667,0,0.00135031915611156,0,0,40,0.2625,0.271666666666667,0.0420673046398045,0.23,0.29,40,0.562833333333333,0.558333333333333,0.0443731265404452,0.534166666666667,0.590833333333333,40
"layout",24,300,2,"multiniche","intercept","background",0.05,8.33333333333333e-05,0,0.00052704627669473,0,0,40,0.2625,0.271666666666667,0.0420673046398045,0.23,0.29,40,0.562833333333333,0.558333333333333,0.0443731265404452,0.534166666666667,0.590833333333333,40
"layout",24,300,2,"multiniche","intercept","housekeeping",0.1,0.763166666666667,0.755,0.0589410348063688,0.719166666666667,0.808333333333333,40,0.988583333333333,0.99,0.00833376067280354,0.986666666666667,0.993333333333333,40,0.979083333333333,0.983333333333333,0.0151533002056485,0.975833333333333,0.986666666666667,40
"layout",24,300,2,"multiniche","intercept","housekeeping",0.05,0.684666666666667,0.681666666666667,0.0662198703190457,0.635833333333333,0.728333333333333,40,0.988583333333333,0.99,0.00833376067280354,0.986666666666667,0.993333333333333,40,0.979083333333333,0.983333333333333,0.0151533002056485,0.975833333333333,0.986666666666667,40
"layout",24,300,2,"multiniche","intercept","housekeeping",0.2,0.832333333333333,0.83,0.0452356917297371,0.795833333333333,0.874166666666667,40,0.988583333333333,0.99,0.00833376067280354,0.986666666666667,0.993333333333333,40,0.979083333333333,0.983333333333333,0.0151533002056485,0.975833333333333,0.986666666666667,40
"layout",24,300,2,"multiniche","intercept","housekeeping",0.01,0.453583333333333,0.43,0.0861370652918592,0.391666666666667,0.514166666666667,40,0.988583333333333,0.99,0.00833376067280354,0.986666666666667,0.993333333333333,40,0.979083333333333,0.983333333333333,0.0151533002056485,0.975833333333333,0.986666666666667,40
"layout",24,300,2,"multiniche","intercept","marker",0.01,0.0095,0.00666666666666667,0.00779180663981408,0.00333333333333333,0.0133333333333333,40,0.728666666666667,0.73,0.045796527568386,0.693333333333333,0.750833333333333,40,0.820416666666667,0.816666666666667,0.0309598352064638,0.8,0.848333333333333,40
"layout",24,300,2,"multiniche","intercept","marker",0.2,0.120666666666667,0.121666666666667,0.034154000153653,0.09,0.141666666666667,40,0.728666666666667,0.73,0.045796527568386,0.693333333333333,0.750833333333333,40,0.820416666666667,0.816666666666667,0.0309598352064638,0.8,0.848333333333333,40
"layout",24,300,2,"multiniche","intercept","marker",0.1,0.0715833333333333,0.0683333333333333,0.0276628820395678,0.0533333333333333,0.0875,40,0.728666666666667,0.73,0.045796527568386,0.693333333333333,0.750833333333333,40,0.820416666666667,0.816666666666667,0.0309598352064638,0.8,0.848333333333333,40
"layout",24,300,2,"multiniche","intercept","marker",0.05,0.039,0.0366666666666667,0.0187683433539221,0.0233333333333333,0.0541666666666667,40,0.728666666666667,0.73,0.045796527568386,0.693333333333333,0.750833333333333,40,0.820416666666667,0.816666666666667,0.0309598352064638,0.8,0.848333333333333,40
"layout",24,300,2,"multiniche","slope","all",0.1,0.278888888888889,0.272222222222222,0.0282607583998932,0.256666666666667,0.297777777777778,40,0.667222222222222,0.663333333333333,0.0236171854093653,0.647777777777778,0.681388888888889,40,0.785388888888889,0.781111111111111,0.0196721305204836,0.771111111111111,0.802222222222222,40
"layout",24,300,2,"multiniche","slope","all",0.01,0.147583333333333,0.142777777777778,0.0327343016511741,0.121388888888889,0.168055555555556,40,0.667222222222222,0.663333333333333,0.0236171854093653,0.647777777777778,0.681388888888889,40,0.785388888888889,0.781111111111111,0.0196721305204836,0.771111111111111,0.802222222222222,40
"layout",24,300,2,"multiniche","slope","all",0.05,0.239027777777778,0.236666666666667,0.0290420959384631,0.213888888888889,0.257777777777778,40,0.667222222222222,0.663333333333333,0.0236171854093653,0.647777777777778,0.681388888888889,40,0.785388888888889,0.781111111111111,0.0196721305204836,0.771111111111111,0.802222222222222,40
"layout",24,300,2,"multiniche","slope","all",0.2,0.319944444444444,0.315,0.028040297958325,0.298611111111111,0.336111111111111,40,0.667222222222222,0.663333333333333,0.0236171854093653,0.647777777777778,0.681388888888889,40,0.785388888888889,0.781111111111111,0.0196721305204836,0.771111111111111,0.802222222222222,40
"layout",24,300,2,"multiniche","slope","background",0.1,0.00116666666666667,0,0.00193188864383891,0,0.00333333333333333,40,0.281083333333333,0.28,0.0425363092761655,0.248333333333333,0.318333333333333,40,0.55875,0.553333333333333,0.0401683600735349,0.526666666666667,0.5875,40
"layout",24,300,2,"multiniche","slope","background",0.01,0,0,0,0,0,40,0.281083333333333,0.28,0.0425363092761655,0.248333333333333,0.318333333333333,40,0.55875,0.553333333333333,0.0401683600735349,0.526666666666667,0.5875,40
"layout",24,300,2,"multiniche","slope","background",0.2,0.00533333333333333,0.00333333333333333,0.00699205898780101,0,0.00666666666666667,40,0.281083333333333,0.28,0.0425363092761655,0.248333333333333,0.318333333333333,40,0.55875,0.553333333333333,0.0401683600735349,0.526666666666667,0.5875,40
"layout",24,300,2,"multiniche","slope","background",0.05,0.000333333333333333,0,0.00101273936708367,0,0,40,0.281083333333333,0.28,0.0425363092761655,0.248333333333333,0.318333333333333,40,0.55875,0.553333333333333,0.0401683600735349,0.526666666666667,0.5875,40
"layout",24,300,2,"multiniche","slope","housekeeping",0.05,0.675583333333333,0.668333333333333,0.0705630085571624,0.62,0.720833333333333,40,0.98875,0.99,0.00859627892730403,0.986666666666667,0.993333333333333,40,0.98225,0.985,0.0144093096686901,0.979166666666667,0.99,40
"layout",24,300,2,"multiniche","slope","housekeeping",0.1,0.759583333333333,0.748333333333333,0.060337075484835,0.709166666666667,0.800833333333333,40,0.98875,0.99,0.00859627892730403,0.986666666666667,0.993333333333333,40,0.98225,0.985,0.0144093096686901,0.979166666666667,0.99,40
"layout",24,300,2,"multiniche","slope","housekeeping",0.01,0.4335,0.42,0.0918842018668419,0.360833333333333,0.491666666666667,40,0.98875,0.99,0.00859627892730403,0.986666666666667,0.993333333333333,40,0.98225,0.985,0.0144093096686901,0.979166666666667,0.99,40
"layout",24,300,2,"multiniche","slope","housekeeping",0.2,0.82975,0.823333333333333,0.0471971527220787,0.79,0.864166666666667,40,0.98875,0.99,0.00859627892730403,0.986666666666667,0.993333333333333,40,0.98225,0.985,0.0144093096686901,0.979166666666667,0.99,40
"layout",24,300,2,"multiniche","slope","marker",0.1,0.0759166666666667,0.075,0.0282992504909155,0.0591666666666667,0.0908333333333333,40,0.731833333333333,0.73,0.0432770838077843,0.693333333333333,0.754166666666667,40,0.815166666666667,0.818333333333333,0.0264084722656841,0.8,0.833333333333333,40
"layout",24,300,2,"multiniche","slope","marker",0.01,0.00925,0.00666666666666667,0.00767901272737821,0.00333333333333333,0.0133333333333333,40,0.731833333333333,0.73,0.0432770838077843,0.693333333333333,0.754166666666667,40,0.815166666666667,0.818333333333333,0.0264084722656841,0.8,0.833333333333333,40
"layout",24,300,2,"multiniche","slope","marker",0.05,0.0411666666666667,0.04,0.0199079076330183,0.0258333333333333,0.0533333333333333,40,0.731833333333333,0.73,0.0432770838077843,0.693333333333333,0.754166666666667,40,0.815166666666667,0.818333333333333,0.0264084722656841,0.8,0.833333333333333,40
"layout",24,300,2,"multiniche","slope","marker",0.2,0.12475,0.12,0.0385187821873509,0.0966666666666667,0.140833333333333,40,0.731833333333333,0.73,0.0432770838077843,0.693333333333333,0.754166666666667,40,0.815166666666667,0.818333333333333,0.0264084722656841,0.8,0.833333333333333,40
"layout",24,300,2,"random","fixed","all",0.1,0.00372222222222222,0.00222222222222222,0.0032178475067605,0.00111111111111111,0.00555555555555556,40,0.0784444444444444,0.0783333333333333,0.015481713216821,0.0663888888888889,0.0841666666666667,40,0.554638888888889,0.555555555555556,0.0219627119321879,0.5425,0.567777777777778,40
"layout",24,300,2,"random","fixed","all",0.05,0.00269444444444444,0.00111111111111111,0.00273195828568212,0.00111111111111111,0.00333333333333333,40,0.0784444444444444,0.0783333333333333,0.015481713216821,0.0663888888888889,0.0841666666666667,40,0.554638888888889,0.555555555555556,0.0219627119321879,0.5425,0.567777777777778,40
"layout",24,300,2,"random","fixed","all",0.2,0.00497222222222222,0.00333333333333333,0.00381585884532505,0.00222222222222222,0.00694444444444444,40,0.0784444444444444,0.0783333333333333,0.015481713216821,0.0663888888888889,0.0841666666666667,40,0.554638888888889,0.555555555555556,0.0219627119321879,0.5425,0.567777777777778,40
"layout",24,300,2,"random","fixed","all",0.01,0.00172222222222222,0.00111111111111111,0.001996356288312,0,0.00222222222222222,40,0.0784444444444444,0.0783333333333333,0.015481713216821,0.0663888888888889,0.0841666666666667,40,0.554638888888889,0.555555555555556,0.0219627119321879,0.5425,0.567777777777778,40
"layout",24,300,2,"random","fixed","background",0.01,0,0,0,0,0,40,0,0,0,0,0,40,0.51725,0.52,0.0230679350967881,0.506666666666667,0.530833333333333,40
"layout",24,300,2,"random","fixed","background",0.2,0,0,0,0,0,40,0,0,0,0,0,40,0.51725,0.52,0.0230679350967881,0.506666666666667,0.530833333333333,40
"layout",24,300,2,"random","fixed","background",0.1,0,0,0,0,0,40,0,0,0,0,0,40,0.51725,0.52,0.0230679350967881,0.506666666666667,0.530833333333333,40
"layout",24,300,2,"random","fixed","background",0.05,0,0,0,0,0,40,0,0,0,0,0,40,0.51725,0.52,0.0230679350967881,0.506666666666667,0.530833333333333,40
"layout",24,300,2,"random","fixed","housekeeping",0.1,0.0111666666666667,0.00666666666666667,0.00965354252028152,0.00333333333333333,0.0166666666666667,40,0.234416666666667,0.235,0.0460111933612889,0.198333333333333,0.251666666666667,40,0.618666666666667,0.616666666666667,0.0458959556653824,0.5825,0.648333333333333,40
"layout",24,300,2,"random","fixed","housekeeping",0.05,0.00808333333333333,0.00333333333333333,0.00819587485704636,0.00333333333333333,0.01,40,0.234416666666667,0.235,0.0460111933612889,0.198333333333333,0.251666666666667,40,0.618666666666667,0.616666666666667,0.0458959556653824,0.5825,0.648333333333333,40
"layout",24,300,2,"random","fixed","housekeeping",0.01,0.00516666666666667,0.00333333333333333,0.00598906886493601,0,0.00666666666666667,40,0.234416666666667,0.235,0.0460111933612889,0.198333333333333,0.251666666666667,40,0.618666666666667,0.616666666666667,0.0458959556653824,0.5825,0.648333333333333,40
"layout",24,300,2,"random","fixed","housekeeping",0.2,0.0149166666666667,0.01,0.0114475765359751,0.00666666666666667,0.0208333333333333,40,0.234416666666667,0.235,0.0460111933612889,0.198333333333333,0.251666666666667,40,0.618666666666667,0.616666666666667,0.0458959556653824,0.5825,0.648333333333333,40
"layout",24,300,2,"random","fixed","marker",0.2,0,0,0,0,0,40,0.000916666666666667,0,0.00150734195592101,0,0.00333333333333333,40,0.528,0.526666666666667,0.0278661841041111,0.51,0.544166666666667,40
"layout",24,300,2,"random","fixed","marker",0.1,0,0,0,0,0,40,0.000916666666666667,0,0.00150734195592101,0,0.00333333333333333,40,0.528,0.526666666666667,0.0278661841041111,0.51,0.544166666666667,40
"layout",24,300,2,"random","fixed","marker",0.01,0,0,0,0,0,40,0.000916666666666667,0,0.00150734195592101,0,0.00333333333333333,40,0.528,0.526666666666667,0.0278661841041111,0.51,0.544166666666667,40
"layout",24,300,2,"random","fixed","marker",0.05,0,0,0,0,0,40,0.000916666666666667,0,0.00150734195592101,0,0.00333333333333333,40,0.528,0.526666666666667,0.0278661841041111,0.51,0.544166666666667,40
"layout",24,300,2,"random","intercept","all",0.2,0.00116666666666667,0,0.00239961482611416,0,0.00111111111111111,40,0.172888888888889,0.176111111111111,0.026443510721144,0.150833333333333,0.1875,40,0.571777777777778,0.566666666666667,0.0268427236670415,0.554166666666667,0.585833333333333,40
"layout",24,300,2,"random","intercept","all",0.1,0.00102777777777778,0,0.00226996436278056,0,0.00111111111111111,40,0.172888888888889,0.176111111111111,0.026443510721144,0.150833333333333,0.1875,40,0.571777777777778,0.566666666666667,0.0268427236670415,0.554166666666667,0.585833333333333,40
"layout",24,300,2,"random","intercept","all",0.05,0.000916666666666667,0,0.00199536499956311,0,0.00111111111111111,40,0.172888888888889,0.176111111111111,0.026443510721144,0.150833333333333,0.1875,40,0.571777777777778,0.566666666666667,0.0268427236670415,0.554166666666667,0.585833333333333,40
"layout",24,300,2,"random","intercept","all",0.01,0.000555555555555556,0,0.00130744090092123,0,0.00111111111111111,40,0.172888888888889,0.176111111111111,0.026443510721144,0.150833333333333,0.1875,40,0.571777777777778,0.566666666666667,0.0268427236670415,0.554166666666667,0.585833333333333,40
"layout",24,300,2,"random","intercept","background",0.2,0,0,0,0,0,40,0.08525,0.085,0.0221222645064782,0.07,0.1,40,0.521916666666667,0.518333333333333,0.0286732997692648,0.503333333333333,0.543333333333333,40
"layout",24,300,2,"random","intercept","background",0.01,0,0,0,0,0,40,0.08525,0.085,0.0221222645064782,0.07,0.1,40,0.521916666666667,0.518333333333333,0.0286732997692648,0.503333333333333,0.543333333333333,40
"layout",24,300,2,"random","intercept","background",0.1,0,0,0,0,0,40,0.08525,0.085,0.0221222645064782,0.07,0.1,40,0.521916666666667,0.518333333333333,0.0286732997692648,0.503333333333333,0.543333333333333,40
"layout",24,300,2,"random","intercept","background",0.05,0,0,0,0,0,40,0.08525,0.085,0.0221222645064782,0.07,0.1,40,0.521916666666667,0.518333333333333,0.0286732997692648,0.503333333333333,0.543333333333333,40
"layout",24,300,2,"random","intercept","housekeeping",0.1,0.00308333333333333,0,0.00680989308834169,0,0.00333333333333333,40,0.326333333333333,0.33,0.0530752301641741,0.2825,0.36,40,0.659666666666667,0.651666666666667,0.0544634538591504,0.624166666666667,0.71,40
"layout",24,300,2,"random","intercept","housekeeping",0.05,0.00275,0,0.00598609499868932,0,0.00333333333333333,40,0.326333333333333,0.33,0.0530752301641741,0.2825,0.36,40,0.659666666666667,0.651666666666667,0.0544634538591504,0.624166666666667,0.71,40
"layout",24,300,2,"random","intercept","housekeeping",0.2,0.0035,0,0.00719884447834247,0,0.00333333333333333,40,0.326333333333333,0.33,0.0530752301641741,0.2825,0.36,40,0.659666666666667,0.651666666666667,0.0544634538591504,0.624166666666667,0.71,40
"layout",24,300,2,"random","intercept","housekeeping",0.01,0.00166666666666667,0,0.00392232270276368,0,0.00333333333333333,40,0.326333333333333,0.33,0.0530752301641741,0.2825,0.36,40,0.659666666666667,0.651666666666667,0.0544634538591504,0.624166666666667,0.71,40
"layout",24,300,2,"random","intercept","marker",0.2,0,0,0,0,0,40,0.107083333333333,0.11,0.0231825101084584,0.0925,0.124166666666667,40,0.53375,0.535,0.0316694780578373,0.5125,0.56,40
"layout",24,300,2,"random","intercept","marker",0.01,0,0,0,0,0,40,0.107083333333333,0.11,0.0231825101084584,0.0925,0.124166666666667,40,0.53375,0.535,0.0316694780578373,0.5125,0.56,40
"layout",24,300,2,"random","intercept","marker",0.1,0,0,0,0,0,40,0.107083333333333,0.11,0.0231825101084584,0.0925,0.124166666666667,40,0.53375,0.535,0.0316694780578373,0.5125,0.56,40
"layout",24,300,2,"random","intercept","marker",0.05,0,0,0,0,0,40,0.107083333333333,0.11,0.0231825101084584,0.0925,0.124166666666667,40,0.53375,0.535,0.0316694780578373,0.5125,0.56,40
"layout",24,300,2,"random","slope","all",0.01,0.000111111111111111,0,0.000337579789027889,0,0,40,0.177527777777778,0.181666666666667,0.0276097338676389,0.156111111111111,0.195277777777778,40,0.570666666666667,0.563888888888889,0.0272836970849324,0.555555555555556,0.589166666666667,40
"layout",24,300,2,"random","slope","all",0.1,0.000361111111111111,0,0.000635924623381065,0,0.00111111111111111,40,0.177527777777778,0.181666666666667,0.0276097338676389,0.156111111111111,0.195277777777778,40,0.570666666666667,0.563888888888889,0.0272836970849324,0.555555555555556,0.589166666666667,40
"layout",24,300,2,"random","slope","all",0.2,0.000472222222222222,0,0.000791194816148557,0,0.00111111111111111,40,0.177527777777778,0.181666666666667,0.0276097338676389,0.156111111111111,0.195277777777778,40,0.570666666666667,0.563888888888889,0.0272836970849324,0.555555555555556,0.589166666666667,40
"layout",24,300,2,"random","slope","all",0.05,0.000305555555555556,0,0.000615691202514243,0,0,40,0.177527777777778,0.181666666666667,0.0276097338676389,0.156111111111111,0.195277777777778,40,0.570666666666667,0.563888888888889,0.0272836970849324,0.555555555555556,0.589166666666667,40
"layout",24,300,2,"random","slope","background",0.01,0,0,0,0,0,40,0.0985833333333333,0.0933333333333333,0.0268039999991497,0.0766666666666667,0.114166666666667,40,0.518583333333333,0.516666666666667,0.0285138792615335,0.499166666666667,0.533333333333333,40
"layout",24,300,2,"random","slope","background",0.05,0,0,0,0,0,40,0.0985833333333333,0.0933333333333333,0.0268039999991497,0.0766666666666667,0.114166666666667,40,0.518583333333333,0.516666666666667,0.0285138792615335,0.499166666666667,0.533333333333333,40
"layout",24,300,2,"random","slope","background",0.2,0,0,0,0,0,40,0.0985833333333333,0.0933333333333333,0.0268039999991497,0.0766666666666667,0.114166666666667,40,0.518583333333333,0.516666666666667,0.0285138792615335,0.499166666666667,0.533333333333333,40
"layout",24,300,2,"random","slope","background",0.1,0,0,0,0,0,40,0.0985833333333333,0.0933333333333333,0.0268039999991497,0.0766666666666667,0.114166666666667,40,0.518583333333333,0.516666666666667,0.0285138792615335,0.499166666666667,0.533333333333333,40
"layout",24,300,2,"random","slope","housekeeping",0.05,0.000916666666666667,0,0.00184707360754273,0,0,40,0.317083333333333,0.313333333333333,0.0536591941498297,0.276666666666667,0.3575,40,0.65675,0.653333333333333,0.0544984251843881,0.62,0.700833333333333,40
"layout",24,300,2,"random","slope","housekeeping",0.01,0.000333333333333333,0,0.00101273936708367,0,0,40,0.317083333333333,0.313333333333333,0.0536591941498297,0.276666666666667,0.3575,40,0.65675,0.653333333333333,0.0544984251843881,0.62,0.700833333333333,40
"layout",24,300,2,"random","slope","housekeeping",0.1,0.00108333333333333,0,0.00190777387014319,0,0.00333333333333333,40,0.317083333333333,0.313333333333333,0.0536591941498297,0.276666666666667,0.3575,40,0.65675,0.653333333333333,0.0544984251843881,0.62,0.700833333333333,40
"layout",24,300,2,"random","slope","housekeeping",0.2,0.00141666666666667,0,0.00237358444844567,0,0.00333333333333333,40,0.317083333333333,0.313333333333333,0.0536591941498297,0.276666666666667,0.3575,40,0.65675,0.653333333333333,0.0544984251843881,0.62,0.700833333333333,40
"layout",24,300,2,"random","slope","marker",0.05,0,0,0,0,0,40,0.116916666666667,0.12,0.0237434951355853,0.101666666666667,0.136666666666667,40,0.536666666666667,0.536666666666667,0.0354297989730489,0.515833333333333,0.5575,40
"layout",24,300,2,"random","slope","marker",0.01,0,0,0,0,0,40,0.116916666666667,0.12,0.0237434951355853,0.101666666666667,0.136666666666667,40,0.536666666666667,0.536666666666667,0.0354297989730489,0.515833333333333,0.5575,40
"layout",24,300,2,"random","slope","marker",0.1,0,0,0,0,0,40,0.116916666666667,0.12,0.0237434951355853,0.101666666666667,0.136666666666667,40,0.536666666666667,0.536666666666667,0.0354297989730489,0.515833333333333,0.5575,40
"layout",24,300,2,"random","slope","marker",0.2,0,0,0,0,0,40,0.116916666666667,0.12,0.0237434951355853,0.101666666666667,0.136666666666667,40,0.536666666666667,0.536666666666667,0.0354297989730489,0.515833333333333,0.5575,40
"samples",10,300,2,"gradient","fixed","all",0.1,0.220305555555556,0.223888888888889,0.0220692562956019,0.205277777777778,0.231388888888889,40,0.338194444444444,0.337777777777778,0.0146407599478938,0.3275,0.349166666666667,40,0.823805555555556,0.825,0.0214626415566544,0.810833333333333,0.836944444444444,40
"samples",10,300,2,"gradient","fixed","all",0.2,0.239722222222222,0.243888888888889,0.0198550460924664,0.2275,0.251388888888889,40,0.338194444444444,0.337777777777778,0.0146407599478938,0.3275,0.349166666666667,40,0.823805555555556,0.825,0.0214626415566544,0.810833333333333,0.836944444444444,40
"samples",10,300,2,"gradient","fixed","all",0.05,0.203,0.206666666666667,0.0242353136425017,0.189722222222222,0.216111111111111,40,0.338194444444444,0.337777777777778,0.0146407599478938,0.3275,0.349166666666667,40,0.823805555555556,0.825,0.0214626415566544,0.810833333333333,0.836944444444444,40
"samples",10,300,2,"gradient","fixed","all",0.01,0.15975,0.164444444444444,0.025670480470468,0.145833333333333,0.173888888888889,40,0.338194444444444,0.337777777777778,0.0146407599478938,0.3275,0.349166666666667,40,0.823805555555556,0.825,0.0214626415566544,0.810833333333333,0.836944444444444,40
"samples",10,300,2,"gradient","fixed","background",0.2,0,0,0,0,0,40,0.00025,0,0.00116636137641764,0,0,40,0.6645,0.666666666666667,0.0349076926843784,0.639166666666667,0.691666666666667,40
"samples",10,300,2,"gradient","fixed","background",0.1,0,0,0,0,0,40,0.00025,0,0.00116636137641764,0,0,40,0.6645,0.666666666666667,0.0349076926843784,0.639166666666667,0.691666666666667,40
"samples",10,300,2,"gradient","fixed","background",0.05,0,0,0,0,0,40,0.00025,0,0.00116636137641764,0,0,40,0.6645,0.666666666666667,0.0349076926843784,0.639166666666667,0.691666666666667,40
"samples",10,300,2,"gradient","fixed","background",0.01,0,0,0,0,0,40,0.00025,0,0.00116636137641764,0,0,40,0.6645,0.666666666666667,0.0349076926843784,0.639166666666667,0.691666666666667,40
"samples",10,300,2,"gradient","fixed","housekeeping",0.01,0.479166666666667,0.493333333333333,0.0770013134901105,0.4375,0.521666666666667,40,0.94525,0.946666666666667,0.0201968588006429,0.93,0.963333333333333,40,0.96975,0.973333333333333,0.0181696265133692,0.955833333333333,0.984166666666667,40
"samples",10,300,2,"gradient","fixed","housekeeping",0.1,0.660416666666667,0.671666666666667,0.0659153713661403,0.615833333333333,0.691666666666667,40,0.94525,0.946666666666667,0.0201968588006429,0.93,0.963333333333333,40,0.96975,0.973333333333333,0.0181696265133692,0.955833333333333,0.984166666666667,40
"samples",10,300,2,"gradient","fixed","housekeeping",0.2,0.718333333333333,0.73,0.0589509429544064,0.6825,0.751666666666667,40,0.94525,0.946666666666667,0.0201968588006429,0.93,0.963333333333333,40,0.96975,0.973333333333333,0.0181696265133692,0.955833333333333,0.984166666666667,40
"samples",10,300,2,"gradient","fixed","housekeeping",0.05,0.60875,0.62,0.0726568937990348,0.569166666666667,0.648333333333333,40,0.94525,0.946666666666667,0.0201968588006429,0.93,0.963333333333333,40,0.96975,0.973333333333333,0.0181696265133692,0.955833333333333,0.984166666666667,40
"samples",10,300,2,"gradient","fixed","marker",0.1,5e-04,0,0.00142224893137313,0,0,40,0.0690833333333333,0.0633333333333333,0.0315053244719916,0.0466666666666667,0.085,40,0.837166666666667,0.828333333333333,0.0452189986041026,0.816666666666667,0.861666666666667,40
"samples",10,300,2,"gradient","fixed","marker",0.01,8.33333333333333e-05,0,0.00052704627669473,0,0,40,0.0690833333333333,0.0633333333333333,0.0315053244719916,0.0466666666666667,0.085,40,0.837166666666667,0.828333333333333,0.0452189986041026,0.816666666666667,0.861666666666667,40
"samples",10,300,2,"gradient","fixed","marker",0.2,0.000833333333333333,0,0.00196116135138184,0,0,40,0.0690833333333333,0.0633333333333333,0.0315053244719916,0.0466666666666667,0.085,40,0.837166666666667,0.828333333333333,0.0452189986041026,0.816666666666667,0.861666666666667,40
"samples",10,300,2,"gradient","fixed","marker",0.05,0.00025,0,0.00116636137641764,0,0,40,0.0690833333333333,0.0633333333333333,0.0315053244719916,0.0466666666666667,0.085,40,0.837166666666667,0.828333333333333,0.0452189986041026,0.816666666666667,0.861666666666667,40
"samples",10,300,2,"gradient","intercept","all",0.1,0.00322222222222222,0.00222222222222222,0.00384735657041693,0.000833333333333333,0.00472222222222222,40,0.546222222222222,0.546666666666667,0.0276730790404155,0.532222222222222,0.56,40,0.8315,0.832777777777778,0.01636004753749,0.823055555555556,0.843055555555555,40
"samples",10,300,2,"gradient","intercept","all",0.05,0.00163888888888889,0.00111111111111111,0.00230593739329404,0,0.00222222222222222,40,0.546222222222222,0.546666666666667,0.0276730790404155,0.532222222222222,0.56,40,0.8315,0.832777777777778,0.01636004753749,0.823055555555556,0.843055555555555,40
"samples",10,300,2,"gradient","intercept","all",0.2,0.0197777777777778,0.00444444444444444,0.0317458648754263,0.00111111111111111,0.0186111111111111,40,0.546222222222222,0.546666666666667,0.0276730790404155,0.532222222222222,0.56,40,0.8315,0.832777777777778,0.01636004753749,0.823055555555556,0.843055555555555,40
"samples",10,300,2,"gradient","intercept","all",0.01,0.000333333333333333,0,0.000763192508273651,0,0,40,0.546222222222222,0.546666666666667,0.0276730790404155,0.532222222222222,0.56,40,0.8315,0.832777777777778,0.01636004753749,0.823055555555556,0.843055555555555,40
"samples",10,300,2,"gradient","intercept","background",0.2,0,0,0,0,0,40,0.160666666666667,0.161666666666667,0.0376760823266854,0.13,0.184166666666667,40,0.670666666666667,0.673333333333333,0.0297108573207682,0.643333333333333,0.69,40
"samples",10,300,2,"gradient","intercept","background",0.1,0,0,0,0,0,40,0.160666666666667,0.161666666666667,0.0376760823266854,0.13,0.184166666666667,40,0.670666666666667,0.673333333333333,0.0297108573207682,0.643333333333333,0.69,40
"samples",10,300,2,"gradient","intercept","background",0.01,0,0,0,0,0,40,0.160666666666667,0.161666666666667,0.0376760823266854,0.13,0.184166666666667,40,0.670666666666667,0.673333333333333,0.0297108573207682,0.643333333333333,0.69,40
"samples",10,300,2,"gradient","intercept","background",0.05,0,0,0,0,0,40,0.160666666666667,0.161666666666667,0.0376760823266854,0.13,0.184166666666667,40,0.670666666666667,0.673333333333333,0.0297108573207682,0.643333333333333,0.69,40
"samples",10,300,2,"gradient","intercept","housekeeping",0.1,0.00966666666666667,0.00666666666666667,0.0115420697112508,0.0025,0.0141666666666667,40,0.973916666666667,0.975,0.0124238420728795,0.966666666666667,0.983333333333333,40,0.98775,0.988333333333333,0.00737237084334829,0.983333333333333,0.994166666666667,40
"samples",10,300,2,"gradient","intercept","housekeeping",0.05,0.00491666666666667,0.00333333333333333,0.00691781217988212,0,0.00666666666666667,40,0.973916666666667,0.975,0.0124238420728795,0.966666666666667,0.983333333333333,40,0.98775,0.988333333333333,0.00737237084334829,0.983333333333333,0.994166666666667,40
"samples",10,300,2,"gradient","intercept","housekeeping",0.2,0.0590833333333333,0.0133333333333333,0.0944469205306388,0.00333333333333333,0.0558333333333333,40,0.973916666666667,0.975,0.0124238420728795,0.966666666666667,0.983333333333333,40,0.98775,0.988333333333333,0.00737237084334829,0.983333333333333,0.994166666666667,40
"samples",10,300,2,"gradient","intercept","housekeeping",0.01,0.001,0,0.00228957752482095,0,0,40,0.973916666666667,0.975,0.0124238420728795,0.966666666666667,0.983333333333333,40,0.98775,0.988333333333333,0.00737237084334829,0.983333333333333,0.994166666666667,40
"samples",10,300,2,"gradient","intercept","marker",0.1,0,0,0,0,0,40,0.504083333333333,0.508333333333333,0.0528799505842164,0.476666666666667,0.5275,40,0.836083333333333,0.83,0.028563793749961,0.819166666666667,0.853333333333333,40
"samples",10,300,2,"gradient","intercept","marker",0.01,0,0,0,0,0,40,0.504083333333333,0.508333333333333,0.0528799505842164,0.476666666666667,0.5275,40,0.836083333333333,0.83,0.028563793749961,0.819166666666667,0.853333333333333,40
"samples",10,300,2,"gradient","intercept","marker",0.2,0.00025,0,0.00116636137641764,0,0,40,0.504083333333333,0.508333333333333,0.0528799505842164,0.476666666666667,0.5275,40,0.836083333333333,0.83,0.028563793749961,0.819166666666667,0.853333333333333,40
"samples",10,300,2,"gradient","intercept","marker",0.05,0,0,0,0,0,40,0.504083333333333,0.508333333333333,0.0528799505842164,0.476666666666667,0.5275,40,0.836083333333333,0.83,0.028563793749961,0.819166666666667,0.853333333333333,40
"samples",10,300,2,"gradient","slope","all",0.2,0.0128055555555556,0.00166666666666667,0.0294327370156167,0.00111111111111111,0.00694444444444444,40,0.55225,0.553888888888889,0.02993978075518,0.535277777777778,0.57,40,0.829305555555556,0.828333333333333,0.0171223323179874,0.816388888888889,0.839444444444444,40
"samples",10,300,2,"gradient","slope","all",0.1,0.0035,0.00111111111111111,0.0101509655664371,0,0.00333333333333333,40,0.55225,0.553888888888889,0.02993978075518,0.535277777777778,0.57,40,0.829305555555556,0.828333333333333,0.0171223323179874,0.816388888888889,0.839444444444444,40
"samples",10,300,2,"gradient","slope","all",0.05,0.00152777777777778,0.00111111111111111,0.00314961420531021,0,0.00222222222222222,40,0.55225,0.553888888888889,0.02993978075518,0.535277777777778,0.57,40,0.829305555555556,0.828333333333333,0.0171223323179874,0.816388888888889,0.839444444444444,40
"samples",10,300,2,"gradient","slope","all",0.01,0.000222222222222222,0,0.000573775310549247,0,0,40,0.55225,0.553888888888889,0.02993978075518,0.535277777777778,0.57,40,0.829305555555556,0.828333333333333,0.0171223323179874,0.816388888888889,0.839444444444444,40
"samples",10,300,2,"gradient","slope","background",0.1,0,0,0,0,0,40,0.169916666666667,0.17,0.0396242141572341,0.14,0.190833333333333,40,0.667,0.668333333333333,0.032658118539694,0.6525,0.684166666666667,40
"samples",10,300,2,"gradient","slope","background",0.01,0,0,0,0,0,40,0.169916666666667,0.17,0.0396242141572341,0.14,0.190833333333333,40,0.667,0.668333333333333,0.032658118539694,0.6525,0.684166666666667,40
"samples",10,300,2,"gradient","slope","background",0.2,0,0,0,0,0,40,0.169916666666667,0.17,0.0396242141572341,0.14,0.190833333333333,40,0.667,0.668333333333333,0.032658118539694,0.6525,0.684166666666667,40
"samples",10,300,2,"gradient","slope","background",0.05,0,0,0,0,0,40,0.169916666666667,0.17,0.0396242141572341,0.14,0.190833333333333,40,0.667,0.668333333333333,0.032658118539694,0.6525,0.684166666666667,40
"samples",10,300,2,"gradient","slope","housekeeping",0.2,0.03825,0.005,0.0876277658971479,0.00333333333333333,0.0208333333333333,40,0.974,0.975,0.0129474062126484,0.966666666666667,0.983333333333333,40,0.988833333333333,0.99,0.00832221480492179,0.986666666666667,0.993333333333333,40
"samples",10,300,2,"gradient","slope","housekeeping",0.1,0.0105,0.00333333333333333,0.0304528966993112,0,0.01,40,0.974,0.975,0.0129474062126484,0.966666666666667,0.983333333333333,40,0.988833333333333,0.99,0.00832221480492179,0.986666666666667,0.993333333333333,40
"samples",10,300,2,"gradient","slope","housekeeping",0.05,0.00458333333333333,0.00333333333333333,0.00944884261593063,0,0.00666666666666667,40,0.974,0.975,0.0129474062126484,0.966666666666667,0.983333333333333,40,0.988833333333333,0.99,0.00832221480492179,0.986666666666667,0.993333333333333,40
"samples",10,300,2,"gradient","slope","housekeeping",0.01,0.000666666666666667,0,0.00172132593164774,0,0,40,0.974,0.975,0.0129474062126484,0.966666666666667,0.983333333333333,40,0.988833333333333,0.99,0.00832221480492179,0.986666666666667,0.993333333333333,40
"samples",10,300,2,"gradient","slope","marker",0.01,0,0,0,0,0,40,0.512833333333333,0.511666666666667,0.0501936421213057,0.489166666666667,0.544166666666667,40,0.832083333333333,0.83,0.026188963770295,0.809166666666667,0.846666666666667,40
"samples",10,300,2,"gradient","slope","marker",0.2,0.000166666666666667,0,0.00105409255338946,0,0,40,0.512833333333333,0.511666666666667,0.0501936421213057,0.489166666666667,0.544166666666667,40,0.832083333333333,0.83,0.026188963770295,0.809166666666667,0.846666666666667,40
"samples",10,300,2,"gradient","slope","marker",0.1,0,0,0,0,0,40,0.512833333333333,0.511666666666667,0.0501936421213057,0.489166666666667,0.544166666666667,40,0.832083333333333,0.83,0.026188963770295,0.809166666666667,0.846666666666667,40
"samples",10,300,2,"gradient","slope","marker",0.05,0,0,0,0,0,40,0.512833333333333,0.511666666666667,0.0501936421213057,0.489166666666667,0.544166666666667,40,0.832083333333333,0.83,0.026188963770295,0.809166666666667,0.846666666666667,40
"samples",16,300,2,"gradient","fixed","all",0.1,0.287277777777778,0.286666666666667,0.0151115929200883,0.275277777777778,0.298055555555556,40,0.367333333333333,0.366666666666667,0.0172092129893429,0.358611111111111,0.379166666666667,40,0.868777777777778,0.869444444444444,0.0140135149346281,0.859722222222222,0.878888888888889,40
"samples",16,300,2,"gradient","fixed","all",0.05,0.27775,0.278333333333333,0.0176374222644416,0.261944444444444,0.292222222222222,40,0.367333333333333,0.366666666666667,0.0172092129893429,0.358611111111111,0.379166666666667,40,0.868777777777778,0.869444444444444,0.0140135149346281,0.859722222222222,0.878888888888889,40
"samples",16,300,2,"gradient","fixed","all",0.01,0.252694444444444,0.256666666666667,0.0209324990306823,0.2375,0.266388888888889,40,0.367333333333333,0.366666666666667,0.0172092129893429,0.358611111111111,0.379166666666667,40,0.868777777777778,0.869444444444444,0.0140135149346281,0.859722222222222,0.878888888888889,40
"samples",16,300,2,"gradient","fixed","all",0.2,0.296861111111111,0.299444444444444,0.0129255973476389,0.286666666666667,0.304722222222222,40,0.367333333333333,0.366666666666667,0.0172092129893429,0.358611111111111,0.379166666666667,40,0.868777777777778,0.869444444444444,0.0140135149346281,0.859722222222222,0.878888888888889,40
"samples",16,300,2,"gradient","fixed","background",0.2,0,0,0,0,0,40,0.000333333333333333,0,0.00101273936708367,0,0,40,0.731666666666667,0.733333333333333,0.0246340741014881,0.7225,0.741666666666667,40
"samples",16,300,2,"gradient","fixed","background",0.1,0,0,0,0,0,40,0.000333333333333333,0,0.00101273936708367,0,0,40,0.731666666666667,0.733333333333333,0.0246340741014881,0.7225,0.741666666666667,40
"samples",16,300,2,"gradient","fixed","background",0.01,0,0,0,0,0,40,0.000333333333333333,0,0.00101273936708367,0,0,40,0.731666666666667,0.733333333333333,0.0246340741014881,0.7225,0.741666666666667,40
"samples",16,300,2,"gradient","fixed","background",0.05,0,0,0,0,0,40,0.000333333333333333,0,0.00101273936708367,0,0,40,0.731666666666667,0.733333333333333,0.0246340741014881,0.7225,0.741666666666667,40
"samples",16,300,2,"gradient","fixed","housekeeping",0.1,0.86125,0.858333333333333,0.044655614782734,0.825833333333333,0.893333333333333,40,0.985583333333333,0.986666666666667,0.011282124125639,0.98,0.996666666666667,40,0.98075,0.986666666666667,0.0202897459120066,0.9725,0.996666666666667,40
"samples",16,300,2,"gradient","fixed","housekeeping",0.01,0.758083333333333,0.77,0.0627974970920469,0.7125,0.799166666666667,40,0.985583333333333,0.986666666666667,0.011282124125639,0.98,0.996666666666667,40,0.98075,0.986666666666667,0.0202897459120066,0.9725,0.996666666666667,40
"samples",16,300,2,"gradient","fixed","housekeeping",0.05,0.832916666666667,0.835,0.0525432259981303,0.785833333333333,0.876666666666667,40,0.985583333333333,0.986666666666667,0.011282124125639,0.98,0.996666666666667,40,0.98075,0.986666666666667,0.0202897459120066,0.9725,0.996666666666667,40
"samples",16,300,2,"gradient","fixed","housekeeping",0.2,0.88925,0.898333333333333,0.0373288115393481,0.86,0.911666666666667,40,0.985583333333333,0.986666666666667,0.011282124125639,0.98,0.996666666666667,40,0.98075,0.986666666666667,0.0202897459120066,0.9725,0.996666666666667,40
"samples",16,300,2,"gradient","fixed","marker",0.1,0.000583333333333333,0,0.00148832110617962,0,0,40,0.116083333333333,0.111666666666667,0.0446377473673178,0.0891666666666667,0.144166666666667,40,0.893916666666667,0.895,0.0352191955883683,0.876666666666667,0.92,40
"samples",16,300,2,"gradient","fixed","marker",0.2,0.00133333333333333,0,0.00259299956105795,0,0.000833333333333333,40,0.116083333333333,0.111666666666667,0.0446377473673178,0.0891666666666667,0.144166666666667,40,0.893916666666667,0.895,0.0352191955883683,0.876666666666667,0.92,40
"samples",16,300,2,"gradient","fixed","marker",0.01,0,0,0,0,0,40,0.116083333333333,0.111666666666667,0.0446377473673178,0.0891666666666667,0.144166666666667,40,0.893916666666667,0.895,0.0352191955883683,0.876666666666667,0.92,40
"samples",16,300,2,"gradient","fixed","marker",0.05,0.000333333333333333,0,0.00126310791124179,0,0,40,0.116083333333333,0.111666666666667,0.0446377473673178,0.0891666666666667,0.144166666666667,40,0.893916666666667,0.895,0.0352191955883683,0.876666666666667,0.92,40
"samples",16,300,2,"gradient","intercept","all",0.05,0.280444444444444,0.28,0.0217831262692054,0.266388888888889,0.2975,40,0.692388888888889,0.691111111111111,0.0199215778096219,0.681666666666667,0.711666666666667,40,0.878055555555556,0.877222222222222,0.0153150929948519,0.866666666666667,0.886666666666667,40
"samples",16,300,2,"gradient","intercept","all",0.1,0.317388888888889,0.32,0.0188738837668804,0.304166666666667,0.328611111111111,40,0.692388888888889,0.691111111111111,0.0199215778096219,0.681666666666667,0.711666666666667,40,0.878055555555556,0.877222222222222,0.0153150929948519,0.866666666666667,0.886666666666667,40
"samples",16,300,2,"gradient","intercept","all",0.01,0.181333333333333,0.182222222222222,0.0340662074407378,0.155555555555556,0.205833333333333,40,0.692388888888889,0.691111111111111,0.0199215778096219,0.681666666666667,0.711666666666667,40,0.878055555555556,0.877222222222222,0.0153150929948519,0.866666666666667,0.886666666666667,40
"samples",16,300,2,"gradient","intercept","all",0.2,0.356888888888889,0.356111111111111,0.0195472657902167,0.342222222222222,0.368333333333333,40,0.692388888888889,0.691111111111111,0.0199215778096219,0.681666666666667,0.711666666666667,40,0.878055555555556,0.877222222222222,0.0153150929948519,0.866666666666667,0.886666666666667,40
"samples",16,300,2,"gradient","intercept","background",0.1,0.00075,0,0.00176827051855213,0,0,40,0.31725,0.32,0.0353967138365605,0.2925,0.344166666666667,40,0.743166666666667,0.74,0.0294290396728873,0.726666666666667,0.758333333333333,40
"samples",16,300,2,"gradient","intercept","background",0.05,0,0,0,0,0,40,0.31725,0.32,0.0353967138365605,0.2925,0.344166666666667,40,0.743166666666667,0.74,0.0294290396728873,0.726666666666667,0.758333333333333,40
"samples",16,300,2,"gradient","intercept","background",0.01,0,0,0,0,0,40,0.31725,0.32,0.0353967138365605,0.2925,0.344166666666667,40,0.743166666666667,0.74,0.0294290396728873,0.726666666666667,0.758333333333333,40
"samples",16,300,2,"gradient","intercept","background",0.2,0.00475,0.00333333333333333,0.00458459578572839,0,0.00666666666666667,40,0.31725,0.32,0.0353967138365605,0.2925,0.344166666666667,40,0.743166666666667,0.74,0.0294290396728873,0.726666666666667,0.758333333333333,40
"samples",16,300,2,"gradient","intercept","housekeeping",0.05,0.80875,0.811666666666667,0.0551025332792348,0.766666666666667,0.853333333333333,40,0.994,0.996666666666667,0.00441442855726306,0.9925,0.996666666666667,40,0.992833333333333,0.993333333333333,0.00664740808045018,0.99,0.9975,40
"samples",16,300,2,"gradient","intercept","housekeeping",0.01,0.541333333333333,0.543333333333333,0.1007006791468,0.466666666666667,0.6175,40,0.994,0.996666666666667,0.00441442855726306,0.9925,0.996666666666667,40,0.992833333333333,0.993333333333333,0.00664740808045018,0.99,0.9975,40
"samples",16,300,2,"gradient","intercept","housekeeping",0.1,0.87825,0.886666666666667,0.0403332803559728,0.850833333333333,0.9075,40,0.994,0.996666666666667,0.00441442855726306,0.9925,0.996666666666667,40,0.992833333333333,0.993333333333333,0.00664740808045018,0.99,0.9975,40
"samples",16,300,2,"gradient","intercept","housekeeping",0.2,0.92575,0.926666666666667,0.0289314692770677,0.904166666666667,0.9475,40,0.994,0.996666666666667,0.00441442855726306,0.9925,0.996666666666667,40,0.992833333333333,0.993333333333333,0.00664740808045018,0.99,0.9975,40
"samples",16,300,2,"gradient","intercept","marker",0.01,0.00266666666666667,0.00166666666666667,0.00322030594359765,0,0.00416666666666667,40,0.765916666666667,0.77,0.0402802681222457,0.740833333333333,0.790833333333333,40,0.898166666666667,0.905,0.0292152830472813,0.879166666666667,0.9175,40
"samples",16,300,2,"gradient","intercept","marker",0.2,0.140166666666667,0.135,0.0345005057975227,0.12,0.164166666666667,40,0.765916666666667,0.77,0.0402802681222457,0.740833333333333,0.790833333333333,40,0.898166666666667,0.905,0.0292152830472813,0.879166666666667,0.9175,40
"samples",16,300,2,"gradient","intercept","marker",0.05,0.0325833333333333,0.03,0.0144901479448758,0.02,0.0408333333333333,40,0.765916666666667,0.77,0.0402802681222457,0.740833333333333,0.790833333333333,40,0.898166666666667,0.905,0.0292152830472813,0.879166666666667,0.9175,40
"samples",16,300,2,"gradient","intercept","marker",0.1,0.0731666666666667,0.075,0.0207817309644876,0.0566666666666667,0.0841666666666667,40,0.765916666666667,0.77,0.0402802681222457,0.740833333333333,0.790833333333333,40,0.898166666666667,0.905,0.0292152830472813,0.879166666666667,0.9175,40
"samples",16,300,2,"gradient","slope","all",0.1,0.318888888888889,0.322222222222222,0.0210066390868061,0.301944444444444,0.334722222222222,40,0.696861111111111,0.698888888888889,0.0245837618872299,0.684166666666667,0.716944444444444,40,0.877972222222222,0.877222222222222,0.0155329251339278,0.866666666666667,0.8875,40
"samples",16,300,2,"gradient","slope","all",0.01,0.1815,0.184444444444444,0.0353390398373458,0.153611111111111,0.208888888888889,40,0.696861111111111,0.698888888888889,0.0245837618872299,0.684166666666667,0.716944444444444,40,0.877972222222222,0.877222222222222,0.0155329251339278,0.866666666666667,0.8875,40
"samples",16,300,2,"gradient","slope","all",0.2,0.359222222222222,0.357777777777778,0.0230997671041486,0.343333333333333,0.373055555555556,40,0.696861111111111,0.698888888888889,0.0245837618872299,0.684166666666667,0.716944444444444,40,0.877972222222222,0.877222222222222,0.0155329251339278,0.866666666666667,0.8875,40
"samples",16,300,2,"gradient","slope","all",0.05,0.281361111111111,0.281666666666667,0.0234604966582223,0.261944444444444,0.299166666666667,40,0.696861111111111,0.698888888888889,0.0245837618872299,0.684166666666667,0.716944444444444,40,0.877972222222222,0.877222222222222,0.0155329251339278,0.866666666666667,0.8875,40
"samples",16,300,2,"gradient","slope","background",0.1,0.00125,0,0.00195206078556517,0,0.00333333333333333,40,0.323583333333333,0.32,0.0442499215316316,0.3,0.354166666666667,40,0.744,0.74,0.0279111328869206,0.7225,0.760833333333333,40
"samples",16,300,2,"gradient","slope","background",0.01,0,0,0,0,0,40,0.323583333333333,0.32,0.0442499215316316,0.3,0.354166666666667,40,0.744,0.74,0.0279111328869206,0.7225,0.760833333333333,40
"samples",16,300,2,"gradient","slope","background",0.2,0.00608333333333333,0.00333333333333333,0.00584156927750854,0.00333333333333333,0.0075,40,0.323583333333333,0.32,0.0442499215316316,0.3,0.354166666666667,40,0.744,0.74,0.0279111328869206,0.7225,0.760833333333333,40
"samples",16,300,2,"gradient","slope","background",0.05,0.00025,0,0.000889155942789728,0,0,40,0.323583333333333,0.32,0.0442499215316316,0.3,0.354166666666667,40,0.744,0.74,0.0279111328869206,0.7225,0.760833333333333,40
"samples",16,300,2,"gradient","slope","housekeeping",0.2,0.925666666666667,0.926666666666667,0.0292761680739474,0.901666666666667,0.9475,40,0.994,0.996666666666667,0.00484518146985059,0.9925,0.996666666666667,40,0.991916666666667,0.993333333333333,0.00715667162289488,0.986666666666667,0.996666666666667,40
"samples",16,300,2,"gradient","slope","housekeeping",0.1,0.878083333333333,0.881666666666667,0.0410953134350474,0.85,0.908333333333333,40,0.994,0.996666666666667,0.00484518146985059,0.9925,0.996666666666667,40,0.991916666666667,0.993333333333333,0.00715667162289488,0.986666666666667,0.996666666666667,40
"samples",16,300,2,"gradient","slope","housekeeping",0.05,0.80775,0.808333333333333,0.0587494923297457,0.765833333333333,0.8575,40,0.994,0.996666666666667,0.00484518146985059,0.9925,0.996666666666667,40,0.991916666666667,0.993333333333333,0.00715667162289488,0.986666666666667,0.996666666666667,40
"samples",16,300,2,"gradient","slope","housekeeping",0.01,0.542083333333333,0.55,0.105015770081507,0.460833333333333,0.624166666666667,40,0.994,0.996666666666667,0.00484518146985059,0.9925,0.996666666666667,40,0.991916666666667,0.993333333333333,0.00715667162289488,0.986666666666667,0.996666666666667,40
"samples",16,300,2,"gradient","slope","marker",0.2,0.145916666666667,0.143333333333333,0.0443919829265167,0.118333333333333,0.173333333333333,40,0.773,0.776666666666667,0.0407745521442493,0.745833333333333,0.798333333333333,40,0.898,0.896666666666667,0.0317378866229849,0.876666666666667,0.924166666666667,40
"samples",16,300,2,"gradient","slope","marker",0.01,0.00241666666666667,0.00166666666666667,0.00301822573868931,0,0.00333333333333333,40,0.773,0.776666666666667,0.0407745521442493,0.745833333333333,0.798333333333333,40,0.898,0.896666666666667,0.0317378866229849,0.876666666666667,0.924166666666667,40
"samples",16,300,2,"gradient","slope","marker",0.1,0.0773333333333333,0.08,0.0273647932356871,0.0566666666666667,0.0966666666666667,40,0.773,0.776666666666667,0.0407745521442493,0.745833333333333,0.798333333333333,40,0.898,0.896666666666667,0.0317378866229849,0.876666666666667,0.924166666666667,40
"samples",16,300,2,"gradient","slope","marker",0.05,0.0360833333333333,0.0366666666666667,0.016978073676215,0.0233333333333333,0.0441666666666667,40,0.773,0.776666666666667,0.0407745521442493,0.745833333333333,0.798333333333333,40,0.898,0.896666666666667,0.0317378866229849,0.876666666666667,0.924166666666667,40
"samples",24,300,2,"gradient","fixed","all",0.1,0.314972222222222,0.316111111111111,0.0065468216482662,0.310833333333333,0.319166666666667,40,0.397527777777778,0.395,0.0176338323056951,0.385277777777778,0.408055555555556,40,0.906888888888889,0.907222222222222,0.0114373750743484,0.902777777777778,0.915555555555556,40
"samples",24,300,2,"gradient","fixed","all",0.2,0.319916666666667,0.320555555555556,0.00606698651881117,0.3175,0.324444444444444,40,0.397527777777778,0.395,0.0176338323056951,0.385277777777778,0.408055555555556,40,0.906888888888889,0.907222222222222,0.0114373750743484,0.902777777777778,0.915555555555556,40
"samples",24,300,2,"gradient","fixed","all",0.05,0.309805555555556,0.31,0.00796433765381702,0.305277777777778,0.314444444444444,40,0.397527777777778,0.395,0.0176338323056951,0.385277777777778,0.408055555555556,40,0.906888888888889,0.907222222222222,0.0114373750743484,0.902777777777778,0.915555555555556,40
"samples",24,300,2,"gradient","fixed","all",0.01,0.296638888888889,0.296111111111111,0.00955975359979999,0.291111111111111,0.303611111111111,40,0.397527777777778,0.395,0.0176338323056951,0.385277777777778,0.408055555555556,40,0.906888888888889,0.907222222222222,0.0114373750743484,0.902777777777778,0.915555555555556,40
"samples",24,300,2,"gradient","fixed","background",0.1,0,0,0,0,0,40,5e-04,0,0.00142224893137313,0,0,40,0.79675,0.798333333333333,0.0261976652360027,0.783333333333333,0.814166666666667,40
"samples",24,300,2,"gradient","fixed","background",0.01,0,0,0,0,0,40,5e-04,0,0.00142224893137313,0,0,40,0.79675,0.798333333333333,0.0261976652360027,0.783333333333333,0.814166666666667,40
"samples",24,300,2,"gradient","fixed","background",0.05,0,0,0,0,0,40,5e-04,0,0.00142224893137313,0,0,40,0.79675,0.798333333333333,0.0261976652360027,0.783333333333333,0.814166666666667,40
"samples",24,300,2,"gradient","fixed","background",0.2,0,0,0,0,0,40,5e-04,0,0.00142224893137313,0,0,40,0.79675,0.798333333333333,0.0261976652360027,0.783333333333333,0.814166666666667,40
"samples",24,300,2,"gradient","fixed","housekeeping",0.01,0.88975,0.886666666666667,0.0286683312973256,0.873333333333333,0.910833333333333,40,0.993916666666667,0.993333333333333,0.00511338671007032,0.9925,0.996666666666667,40,0.985583333333333,0.986666666666667,0.011282124125639,0.98,0.993333333333333,40
"samples",24,300,2,"gradient","fixed","housekeeping",0.1,0.94325,0.945,0.0190738182153061,0.9325,0.956666666666667,40,0.993916666666667,0.993333333333333,0.00511338671007032,0.9925,0.996666666666667,40,0.985583333333333,0.986666666666667,0.011282124125639,0.98,0.993333333333333,40
"samples",24,300,2,"gradient","fixed","housekeeping",0.2,0.95575,0.956666666666667,0.0175247078325256,0.949166666666667,0.9675,40,0.993916666666667,0.993333333333333,0.00511338671007032,0.9925,0.996666666666667,40,0.985583333333333,0.986666666666667,0.011282124125639,0.98,0.993333333333333,40
"samples",24,300,2,"gradient","fixed","housekeeping",0.05,0.928416666666667,0.93,0.0236063092150771,0.915833333333333,0.943333333333333,40,0.993916666666667,0.993333333333333,0.00511338671007032,0.9925,0.996666666666667,40,0.985583333333333,0.986666666666667,0.011282124125639,0.98,0.993333333333333,40
"samples",24,300,2,"gradient","fixed","marker",0.1,0.00166666666666667,0,0.00261488180184245,0,0.00333333333333333,40,0.198166666666667,0.19,0.050224283294823,0.16,0.2275,40,0.938333333333333,0.94,0.0182730165518213,0.926666666666667,0.95,40
"samples",24,300,2,"gradient","fixed","marker",0.01,0.000166666666666667,0,0.000735738092877174,0,0,40,0.198166666666667,0.19,0.050224283294823,0.16,0.2275,40,0.938333333333333,0.94,0.0182730165518213,0.926666666666667,0.95,40
"samples",24,300,2,"gradient","fixed","marker",0.05,0.001,0,0.00172132593164774,0,0.00333333333333333,40,0.198166666666667,0.19,0.050224283294823,0.16,0.2275,40,0.938333333333333,0.94,0.0182730165518213,0.926666666666667,0.95,40
"samples",24,300,2,"gradient","fixed","marker",0.2,0.004,0.00333333333333333,0.00428340732916896,0,0.00666666666666667,40,0.198166666666667,0.19,0.050224283294823,0.16,0.2275,40,0.938333333333333,0.94,0.0182730165518213,0.926666666666667,0.95,40
"samples",24,300,2,"gradient","intercept","all",0.01,0.348055555555556,0.347777777777778,0.0121031495826319,0.340555555555556,0.355555555555556,40,0.788833333333333,0.783888888888889,0.0161661795875363,0.777777777777778,0.801111111111111,40,0.912472222222222,0.913333333333333,0.00873255507866756,0.9075,0.917777777777778,40
"samples",24,300,2,"gradient","intercept","all",0.1,0.459083333333333,0.458333333333333,0.0181563807712253,0.447777777777778,0.473611111111111,40,0.788833333333333,0.783888888888889,0.0161661795875363,0.777777777777778,0.801111111111111,40,0.912472222222222,0.913333333333333,0.00873255507866756,0.9075,0.917777777777778,40
"samples",24,300,2,"gradient","intercept","all",0.2,0.509611111111111,0.508333333333333,0.0222500537966492,0.496388888888889,0.524444444444444,40,0.788833333333333,0.783888888888889,0.0161661795875363,0.777777777777778,0.801111111111111,40,0.912472222222222,0.913333333333333,0.00873255507866756,0.9075,0.917777777777778,40
"samples",24,300,2,"gradient","intercept","all",0.05,0.416333333333333,0.415,0.0155945786474301,0.408611111111111,0.424722222222222,40,0.788833333333333,0.783888888888889,0.0161661795875363,0.777777777777778,0.801111111111111,40,0.912472222222222,0.913333333333333,0.00873255507866756,0.9075,0.917777777777778,40
"samples",24,300,2,"gradient","intercept","background",0.2,0.0566666666666667,0.0566666666666667,0.0225067258070273,0.0425,0.0708333333333333,40,0.46075,0.456666666666667,0.0394440532061974,0.43,0.488333333333333,40,0.803583333333333,0.805,0.0189824855547096,0.793333333333333,0.814166666666667,40
"samples",24,300,2,"gradient","intercept","background",0.1,0.0239166666666667,0.0216666666666667,0.0145764025044422,0.0133333333333333,0.0333333333333333,40,0.46075,0.456666666666667,0.0394440532061974,0.43,0.488333333333333,40,0.803583333333333,0.805,0.0189824855547096,0.793333333333333,0.814166666666667,40
"samples",24,300,2,"gradient","intercept","background",0.01,0.00025,0,0.000889155942789728,0,0,40,0.46075,0.456666666666667,0.0394440532061974,0.43,0.488333333333333,40,0.803583333333333,0.805,0.0189824855547096,0.793333333333333,0.814166666666667,40
"samples",24,300,2,"gradient","intercept","background",0.05,0.00833333333333333,0.00666666666666667,0.00769800358919501,0.0025,0.0133333333333333,40,0.46075,0.456666666666667,0.0394440532061974,0.43,0.488333333333333,40,0.803583333333333,0.805,0.0189824855547096,0.793333333333333,0.814166666666667,40
"samples",24,300,2,"gradient","intercept","housekeeping",0.1,0.983416666666667,0.983333333333333,0.0093822740061813,0.976666666666667,0.99,40,0.992,0.993333333333333,0.00682712872367928,0.986666666666667,0.996666666666667,40,0.98925,0.993333333333333,0.0113601367312505,0.983333333333333,0.9975,40
"samples",24,300,2,"gradient","intercept","housekeeping",0.05,0.975083333333333,0.976666666666667,0.0112213547942663,0.969166666666667,0.983333333333333,40,0.992,0.993333333333333,0.00682712872367928,0.986666666666667,0.996666666666667,40,0.98925,0.993333333333333,0.0113601367312505,0.983333333333333,0.9975,40
"samples",24,300,2,"gradient","intercept","housekeeping",0.2,0.988,0.99,0.00846645803632851,0.983333333333333,0.993333333333333,40,0.992,0.993333333333333,0.00682712872367928,0.986666666666667,0.996666666666667,40,0.98925,0.993333333333333,0.0113601367312505,0.983333333333333,0.9975,40
"samples",24,300,2,"gradient","intercept","housekeeping",0.01,0.94275,0.941666666666667,0.0177652867442497,0.929166666666667,0.956666666666667,40,0.992,0.993333333333333,0.00682712872367928,0.986666666666667,0.996666666666667,40,0.98925,0.993333333333333,0.0113601367312505,0.983333333333333,0.9975,40
"samples",24,300,2,"gradient","intercept","marker",0.2,0.484166666666667,0.485,0.0507142713832834,0.455,0.525,40,0.91375,0.913333333333333,0.0177058507560962,0.9,0.923333333333333,40,0.944583333333333,0.946666666666667,0.0165153386358382,0.936666666666667,0.954166666666667,40
"samples",24,300,2,"gradient","intercept","marker",0.01,0.101166666666667,0.105,0.022865268702128,0.0833333333333333,0.116666666666667,40,0.91375,0.913333333333333,0.0177058507560962,0.9,0.923333333333333,40,0.944583333333333,0.946666666666667,0.0165153386358382,0.936666666666667,0.954166666666667,40
"samples",24,300,2,"gradient","intercept","marker",0.1,0.369916666666667,0.371666666666667,0.0434120750725908,0.339166666666667,0.4,40,0.91375,0.913333333333333,0.0177058507560962,0.9,0.923333333333333,40,0.944583333333333,0.946666666666667,0.0165153386358382,0.936666666666667,0.954166666666667,40
"samples",24,300,2,"gradient","intercept","marker",0.05,0.265583333333333,0.26,0.0387951556584595,0.2425,0.286666666666667,40,0.91375,0.913333333333333,0.0177058507560962,0.9,0.923333333333333,40,0.944583333333333,0.946666666666667,0.0165153386358382,0.936666666666667,0.954166666666667,40
"samples",24,300,2,"gradient","slope","all",0.2,0.521527777777778,0.52,0.0242372565015593,0.502222222222222,0.543333333333333,40,0.797138888888889,0.795,0.0171153054762336,0.785555555555556,0.810277777777778,40,0.912111111111111,0.912222222222222,0.00796796371168117,0.905277777777778,0.917777777777778,40
"samples",24,300,2,"gradient","slope","all",0.1,0.469527777777778,0.470555555555556,0.0209370353487016,0.450833333333333,0.484444444444444,40,0.797138888888889,0.795,0.0171153054762336,0.785555555555556,0.810277777777778,40,0.912111111111111,0.912222222222222,0.00796796371168117,0.905277777777778,0.917777777777778,40
"samples",24,300,2,"gradient","slope","all",0.05,0.425972222222222,0.426111111111111,0.0182534086198299,0.415555555555556,0.435833333333333,40,0.797138888888889,0.795,0.0171153054762336,0.785555555555556,0.810277777777778,40,0.912111111111111,0.912222222222222,0.00796796371168117,0.905277777777778,0.917777777777778,40
"samples",24,300,2,"gradient","slope","all",0.01,0.351055555555556,0.354444444444444,0.013941382281456,0.34,0.360277777777778,40,0.797138888888889,0.795,0.0171153054762336,0.785555555555556,0.810277777777778,40,0.912111111111111,0.912222222222222,0.00796796371168117,0.905277777777778,0.917777777777778,40
"samples",24,300,2,"gradient","slope","background",0.1,0.0315,0.0283333333333333,0.0178303176617868,0.0191666666666667,0.0433333333333333,40,0.47825,0.475,0.0428938097792551,0.44,0.500833333333333,40,0.803,0.805,0.0193748449125307,0.7925,0.8175,40
"samples",24,300,2,"gradient","slope","background",0.01,0.000666666666666667,0,0.00135031915611156,0,0,40,0.47825,0.475,0.0428938097792551,0.44,0.500833333333333,40,0.803,0.805,0.0193748449125307,0.7925,0.8175,40
"samples",24,300,2,"gradient","slope","background",0.2,0.0695833333333333,0.0683333333333333,0.0281751491804219,0.05,0.0866666666666667,40,0.47825,0.475,0.0428938097792551,0.44,0.500833333333333,40,0.803,0.805,0.0193748449125307,0.7925,0.8175,40
"samples",24,300,2,"gradient","slope","background",0.05,0.0115,0.01,0.0109375330687331,0.00333333333333333,0.0166666666666667,40,0.47825,0.475,0.0428938097792551,0.44,0.500833333333333,40,0.803,0.805,0.0193748449125307,0.7925,0.8175,40
"samples",24,300,2,"gradient","slope","housekeeping",0.2,0.9885,0.99,0.00930490175021727,0.985833333333333,0.993333333333333,40,0.9925,0.993333333333333,0.00794389155926824,0.99,0.9975,40,0.99025,0.993333333333333,0.010110148352774,0.9825,1,40
"samples",24,300,2,"gradient","slope","housekeeping",0.1,0.984083333333333,0.986666666666667,0.0108732008041099,0.98,0.993333333333333,40,0.9925,0.993333333333333,0.00794389155926824,0.99,0.9975,40,0.99025,0.993333333333333,0.010110148352774,0.9825,1,40
"samples",24,300,2,"gradient","slope","housekeeping",0.05,0.976166666666667,0.976666666666667,0.0119721899973786,0.97,0.983333333333333,40,0.9925,0.993333333333333,0.00794389155926824,0.99,0.9975,40,0.99025,0.993333333333333,0.010110148352774,0.9825,1,40
"samples",24,300,2,"gradient","slope","housekeeping",0.01,0.943,0.94,0.0190784853693527,0.926666666666667,0.9575,40,0.9925,0.993333333333333,0.00794389155926824,0.99,0.9975,40,0.99025,0.993333333333333,0.010110148352774,0.9825,1,40
"samples",24,300,2,"gradient","slope","marker",0.01,0.1095,0.113333333333333,0.0268429005612529,0.0866666666666667,0.126666666666667,40,0.920666666666667,0.923333333333333,0.0188743030663205,0.903333333333333,0.933333333333333,40,0.943083333333333,0.943333333333333,0.0161437188441715,0.93,0.954166666666667,40
"samples",24,300,2,"gradient","slope","marker",0.2,0.5065,0.505,0.0489313141482375,0.479166666666667,0.541666666666667,40,0.920666666666667,0.923333333333333,0.0188743030663205,0.903333333333333,0.933333333333333,40,0.943083333333333,0.943333333333333,0.0161437188441715,0.93,0.954166666666667,40
"samples",24,300,2,"gradient","slope","marker",0.1,0.393,0.395,0.0437214701441632,0.3625,0.423333333333333,40,0.920666666666667,0.923333333333333,0.0188743030663205,0.903333333333333,0.933333333333333,40,0.943083333333333,0.943333333333333,0.0161437188441715,0.93,0.954166666666667,40
"samples",24,300,2,"gradient","slope","marker",0.05,0.29025,0.29,0.0404419143098894,0.26,0.316666666666667,40,0.920666666666667,0.923333333333333,0.0188743030663205,0.903333333333333,0.933333333333333,40,0.943083333333333,0.943333333333333,0.0161437188441715,0.93,0.954166666666667,40
"samples",30,300,2,"gradient","fixed","all",0.1,0.3225,0.322777777777778,0.00506213372476667,0.32,0.325555555555556,40,0.418055555555556,0.418888888888889,0.0172238304551927,0.407777777777778,0.4275,40,0.9265,0.926111111111111,0.0111183736948455,0.918888888888889,0.934166666666667,40
"samples",30,300,2,"gradient","fixed","all",0.05,0.318833333333333,0.32,0.00584136606068227,0.314444444444444,0.3225,40,0.418055555555556,0.418888888888889,0.0172238304551927,0.407777777777778,0.4275,40,0.9265,0.926111111111111,0.0111183736948455,0.918888888888889,0.934166666666667,40
"samples",30,300,2,"gradient","fixed","all",0.2,0.326444444444444,0.326666666666667,0.00483471670283873,0.323333333333333,0.328888888888889,40,0.418055555555556,0.418888888888889,0.0172238304551927,0.407777777777778,0.4275,40,0.9265,0.926111111111111,0.0111183736948455,0.918888888888889,0.934166666666667,40
"samples",30,300,2,"gradient","fixed","all",0.01,0.308916666666667,0.309444444444444,0.00735517553523794,0.303333333333333,0.314444444444444,40,0.418055555555556,0.418888888888889,0.0172238304551927,0.407777777777778,0.4275,40,0.9265,0.926111111111111,0.0111183736948455,0.918888888888889,0.934166666666667,40
"samples",30,300,2,"gradient","fixed","background",0.1,0,0,0,0,0,40,0.00075,0,0.00140967353922087,0,0,40,0.8375,0.838333333333333,0.0199250733250482,0.829166666666667,0.85,40
"samples",30,300,2,"gradient","fixed","background",0.01,0,0,0,0,0,40,0.00075,0,0.00140967353922087,0,0,40,0.8375,0.838333333333333,0.0199250733250482,0.829166666666667,0.85,40
"samples",30,300,2,"gradient","fixed","background",0.2,0,0,0,0,0,40,0.00075,0,0.00140967353922087,0,0,40,0.8375,0.838333333333333,0.0199250733250482,0.829166666666667,0.85,40
"samples",30,300,2,"gradient","fixed","background",0.05,0,0,0,0,0,40,0.00075,0,0.00140967353922087,0,0,40,0.8375,0.838333333333333,0.0199250733250482,0.829166666666667,0.85,40
"samples",30,300,2,"gradient","fixed","housekeeping",0.2,0.97425,0.973333333333333,0.0123571610898066,0.963333333333333,0.983333333333333,40,0.994333333333333,0.993333333333333,0.00434941132998237,0.993333333333333,0.996666666666667,40,0.981,0.983333333333333,0.0136751068371895,0.973333333333333,0.993333333333333,40
"samples",30,300,2,"gradient","fixed","housekeeping",0.1,0.965166666666667,0.968333333333333,0.0143808593904925,0.956666666666667,0.974166666666667,40,0.994333333333333,0.993333333333333,0.00434941132998237,0.993333333333333,0.996666666666667,40,0.981,0.983333333333333,0.0136751068371895,0.973333333333333,0.993333333333333,40
"samples",30,300,2,"gradient","fixed","housekeeping",0.05,0.955666666666667,0.956666666666667,0.0172331093242066,0.9425,0.966666666666667,40,0.994333333333333,0.993333333333333,0.00434941132998237,0.993333333333333,0.996666666666667,40,0.981,0.983333333333333,0.0136751068371895,0.973333333333333,0.993333333333333,40
"samples",30,300,2,"gradient","fixed","housekeeping",0.01,0.9265,0.926666666666667,0.0220068624365672,0.91,0.943333333333333,40,0.994333333333333,0.993333333333333,0.00434941132998237,0.993333333333333,0.996666666666667,40,0.981,0.983333333333333,0.0136751068371895,0.973333333333333,0.993333333333333,40
"samples",30,300,2,"gradient","fixed","marker",0.01,0.00025,0,0.000889155942789728,0,0,40,0.259083333333333,0.261666666666667,0.0513353729198543,0.229166666666667,0.294166666666667,40,0.961,0.963333333333333,0.0142864468676632,0.956666666666667,0.97,40
"samples",30,300,2,"gradient","fixed","marker",0.1,0.00233333333333333,0,0.00322030594359765,0,0.00333333333333333,40,0.259083333333333,0.261666666666667,0.0513353729198543,0.229166666666667,0.294166666666667,40,0.961,0.963333333333333,0.0142864468676632,0.956666666666667,0.97,40
"samples",30,300,2,"gradient","fixed","marker",0.2,0.00508333333333333,0.00333333333333333,0.00569837783685059,0,0.00666666666666667,40,0.259083333333333,0.261666666666667,0.0513353729198543,0.229166666666667,0.294166666666667,40,0.961,0.963333333333333,0.0142864468676632,0.956666666666667,0.97,40
"samples",30,300,2,"gradient","fixed","marker",0.05,0.000833333333333333,0,0.00164516038930942,0,0,40,0.259083333333333,0.261666666666667,0.0513353729198543,0.229166666666667,0.294166666666667,40,0.961,0.963333333333333,0.0142864468676632,0.956666666666667,0.97,40
"samples",30,300,2,"gradient","intercept","all",0.2,0.597277777777778,0.600555555555556,0.0259957748533248,0.578611111111111,0.613611111111111,40,0.839888888888889,0.838333333333333,0.016741144134514,0.8275,0.850277777777778,40,0.932416666666667,0.931666666666667,0.0110048695659108,0.925555555555556,0.938888888888889,40
"samples",30,300,2,"gradient","intercept","all",0.1,0.54575,0.547777777777778,0.0257915371226267,0.530833333333333,0.561388888888889,40,0.839888888888889,0.838333333333333,0.016741144134514,0.8275,0.850277777777778,40,0.932416666666667,0.931666666666667,0.0110048695659108,0.925555555555556,0.938888888888889,40
"samples",30,300,2,"gradient","intercept","all",0.05,0.498194444444444,0.498888888888889,0.0251789260279854,0.482222222222222,0.511944444444444,40,0.839888888888889,0.838333333333333,0.016741144134514,0.8275,0.850277777777778,40,0.932416666666667,0.931666666666667,0.0110048695659108,0.925555555555556,0.938888888888889,40
"samples",30,300,2,"gradient","intercept","all",0.01,0.413333333333333,0.414444444444444,0.0165073103415886,0.403055555555556,0.421388888888889,40,0.839888888888889,0.838333333333333,0.016741144134514,0.8275,0.850277777777778,40,0.932416666666667,0.931666666666667,0.0110048695659108,0.925555555555556,0.938888888888889,40
"samples",30,300,2,"gradient","intercept","background",0.01,0.002,0,0.00476214895588774,0,0.00333333333333333,40,0.558583333333333,0.556666666666667,0.0435915220853872,0.525833333333333,0.5875,40,0.843416666666667,0.845,0.0252676555294395,0.828333333333333,0.864166666666667,40
"samples",30,300,2,"gradient","intercept","background",0.2,0.118666666666667,0.118333333333333,0.035371854505639,0.0991666666666667,0.136666666666667,40,0.558583333333333,0.556666666666667,0.0435915220853872,0.525833333333333,0.5875,40,0.843416666666667,0.845,0.0252676555294395,0.828333333333333,0.864166666666667,40
"samples",30,300,2,"gradient","intercept","background",0.1,0.0650833333333333,0.06,0.0268581533032411,0.0458333333333333,0.0766666666666667,40,0.558583333333333,0.556666666666667,0.0435915220853872,0.525833333333333,0.5875,40,0.843416666666667,0.845,0.0252676555294395,0.828333333333333,0.864166666666667,40
"samples",30,300,2,"gradient","intercept","background",0.05,0.02925,0.0233333333333333,0.0203598328093035,0.0158333333333333,0.0375,40,0.558583333333333,0.556666666666667,0.0435915220853872,0.525833333333333,0.5875,40,0.843416666666667,0.845,0.0252676555294395,0.828333333333333,0.864166666666667,40
"samples",30,300,2,"gradient","intercept","housekeeping",0.1,0.98775,0.99,0.00851971068085472,0.983333333333333,0.993333333333333,40,0.990583333333333,0.99,0.00703623102296584,0.986666666666667,0.993333333333333,40,0.987166666666667,0.986666666666667,0.0100298699193105,0.979166666666667,0.996666666666667,40
"samples",30,300,2,"gradient","intercept","housekeeping",0.05,0.986666666666667,0.986666666666667,0.00896336322715308,0.9825,0.993333333333333,40,0.990583333333333,0.99,0.00703623102296584,0.986666666666667,0.993333333333333,40,0.987166666666667,0.986666666666667,0.0100298699193105,0.979166666666667,0.996666666666667,40
"samples",30,300,2,"gradient","intercept","housekeeping",0.2,0.98875,0.99,0.00797744327084819,0.983333333333333,0.993333333333333,40,0.990583333333333,0.99,0.00703623102296584,0.986666666666667,0.993333333333333,40,0.987166666666667,0.986666666666667,0.0100298699193105,0.979166666666667,0.996666666666667,40
"samples",30,300,2,"gradient","intercept","housekeeping",0.01,0.981166666666667,0.983333333333333,0.0102823390202082,0.973333333333333,0.99,40,0.990583333333333,0.99,0.00703623102296584,0.986666666666667,0.993333333333333,40,0.987166666666667,0.986666666666667,0.0100298699193105,0.979166666666667,0.996666666666667,40
"samples",30,300,2,"gradient","intercept","marker",0.01,0.256833333333333,0.256666666666667,0.0467334686709332,0.23,0.283333333333333,40,0.9705,0.973333333333333,0.0143133432457897,0.963333333333333,0.98,40,0.966666666666667,0.97,0.0156529308761728,0.959166666666667,0.98,40
"samples",30,300,2,"gradient","intercept","marker",0.2,0.684416666666667,0.695,0.0566107693136138,0.648333333333333,0.7175,40,0.9705,0.973333333333333,0.0143133432457897,0.963333333333333,0.98,40,0.966666666666667,0.97,0.0156529308761728,0.959166666666667,0.98,40
"samples",30,300,2,"gradient","intercept","marker",0.1,0.584416666666667,0.59,0.0627089669019872,0.555833333333333,0.625,40,0.9705,0.973333333333333,0.0143133432457897,0.963333333333333,0.98,40,0.966666666666667,0.97,0.0156529308761728,0.959166666666667,0.98,40
"samples",30,300,2,"gradient","intercept","marker",0.05,0.478666666666667,0.483333333333333,0.0625744001613723,0.445833333333333,0.52,40,0.9705,0.973333333333333,0.0143133432457897,0.963333333333333,0.98,40,0.966666666666667,0.97,0.0156529308761728,0.959166666666667,0.98,40
"samples",30,300,2,"gradient","slope","all",0.1,0.563388888888889,0.561666666666667,0.0277805696602669,0.543888888888889,0.578888888888889,40,0.848222222222222,0.847777777777778,0.0175335792341363,0.833055555555556,0.862222222222222,40,0.930694444444444,0.93,0.0109176534427118,0.924444444444444,0.939166666666667,40
"samples",30,300,2,"gradient","slope","all",0.01,0.425944444444444,0.425,0.0198355856733804,0.413611111111111,0.435555555555556,40,0.848222222222222,0.847777777777778,0.0175335792341363,0.833055555555556,0.862222222222222,40,0.930694444444444,0.93,0.0109176534427118,0.924444444444444,0.939166666666667,40
"samples",30,300,2,"gradient","slope","all",0.2,0.613666666666667,0.609444444444444,0.026938547538112,0.597222222222222,0.630833333333333,40,0.848222222222222,0.847777777777778,0.0175335792341363,0.833055555555556,0.862222222222222,40,0.930694444444444,0.93,0.0109176534427118,0.924444444444444,0.939166666666667,40
"samples",30,300,2,"gradient","slope","all",0.05,0.514611111111111,0.512777777777778,0.0259282253762528,0.499444444444444,0.529444444444444,40,0.848222222222222,0.847777777777778,0.0175335792341363,0.833055555555556,0.862222222222222,40,0.930694444444444,0.93,0.0109176534427118,0.924444444444444,0.939166666666667,40
"samples",30,300,2,"gradient","slope","background",0.1,0.087,0.0766666666666667,0.0389447705949741,0.0591666666666667,0.119166666666667,40,0.582,0.585,0.0457467324818236,0.543333333333333,0.618333333333333,40,0.840833333333333,0.843333333333333,0.0237718260783583,0.826666666666667,0.86,40
"samples",30,300,2,"gradient","slope","background",0.01,0.00625,0.00333333333333333,0.00824094080873691,0,0.0108333333333333,40,0.582,0.585,0.0457467324818236,0.543333333333333,0.618333333333333,40,0.840833333333333,0.843333333333333,0.0237718260783583,0.826666666666667,0.86,40
"samples",30,300,2,"gradient","slope","background",0.2,0.14425,0.135,0.0444721334688438,0.113333333333333,0.174166666666667,40,0.582,0.585,0.0457467324818236,0.543333333333333,0.618333333333333,40,0.840833333333333,0.843333333333333,0.0237718260783583,0.826666666666667,0.86,40
"samples",30,300,2,"gradient","slope","background",0.05,0.0455,0.0366666666666667,0.028077527995669,0.0266666666666667,0.0675,40,0.582,0.585,0.0457467324818236,0.543333333333333,0.618333333333333,40,0.840833333333333,0.843333333333333,0.0237718260783583,0.826666666666667,0.86,40
"samples",30,300,2,"gradient","slope","housekeeping",0.2,0.989416666666667,0.99,0.00794882133927797,0.983333333333333,0.996666666666667,40,0.99025,0.99,0.00785870595322534,0.986666666666667,0.996666666666667,40,0.98725,0.991666666666667,0.0119086623646923,0.975833333333333,1,40
"samples",30,300,2,"gradient","slope","housekeeping",0.1,0.988583333333333,0.99,0.00816103940087071,0.983333333333333,0.996666666666667,40,0.99025,0.99,0.00785870595322534,0.986666666666667,0.996666666666667,40,0.98725,0.991666666666667,0.0119086623646923,0.975833333333333,1,40
"samples",30,300,2,"gradient","slope","housekeeping",0.05,0.987166666666667,0.986666666666667,0.00882078612178461,0.9825,0.994166666666667,40,0.99025,0.99,0.00785870595322534,0.986666666666667,0.996666666666667,40,0.98725,0.991666666666667,0.0119086623646923,0.975833333333333,1,40
"samples",30,300,2,"gradient","slope","housekeeping",0.01,0.981416666666667,0.983333333333333,0.0101803536844061,0.975833333333333,0.99,40,0.99025,0.99,0.00785870595322534,0.986666666666667,0.996666666666667,40,0.98725,0.991666666666667,0.0119086623646923,0.975833333333333,1,40
"samples",30,300,2,"gradient","slope","marker",0.2,0.707333333333333,0.708333333333333,0.050968958767418,0.675833333333333,0.743333333333333,40,0.972416666666667,0.976666666666667,0.0150967912290362,0.963333333333333,0.983333333333333,40,0.964,0.97,0.0165069268029707,0.95,0.973333333333333,40
"samples",30,300,2,"gradient","slope","marker",0.01,0.290166666666667,0.29,0.0516836200473282,0.2625,0.324166666666667,40,0.972416666666667,0.976666666666667,0.0150967912290362,0.963333333333333,0.983333333333333,40,0.964,0.97,0.0165069268029707,0.95,0.973333333333333,40
"samples",30,300,2,"gradient","slope","marker",0.1,0.614583333333333,0.62,0.057989524056375,0.5825,0.656666666666667,40,0.972416666666667,0.976666666666667,0.0150967912290362,0.963333333333333,0.983333333333333,40,0.964,0.97,0.0165069268029707,0.95,0.973333333333333,40
"samples",30,300,2,"gradient","slope","marker",0.05,0.511166666666667,0.511666666666667,0.0581899336317578,0.48,0.546666666666667,40,0.972416666666667,0.976666666666667,0.0150967912290362,0.963333333333333,0.983333333333333,40,0.964,0.97,0.0165069268029707,0.95,0.973333333333333,40
"samples",4,300,2,"gradient","fixed","all",0.1,0.0703333333333333,0.0694444444444444,0.027646069519205,0.0477777777777778,0.0916666666666667,40,0.248166666666667,0.249444444444444,0.0285743893459812,0.235,0.265833333333333,40,0.73,0.725555555555556,0.0350028262776032,0.717777777777778,0.753888888888889,40
"samples",4,300,2,"gradient","fixed","all",0.05,0.0543055555555556,0.0538888888888889,0.0231271414654875,0.0375,0.0727777777777778,40,0.248166666666667,0.249444444444444,0.0285743893459812,0.235,0.265833333333333,40,0.73,0.725555555555556,0.0350028262776032,0.717777777777778,0.753888888888889,40
"samples",4,300,2,"gradient","fixed","all",0.01,0.0289444444444444,0.0277777777777778,0.0151680467526925,0.0180555555555556,0.0391666666666667,40,0.248166666666667,0.249444444444444,0.0285743893459812,0.235,0.265833333333333,40,0.73,0.725555555555556,0.0350028262776032,0.717777777777778,0.753888888888889,40
"samples",4,300,2,"gradient","fixed","all",0.2,0.0898888888888889,0.09,0.0303778046630159,0.0730555555555556,0.111944444444444,40,0.248166666666667,0.249444444444444,0.0285743893459812,0.235,0.265833333333333,40,0.73,0.725555555555556,0.0350028262776032,0.717777777777778,0.753888888888889,40
"samples",4,300,2,"gradient","fixed","background",0.2,0,0,0,0,0,40,0,0,0,0,0,40,0.577916666666667,0.583333333333333,0.0325522809823059,0.565833333333333,0.594166666666667,40
"samples",4,300,2,"gradient","fixed","background",0.1,0,0,0,0,0,40,0,0,0,0,0,40,0.577916666666667,0.583333333333333,0.0325522809823059,0.565833333333333,0.594166666666667,40
"samples",4,300,2,"gradient","fixed","background",0.05,0,0,0,0,0,40,0,0,0,0,0,40,0.577916666666667,0.583333333333333,0.0325522809823059,0.565833333333333,0.594166666666667,40
"samples",4,300,2,"gradient","fixed","background",0.01,0,0,0,0,0,40,0,0,0,0,0,40,0.577916666666667,0.583333333333333,0.0325522809823059,0.565833333333333,0.594166666666667,40
"samples",4,300,2,"gradient","fixed","housekeeping",0.1,0.210916666666667,0.208333333333333,0.0828446784093024,0.143333333333333,0.275,40,0.722,0.733333333333333,0.0777746031098127,0.69,0.7675,40,0.88925,0.9,0.0386413673497105,0.871666666666667,0.914166666666667,40
"samples",4,300,2,"gradient","fixed","housekeeping",0.01,0.0868333333333333,0.0833333333333333,0.0455041402580774,0.0541666666666667,0.1175,40,0.722,0.733333333333333,0.0777746031098127,0.69,0.7675,40,0.88925,0.9,0.0386413673497105,0.871666666666667,0.914166666666667,40
"samples",4,300,2,"gradient","fixed","housekeeping",0.2,0.2695,0.27,0.0909824503286555,0.219166666666667,0.335833333333333,40,0.722,0.733333333333333,0.0777746031098127,0.69,0.7675,40,0.88925,0.9,0.0386413673497105,0.871666666666667,0.914166666666667,40
"samples",4,300,2,"gradient","fixed","housekeeping",0.05,0.162916666666667,0.161666666666667,0.0693814243964626,0.1125,0.218333333333333,40,0.722,0.733333333333333,0.0777746031098127,0.69,0.7675,40,0.88925,0.9,0.0386413673497105,0.871666666666667,0.914166666666667,40
"samples",4,300,2,"gradient","fixed","marker",0.2,0.000166666666666667,0,0.000735738092877174,0,0,40,0.0225,0.0183333333333333,0.0146322439872551,0.01,0.0333333333333333,40,0.722833333333333,0.726666666666667,0.0659169381497862,0.69,0.7575,40
"samples",4,300,2,"gradient","fixed","marker",0.1,8.33333333333333e-05,0,0.00052704627669473,0,0,40,0.0225,0.0183333333333333,0.0146322439872551,0.01,0.0333333333333333,40,0.722833333333333,0.726666666666667,0.0659169381497862,0.69,0.7575,40
"samples",4,300,2,"gradient","fixed","marker",0.05,0,0,0,0,0,40,0.0225,0.0183333333333333,0.0146322439872551,0.01,0.0333333333333333,40,0.722833333333333,0.726666666666667,0.0659169381497862,0.69,0.7575,40
"samples",4,300,2,"gradient","fixed","marker",0.01,0,0,0,0,0,40,0.0225,0.0183333333333333,0.0146322439872551,0.01,0.0333333333333333,40,0.722833333333333,0.726666666666667,0.0659169381497862,0.69,0.7575,40
"samples",4,300,2,"gradient","intercept","all",0.1,0,0,0,0,0,40,0.0605,0.0577777777777778,0.0226762032337665,0.0430555555555556,0.0766666666666667,40,0.730833333333333,0.733888888888889,0.0298924419879429,0.7125,0.749166666666667,40
"samples",4,300,2,"gradient","intercept","all",0.05,0,0,0,0,0,40,0.0605,0.0577777777777778,0.0226762032337665,0.0430555555555556,0.0766666666666667,40,0.730833333333333,0.733888888888889,0.0298924419879429,0.7125,0.749166666666667,40
"samples",4,300,2,"gradient","intercept","all",0.2,0,0,0,0,0,40,0.0605,0.0577777777777778,0.0226762032337665,0.0430555555555556,0.0766666666666667,40,0.730833333333333,0.733888888888889,0.0298924419879429,0.7125,0.749166666666667,40
"samples",4,300,2,"gradient","intercept","all",0.01,0,0,0,0,0,40,0.0605,0.0577777777777778,0.0226762032337665,0.0430555555555556,0.0766666666666667,40,0.730833333333333,0.733888888888889,0.0298924419879429,0.7125,0.749166666666667,40
"samples",4,300,2,"gradient","intercept","background",0.2,0,0,0,0,0,40,0.00025,0,0.000889155942789728,0,0,40,0.5715,0.568333333333333,0.0310311854903172,0.555,0.5975,40
"samples",4,300,2,"gradient","intercept","background",0.01,0,0,0,0,0,40,0.00025,0,0.000889155942789728,0,0,40,0.5715,0.568333333333333,0.0310311854903172,0.555,0.5975,40
"samples",4,300,2,"gradient","intercept","background",0.1,0,0,0,0,0,40,0.00025,0,0.000889155942789728,0,0,40,0.5715,0.568333333333333,0.0310311854903172,0.555,0.5975,40
"samples",4,300,2,"gradient","intercept","background",0.05,0,0,0,0,0,40,0.00025,0,0.000889155942789728,0,0,40,0.5715,0.568333333333333,0.0310311854903172,0.555,0.5975,40
"samples",4,300,2,"gradient","intercept","housekeeping",0.1,0,0,0,0,0,40,0.174166666666667,0.165,0.0683994885104416,0.1225,0.226666666666667,40,0.908416666666667,0.906666666666667,0.032087731411281,0.88,0.94,40
"samples",4,300,2,"gradient","intercept","housekeeping",0.2,0,0,0,0,0,40,0.174166666666667,0.165,0.0683994885104416,0.1225,0.226666666666667,40,0.908416666666667,0.906666666666667,0.032087731411281,0.88,0.94,40
"samples",4,300,2,"gradient","intercept","housekeeping",0.05,0,0,0,0,0,40,0.174166666666667,0.165,0.0683994885104416,0.1225,0.226666666666667,40,0.908416666666667,0.906666666666667,0.032087731411281,0.88,0.94,40
"samples",4,300,2,"gradient","intercept","housekeeping",0.01,0,0,0,0,0,40,0.174166666666667,0.165,0.0683994885104416,0.1225,0.226666666666667,40,0.908416666666667,0.906666666666667,0.032087731411281,0.88,0.94,40
"samples",4,300,2,"gradient","intercept","marker",0.1,0,0,0,0,0,40,0.00708333333333333,0.00666666666666667,0.00550511287861274,0.00333333333333333,0.01,40,0.712583333333333,0.72,0.064204478813515,0.664166666666667,0.754166666666667,40
"samples",4,300,2,"gradient","intercept","marker",0.01,0,0,0,0,0,40,0.00708333333333333,0.00666666666666667,0.00550511287861274,0.00333333333333333,0.01,40,0.712583333333333,0.72,0.064204478813515,0.664166666666667,0.754166666666667,40
"samples",4,300,2,"gradient","intercept","marker",0.05,0,0,0,0,0,40,0.00708333333333333,0.00666666666666667,0.00550511287861274,0.00333333333333333,0.01,40,0.712583333333333,0.72,0.064204478813515,0.664166666666667,0.754166666666667,40
"samples",4,300,2,"gradient","intercept","marker",0.2,0,0,0,0,0,40,0.00708333333333333,0.00666666666666667,0.00550511287861274,0.00333333333333333,0.01,40,0.712583333333333,0.72,0.064204478813515,0.664166666666667,0.754166666666667,40
"samples",4,300,2,"gradient","slope","all",0.01,0,0,0,0,0,40,0.0606388888888889,0.0644444444444444,0.0213650753585742,0.0427777777777778,0.0766666666666667,40,0.734777777777778,0.732777777777778,0.0260070363284278,0.717222222222222,0.748888888888889,40
"samples",4,300,2,"gradient","slope","all",0.1,0,0,0,0,0,40,0.0606388888888889,0.0644444444444444,0.0213650753585742,0.0427777777777778,0.0766666666666667,40,0.734777777777778,0.732777777777778,0.0260070363284278,0.717222222222222,0.748888888888889,40
"samples",4,300,2,"gradient","slope","all",0.2,0,0,0,0,0,40,0.0606388888888889,0.0644444444444444,0.0213650753585742,0.0427777777777778,0.0766666666666667,40,0.734777777777778,0.732777777777778,0.0260070363284278,0.717222222222222,0.748888888888889,40
"samples",4,300,2,"gradient","slope","all",0.05,0,0,0,0,0,40,0.0606388888888889,0.0644444444444444,0.0213650753585742,0.0427777777777778,0.0766666666666667,40,0.734777777777778,0.732777777777778,0.0260070363284278,0.717222222222222,0.748888888888889,40
"samples",4,300,2,"gradient","slope","background",0.1,0,0,0,0,0,40,8.33333333333333e-05,0,0.00052704627669473,0,0,40,0.577166666666667,0.576666666666667,0.0293767161709993,0.556666666666667,0.6,40
"samples",4,300,2,"gradient","slope","background",0.01,0,0,0,0,0,40,8.33333333333333e-05,0,0.00052704627669473,0,0,40,0.577166666666667,0.576666666666667,0.0293767161709993,0.556666666666667,0.6,40
"samples",4,300,2,"gradient","slope","background",0.05,0,0,0,0,0,40,8.33333333333333e-05,0,0.00052704627669473,0,0,40,0.577166666666667,0.576666666666667,0.0293767161709993,0.556666666666667,0.6,40
"samples",4,300,2,"gradient","slope","background",0.2,0,0,0,0,0,40,8.33333333333333e-05,0,0.00052704627669473,0,0,40,0.577166666666667,0.576666666666667,0.0293767161709993,0.556666666666667,0.6,40
"samples",4,300,2,"gradient","slope","housekeeping",0.01,0,0,0,0,0,40,0.175583333333333,0.178333333333333,0.0637542803434268,0.119166666666667,0.226666666666667,40,0.910333333333333,0.91,0.0316029498424821,0.8875,0.94,40
"samples",4,300,2,"gradient","slope","housekeeping",0.1,0,0,0,0,0,40,0.175583333333333,0.178333333333333,0.0637542803434268,0.119166666666667,0.226666666666667,40,0.910333333333333,0.91,0.0316029498424821,0.8875,0.94,40
"samples",4,300,2,"gradient","slope","housekeeping",0.2,0,0,0,0,0,40,0.175583333333333,0.178333333333333,0.0637542803434268,0.119166666666667,0.226666666666667,40,0.910333333333333,0.91,0.0316029498424821,0.8875,0.94,40
"samples",4,300,2,"gradient","slope","housekeeping",0.05,0,0,0,0,0,40,0.175583333333333,0.178333333333333,0.0637542803434268,0.119166666666667,0.226666666666667,40,0.910333333333333,0.91,0.0316029498424821,0.8875,0.94,40
"samples",4,300,2,"gradient","slope","marker",0.2,0,0,0,0,0,40,0.00625,0.00333333333333333,0.00540061724867322,0.00333333333333333,0.00666666666666667,40,0.716833333333333,0.716666666666667,0.0558485436610466,0.675833333333333,0.750833333333333,40
"samples",4,300,2,"gradient","slope","marker",0.1,0,0,0,0,0,40,0.00625,0.00333333333333333,0.00540061724867322,0.00333333333333333,0.00666666666666667,40,0.716833333333333,0.716666666666667,0.0558485436610466,0.675833333333333,0.750833333333333,40
"samples",4,300,2,"gradient","slope","marker",0.01,0,0,0,0,0,40,0.00625,0.00333333333333333,0.00540061724867322,0.00333333333333333,0.00666666666666667,40,0.716833333333333,0.716666666666667,0.0558485436610466,0.675833333333333,0.750833333333333,40
"samples",4,300,2,"gradient","slope","marker",0.05,0,0,0,0,0,40,0.00625,0.00333333333333333,0.00540061724867322,0.00333333333333333,0.00666666666666667,40,0.716833333333333,0.716666666666667,0.0558485436610466,0.675833333333333,0.750833333333333,40
